0.0023761515	-0.14761081	0.12808715	0.25827348	0.22469978	0.3429522	1.338323	-0.24368201	0.004171797	-0.29175824	-0.29249898	0.11035521	-0.41554716	-0.14627668	-0.20382218	0.8731575	0.22570886	-0.31555906	-0.087316126	-0.22643426	-0.9756424	-0.1563036	-0.022908397	-0.35556158	0.20659924	-0.36657017	-0.26862943	-0.24854474	-0.4036474	0.4909031	-0.28801617	0.17252196	0.23040341	0.3623823	0.23250872	-0.2773352	0.08832369	0.022193858	-0.060507145	-0.16326159	0.10120779	-0.9452992	-0.018638724	0.3254373	0.31292042	-0.20642345	0.113008805	-1.0925498	-0.1941018	0.13863108	0.15669753	-0.7342696	0.23942694	0.6572049	-0.3091013	0.06919634	0.028906016	-0.050761417	-0.5275388	-0.1482859	0.12292236	-0.44423953	-0.4220648	-0.22889325
-0.23174663	-0.30762622	-0.32652327	-0.2603734	-0.17499186	0.14145851	0.06608644	-0.33615026	0.38076124	-0.03838131	-0.13054639	0.27413958	-0.28582576	0.4538402	-0.0743563	-0.45323157	0.28788894	0.27031192	-0.1980321	-0.13828836	-0.6654191	0.22611794	-0.30891955	-0.19450994	-0.20765522	-0.34114447	-0.16820672	0.19158287	-0.8024242	0.01763658	-0.170331	0.00025812734	0.044407807	-0.0018208193	0.33825746	0.5011072	-0.0038116938	0.11742887	-0.32375598	-0.17399509	0.10016517	-0.25123754	0.011435044	-0.34024817	0.09088749	-0.6065615	0.15108487	-0.8699112	-0.21672677	-0.15736483	0.10529074	-0.7927557	0.121552415	0.13628636	-0.17219396	0.24215378	0.5848329	0.30264068	-0.3514193	-0.0047170254	0.20105584	0.31480825	0.12253467	-0.36741647
-0.20685041	-0.44126338	-0.29944685	-0.09446097	-0.10893549	-0.33474585	0.116162494	0.29226574	0.07459048	0.09937914	0.19181645	0.15453336	0.21151654	-0.022969512	0.34895906	0.3019075	0.1339809	-0.13176084	-0.14346525	0.18403609	-0.2705879	0.09300513	-0.15750034	0.23608872	0.3513814	-0.19621915	-0.17865567	0.31772974	-0.41266793	0.4756901	-0.2242724	-0.19140068	0.12258031	0.08719403	0.38345617	-0.014479655	0.09005392	-0.1555483	-0.060225144	-0.23863743	0.017659117	-0.31357554	0.23180059	0.23869286	0.037595082	0.16552444	0.24942066	0.006622796	0.33431023	-0.07915096	0.26845917	-0.5015046	0.08225366	0.30700767	-0.29143366	0.17581184	0.16122332	-0.17396273	-0.28011417	0.38023418	0.22307968	-0.22856459	0.19669552	-0.24666283
0.03831709	0.05456408	0.0944089	0.08281233	0.024373969	0.07563897	0.368264	-0.0025728769	0.071346305	-0.08411083	-0.009753661	-0.011354215	-0.23438132	-0.10838445	-0.14131723	0.113599546	0.0026062445	-0.114524335	0.05711466	-0.03590089	-0.22675218	-0.1546614	0.127574	-0.18035504	-0.063818045	-0.065397255	-0.06670809	-0.17114682	-0.0002593599	-0.003139118	-0.064776756	0.02986678	0.10582552	0.03615729	0.009550911	-0.16249365	0.024977988	0.07397919	-0.024549851	0.081646785	-0.052867293	-0.09442289	-0.13910595	-0.052201662	-0.04460659	-0.06423419	-0.017505735	-0.19614756	-0.105694726	0.028105475	-0.0518244	0.0064967955	-0.027380506	0.009977209	-0.07994535	0.040681385	-0.11149117	-0.031588458	-0.12513933	-0.02721306	-0.050938696	-0.13073766	-0.19850531	0.09764843
-0.2870877	0.032933295	0.19337536	0.41345504	-0.12985575	-0.1669781	0.105682686	0.037004363	-0.1633352	0.27718687	0.2454714	0.25961637	-0.022470303	-0.42883232	-0.12845325	0.20438823	0.22622941	-0.081618726	-0.2487646	0.18822882	-0.13930038	-0.33632022	-0.072472736	0.046937205	-0.017249815	0.21198232	-0.32418135	-0.18234582	0.04638234	0.063801184	-0.18600364	-0.13684408	0.06611843	-0.16142374	0.15086357	-0.32897118	0.2799288	-0.031582527	-0.19096968	-0.29139674	-0.16378504	-0.19040698	-0.11784001	0.15948534	-0.27638084	0.37236384	0.3457094	0.25171787	0.23650609	-0.16266434	-0.23593386	-0.029975528	-0.17956571	0.1857779	-0.13044314	0.07153123	-0.29829118	0.11703249	-0.22196595	0.08457791	0.25785202	-0.05318842	0.034585778	0.13368869
0.030857548	-0.9000786	-0.74388045	-0.2946469	0.23757908	-0.6332584	0.12965775	0.8727414	-0.25742352	-0.13109337	0.35233036	-0.2615966	1.1467929	-0.11039016	1.0348874	1.1807469	-0.29740894	-0.70982385	0.29712635	0.18271929	0.76260847	0.600389	0.30280596	0.74387366	1.0476928	-0.2343581	0.23869267	0.7923289	-0.041184783	1.0010635	-0.122998856	-0.1593877	0.10907823	0.5902043	0.18214767	-0.109154075	-0.16109966	-0.7854234	0.5822589	-0.02018707	0.22740592	-0.29406393	1.0862801	1.070716	0.34340483	0.36714184	0.057370614	0.501665	0.6384985	0.46429604	0.7589739	-0.18015598	0.51272875	0.56865734	-0.24749418	0.116358414	0.28569326	-0.75329876	0.08584293	0.62499607	0.021015411	-0.784106	0.41199288	-0.6671626
-0.21869448	-0.14727356	-0.09659221	0.012406604	-0.0539125	0.041337375	-0.08183087	-0.12588298	-0.099569626	0.11586743	-0.05175726	0.15479873	0.0731402	0.046883054	0.105115615	0.19033268	0.18796442	0.098481156	-0.19680825	-0.051481806	-0.20079927	-0.0169001	-0.24193816	0.16900438	0.045418497	0.037910584	-0.19350961	0.115921654	-0.110021204	0.025814006	0.025138937	0.06961117	-0.132925	-0.054845184	0.16038024	0.076026	0.1635814	-0.12497189	-0.20110005	-0.25890845	0.017469693	-0.31203604	0.05199843	0.14131209	-0.008415596	0.06479706	0.26372004	-0.10252693	0.21526743	0.010551841	0.07274599	-0.28195062	0.042498283	0.22682217	-0.024665978	-0.011705023	0.03803685	0.13917494	-0.19449826	-0.068610616	0.1986112	0.10978776	0.18019992	-0.20760743
0.18169959	0.27945292	0.39592606	0.59532213	0.3831229	0.08471692	0.41946816	0.18525109	-0.60215133	-0.0012635553	0.006269495	-0.26887563	0.119423285	-0.65830386	-0.087242484	0.8560117	-0.17670487	-0.3580498	0.11754219	-0.027627314	0.40621716	-0.4931871	0.33134097	0.1792049	0.18442956	0.37740576	0.05688009	-0.3552007	0.6006517	0.019963415	0.17499946	0.18375728	-0.12309089	-0.070560694	-0.22919275	-0.65273035	0.12649456	-0.23492254	0.2670018	0.07040786	-0.03693677	-0.3267593	-0.08372762	0.6699389	-0.019845273	0.51312107	-6.30411e-05	0.48675928	0.2395374	0.3650285	-0.25514755	0.45813236	0.03055401	0.30456102	0.13618824	-0.4432893	-0.6304037	-0.23871346	0.13747421	-0.23200376	-0.07944458	-0.4928998	-0.2889022	0.31992579
0.22377175	0.08492117	0.16559821	0.0055424576	0.27478755	0.10095871	0.2846956	0.05538372	-0.19544385	-0.24933888	-0.1946128	-0.20439337	-0.03300591	-0.077888414	-0.0423418	0.37644026	-0.23315413	-0.24050023	0.18944679	-0.11723865	0.11704969	-0.059265107	0.20622604	-0.060339503	0.16148874	0.012088436	0.16115166	-0.10910051	0.18727958	0.11467585	0.11615769	0.26165682	-0.04532403	0.13143761	-0.23768355	-0.1488485	-0.13781366	-0.07944788	0.22713056	0.20602316	0.21376655	-0.08264381	0.07001842	0.22242787	0.19413744	0.05645494	-0.24483734	0.009263563	-0.06557932	0.28587872	0.056806587	0.2086608	0.19309452	0.08341086	0.120505996	-0.21033013	-0.117110245	-0.22717337	0.19150722	-0.11501758	-0.20657626	-0.25724405	-0.2075513	0.027811825
0.53124166	-0.1618701	-0.008586743	-0.39313498	0.6155649	0.45050836	0.21907362	-0.1649457	-0.17278531	-0.5274838	-0.7411116	-0.36720634	-0.049798634	0.656761	-0.011811467	0.158648	-0.25662112	-0.016121654	0.25895664	-0.8231313	-0.015651051	0.38536957	0.16691463	-0.04550679	0.06864001	-0.15351373	0.5062442	0.09573816	0.063397944	-0.012814088	0.4595311	0.76071924	-0.34489074	0.20471683	-0.59317726	0.4162471	-0.43298826	-0.42351523	0.22275041	0.41642463	0.7322066	-0.1269001	0.3092536	0.15580615	0.48164657	-0.52945864	-0.4339306	-0.82526547	-0.34214053	0.60002583	0.26173732	-0.15405792	0.6811775	0.12384989	0.41954723	-0.34331292	0.4690782	-0.0984317	0.4482018	-0.35984775	-0.4731203	-0.14517942	-0.1864538	-0.32118696
0.050766256	-0.14807954	-0.103368886	-0.09655967	0.03199924	0.056419685	0.15057631	-0.10333329	-0.022274591	-0.078231245	-0.15141088	-0.050766703	0.07236936	0.17447428	0.028235372	0.09934206	-0.004332113	-0.04206299	-0.042638697	-0.15692449	-0.09305371	0.079773605	-0.08043808	0.07438629	0.121748894	-0.06501809	0.07241291	0.13222869	-0.1391444	0.14186682	-0.027458992	0.13565025	-0.0029934153	0.057846308	0.047664482	0.12026287	-0.0028967615	-0.08650586	0.03665117	-0.009253914	0.0785419	-0.18197265	0.0644305	0.18344292	0.07283725	-0.031476818	-0.007010812	-0.27099657	-0.008828561	0.073692374	0.13063563	-0.26947197	0.13962917	0.18885694	-0.0005124144	-0.023509463	0.13201194	-0.034136485	-0.03946594	-0.05119169	0.0311525	-0.0968627	0.069668725	-0.13883442
-0.102513075	0.0372755	0.13253783	0.15243696	0.011945996	0.21070303	-0.017649028	-0.15925537	-0.21787141	0.12202692	-0.11884436	0.117789455	-0.012414945	-0.08558244	-0.018678447	0.1576293	0.20436843	0.09657227	-0.19510378	-0.15574108	-0.061335504	-0.019530376	-0.21126094	0.16325152	-0.113228075	0.16411254	-0.099346735	-0.048313998	0.025570605	-0.067608826	0.12614112	0.0832346	-0.21137244	-0.09909636	0.012969007	0.06616646	0.20100895	-0.1767169	-0.15250939	-0.17269371	0.13719349	-0.30294654	0.04727109	0.16869117	-0.011440218	0.16128175	0.10072187	-0.12817337	0.12985113	0.025839543	-0.089647055	-0.10508904	0.07746394	0.30445334	0.06347686	-0.17410348	-0.013476138	0.1976182	0.026401607	-0.22246067	0.07841798	0.14467375	0.071308956	-0.1383694
0.16009721	0.70358926	0.71351373	0.9182422	0.080802344	0.18225087	0.54859126	-0.1229679	-0.31759322	0.027515845	-0.03467141	-0.110955454	-0.45486772	-0.9860382	-0.59787357	0.33637643	-0.057863157	-0.26435292	0.13852516	0.05320512	0.030260827	-0.8894493	0.4049319	-0.24074748	-0.27129248	0.59587836	-0.14646146	-0.7622247	0.5469658	-0.4074295	0.03518812	0.035003014	0.030677311	-0.40098032	-0.20934163	-0.91778183	0.26837578	0.20793432	0.05202219	0.08969789	-0.2373919	0.21344882	-0.642013	0.09223939	-0.23445155	0.49906278	-0.099419154	0.3716835	-0.3046466	-0.033161584	-0.64571106	0.58536553	-0.35726747	-0.1740555	0.09126515	-0.18243173	-0.99709177	0.12570715	0.030273624	-0.35162416	-0.060474224	-0.14014453	-0.642883	0.69923395
0.049135193	0.15495878	0.07746325	0.0120517565	-0.018898055	0.19489479	0.19183938	-0.25097913	0.11242199	-0.14246862	-0.0728252	0.02643991	-0.31106877	0.048935648	-0.2892644	-0.1784985	0.05374285	0.019653913	-0.011502439	-0.052506033	-0.2882156	-0.14638853	0.030727858	-0.24409784	-0.21720894	-0.026568923	-0.06443299	-0.21379939	-0.10366756	-0.17269139	-0.06299118	0.012628828	0.108272694	-0.09434508	-0.0050362363	-0.043542877	-0.012945235	0.1944239	-0.054325346	0.0087337345	-0.0069250683	0.07221428	-0.2051768	-0.20593475	0.0030338506	-0.25123543	-0.06105934	-0.33190197	-0.3019831	-0.115614645	-0.15329632	-0.11692807	-0.03529718	-0.11889202	-0.06661711	0.07301936	-0.013780923	0.14503196	-0.07160417	-0.06422712	-0.010843921	0.017774526	-0.19857003	0.1616054
-0.32987028	0.20799424	0.12928224	0.26018813	-0.3976423	0.0053464733	0.14393678	-0.26257715	0.5733853	0.30530918	0.24274729	0.48772192	-0.44411373	-0.14641747	-0.40725997	-0.515079	0.4006516	0.29264864	-0.2724404	0.30681723	-0.58706355	-0.25820887	-0.22469719	-0.46654817	-0.47101822	-0.12933622	-0.38676664	-0.2756786	-0.4997619	-0.22234723	-0.33512372	-0.32186198	0.35965443	-0.33357704	0.41814044	-0.12538289	0.23325548	0.48302403	-0.45134032	-0.26975772	-0.41103646	0.13209985	-0.4375347	-0.53575575	-0.39962012	-0.24612069	0.3378624	-0.31043217	-0.31324568	-0.5016217	-0.41989252	-0.3724245	-0.4219873	-0.2653763	-0.37650737	0.47056657	-0.08671536	0.4924633	-0.4263907	0.11114428	0.33257613	0.40958354	-0.14708719	0.18093534
-0.13263273	0.30787033	0.24384831	0.30616668	-0.19913554	0.13206282	0.17727344	-0.29089576	0.099901855	0.16596438	0.084465556	0.27469695	-0.28709924	-0.23862201	-0.34737495	-0.14723776	0.22972287	0.15422642	-0.24679506	0.15561296	-0.2464577	-0.39040068	-0.15232085	-0.16358566	-0.3186078	0.097465165	-0.2668478	-0.28767994	-0.06799888	-0.2310517	-0.14611885	-0.09219852	0.14323832	-0.28024137	0.11173128	-0.12174931	0.22784658	0.19698311	-0.28297484	-0.17842166	-0.18227446	-0.061931852	-0.29645324	-0.14259753	-0.19700311	0.050989762	0.23730141	-0.19882005	-0.17122929	-0.2124842	-0.34929842	-0.0725354	-0.21528931	-0.07592378	-0.14154552	0.111549474	-0.29807755	0.2615667	-0.20116974	-0.14696607	0.17259085	0.2190562	-0.14767158	0.18578117
-0.016531942	-0.6208241	-0.7446885	-0.16016528	-0.049709734	-0.8801898	0.5017226	1.087762	0.44607618	0.013951472	0.5903019	-0.15511644	0.8555547	-0.20442232	0.83994246	0.7247319	-0.4118365	-1.005679	0.41932246	0.44406936	0.74576265	0.2560544	0.63542384	0.26438105	1.029845	-0.37139446	0.026346762	0.6014476	-0.25795674	0.8660084	-0.5364256	-0.45015803	0.87135434	0.5084247	0.40879267	-0.47818756	-0.14490843	0.1488093	0.6893637	0.02572116	-0.18383126	0.18184838	0.6951353	0.34484267	0.15600185	0.31753236	0.013094281	0.6403616	0.39406475	0.017076707	0.52230424	-0.10209744	-0.0016194893	-0.07381849	-0.6763904	0.58278275	-0.053441282	-0.9548971	-0.15669209	0.8412899	0.004516843	-0.9865517	0.10721796	-0.077435635
0.33406642	0.30769232	0.32422107	0.01860035	0.0561029	0.30099463	0.4228612	-0.3121469	0.20911054	-0.31354326	-0.20247649	-0.17985003	-0.53830355	0.14822121	-0.45964977	-0.27744064	-0.17243272	-0.025346756	0.20539707	-0.2477629	-0.22112979	-0.16806269	0.2915239	-0.5818353	-0.30841324	-0.065296166	0.13465604	-0.306815	0.005990582	-0.31406978	0.05777583	0.0850629	0.1514624	-0.04549584	-0.2262008	-0.12024916	-0.25230843	0.32069975	0.008759201	0.25298056	0.099914975	0.31296962	-0.2845746	-0.36850628	0.08424907	-0.5026975	-0.30689383	-0.5368688	-0.63474876	0.09220624	-0.170034	0.17112395	0.07046431	-0.30368316	0.08470146	0.067065574	0.016034368	0.08336522	0.030734552	-0.20587195	-0.20115677	0.011454215	-0.45274368	0.24783872
-0.16828513	-0.124670394	-0.2048043	0.05836659	-0.18835151	-0.1322937	0.054887835	-0.005410761	0.27163973	0.047113743	0.14215899	0.19480976	-0.053017586	0.0018549795	0.08199466	-0.12062534	0.10219837	0.03340211	-0.017204115	0.148009	-0.17795339	-0.04263132	-0.060090233	-0.12764145	0.016306968	-0.15129814	-0.19299111	0.046208136	-0.28473192	0.1235709	-0.28969076	-0.23806089	0.20765932	0.012238213	0.28937942	-0.025540406	0.046898983	0.2114172	-0.063437305	-0.09457626	-0.18670683	0.016770769	-0.050071567	-0.1140354	-0.10123364	-0.08644424	0.1220564	-0.16294268	0.014757384	-0.19099376	0.06864153	-0.20580082	-0.107395045	-0.06423476	-0.29747802	0.25970277	0.005303789	-0.035987303	-0.21491481	0.1851014	0.115585744	-0.015514777	0.05281115	-0.016900659
-0.10652579	0.020839578	0.098374285	0.14389777	0.009059803	0.11813596	0.062511005	-0.078595236	-0.19805357	0.018363902	-0.05503392	0.027135486	0.03822418	-0.14804839	-0.044928495	0.25972185	0.093325324	0.029954571	-0.09422234	-0.012473603	-0.026138999	-0.1338702	-0.074448265	0.03773458	0.031854812	0.10044788	-0.022090271	-0.069435485	0.049655635	0.02407066	0.033346493	0.063808724	-0.05791005	0.026847659	-0.055351086	-0.08571059	0.06825442	-0.19371012	-0.044769824	-0.05697271	0.08409519	-0.19848923	-0.0017497797	0.23923934	0.003862314	0.16920039	0.115523145	-0.03617446	0.099284686	0.04418409	-0.010116856	-0.070052415	-0.008044738	0.17797095	0.02578471	-0.13234302	-0.0721099	0.022075534	-0.030442953	-0.118494354	0.019661503	-0.03123098	0.006051672	0.043614957
0.03188607	0.12846886	0.054275185	0.06541743	-0.13745068	-0.050301183	0.29204085	0.02684782	0.22139023	0.0358636	0.10526205	0.02534244	-0.20563892	-0.077508606	-0.17703915	-0.14109865	0.03324917	-0.14070655	0.08384787	0.119939454	-0.1866471	-0.13520779	0.13772641	-0.30423167	-0.048079964	-0.07107433	-0.083540134	-0.16788027	-0.118024655	0.013460632	-0.18382367	-0.10850871	0.31297988	-0.026937386	0.14348632	-0.23235647	0.037575904	0.29782847	-0.02514392	0.0131916925	-0.19028652	0.1670818	-0.11116805	-0.24867512	-0.10449613	-0.118449256	0.015174695	-0.04099925	-0.18052484	-0.114144094	-0.12611192	0.008463543	-0.1651235	-0.17403059	-0.16364114	0.17048834	-0.112380125	-0.029831547	-0.1420093	0.0705797	-0.028971877	-0.033445925	-0.22413684	0.20725384
-0.22241744	-0.55270094	-0.32591844	0.14155903	0.031130537	-0.40274724	-0.016110396	0.5186858	-0.31281096	0.24499546	0.26422563	0.12348292	0.7947657	-0.34798628	0.73126996	1.0208192	0.12462492	-0.34992906	-0.14679377	0.33000296	0.39261693	0.08931652	-0.095753714	0.6327604	0.7254312	-0.022608686	-0.12559773	0.3695627	-0.06898129	0.6313776	-0.10813888	-0.12601987	0.047488872	0.2696267	0.24422814	-0.23105124	0.3090988	-0.41995212	0.19485372	-0.30639413	-0.08368252	-0.4809636	0.6552129	0.90321565	-0.024380371	0.5451267	0.32961625	0.4342429	0.721893	0.04461492	0.39805838	-0.11978924	0.10333531	0.53524774	-0.21860126	-0.030782662	-0.104376785	-0.4943884	-0.13535416	0.31164396	0.2585636	-0.46240982	0.3409145	-0.35494173
0.025388194	-0.3559741	-0.23745552	-0.36178923	0.13320944	0.022264723	-0.012233355	0.021354018	0.014598821	-0.20978	-0.23067342	-0.075107306	0.16171263	0.3921305	0.1769607	0.0938273	0.015573867	0.017343367	0.042639263	-0.28977346	-0.10734762	0.3927371	-0.12610073	0.08988615	0.12640871	-0.25112656	0.14770818	0.37265328	-0.21462195	0.18756288	0.078706965	0.21120618	-0.085036844	0.2338604	-0.029957322	0.3299517	-0.11392257	-0.20796265	0.078939065	0.01822664	0.3250566	-0.14443403	0.34869504	0.09955972	0.26253903	-0.32996747	-0.07285065	-0.44160846	0.017687794	0.24018472	0.33777407	-0.27288443	0.30963764	0.18514127	0.05554721	-0.05789205	0.4827808	0.008606519	0.031845603	-0.032071393	-0.06684561	0.021250196	0.097234145	-0.40962005
-0.13343763	0.028904125	0.19160911	0.2104325	0.21830222	0.5875476	-0.014220318	-0.5155079	-0.4059186	0.024716953	-0.4159206	0.11026588	-0.021152243	0.033532195	-0.081393115	0.1914544	0.23541673	0.30320835	-0.3036451	-0.35018045	-0.06556698	-0.0680976	-0.2604156	0.10925498	-0.28920448	0.17149994	-0.019363388	-0.07145584	-0.0075224596	-0.19319229	0.30528447	0.3682298	-0.30310348	-0.07321231	-0.08717668	0.17152774	0.17266709	-0.13451299	-0.10965217	-0.2023899	0.16886014	-0.34404472	-0.1484287	0.3438648	0.044888087	-0.014646038	0.1271604	-0.37406996	0.033742383	0.14066441	-0.15306593	-0.2241068	0.21939847	0.3268841	0.2736313	-0.29392132	0.07407386	0.30850068	0.09764665	-0.47147074	0.029893674	0.29426798	0.11112593	-0.1421616
-0.22667682	-0.02289257	0.047668427	0.10249931	0.006296416	0.13635826	-0.14644364	-0.1779633	-0.187151	0.17760277	-0.01584886	0.19938567	0.016902743	0.026879886	-0.0014538448	0.13811333	0.20650543	0.17437679	-0.2066309	-0.032637935	-0.1012183	-0.010901257	-0.23867114	0.21237327	-0.07505168	0.14063182	-0.098326825	0.025744077	-0.029410021	-0.013759697	0.040034354	0.050467677	-0.16161087	-0.14949049	0.025956098	0.1341266	0.18764365	-0.25265446	-0.19346972	-0.19379805	0.13185586	-0.2795366	-0.020999193	0.19188675	-0.11797915	0.03306829	0.15460865	-0.12526639	0.18069695	0.07296814	-0.027959853	-0.19164285	0.06479793	0.24591161	0.044727374	-0.09498484	0.019052232	0.18978903	-0.03258864	-0.092118494	0.21407643	0.13683696	0.13556539	-0.14570247
-0.16158193	0.118209496	0.10721718	0.11884156	-0.22604513	-0.04646051	0.15307279	-0.076854266	0.27935335	0.12857719	0.14075056	0.21740873	-0.21952097	-0.14216866	-0.20105092	-0.19760016	0.18982017	0.09562867	-0.09910413	0.11204566	-0.22046526	-0.16084814	-0.019305252	-0.16566032	-0.14870003	-0.055207644	-0.26211074	-0.13756232	-0.1708195	-0.11379295	-0.1782526	-0.17682883	0.19470912	-0.1742809	0.21031679	-0.14622983	0.13583001	0.31170315	-0.1792357	-0.089838915	-0.20116611	0.01650678	-0.10528775	-0.23423374	-0.16705272	-0.029197296	0.14987054	-0.060415335	-0.11502946	-0.20341246	-0.14996712	-0.09716693	-0.24539658	-0.094791844	-0.20755266	0.17126228	-0.12811328	0.10682376	-0.21192288	0.089905396	0.20111477	0.15283829	-0.06144927	0.118989125
0.15289125	0.034652043	0.002964314	0.13532174	0.10828032	-0.17398426	0.27666464	0.27096075	-0.048798133	-0.11575533	0.03908323	-0.14731772	0.077208325	-0.16551945	0.06815202	0.33638376	-0.1616584	-0.3144471	0.225759	0.057694774	0.14102462	-0.1081259	0.21466097	-0.028131124	0.17873779	-0.087049015	0.042343013	-0.010964553	0.16530035	0.15997468	-0.084376015	-0.07289416	0.08758713	0.11216816	-0.013419361	-0.29716536	-0.019369451	-0.014789981	0.3015883	0.04460544	-0.0038636192	-0.040632334	0.06771641	0.15036623	0.038781	0.15254645	-0.051093075	0.1628214	0.039074823	0.08190361	0.04989895	0.20652607	0.043781344	0.0460734	-0.020156993	-0.033052232	-0.14707884	-0.24903789	0.052745894	0.055348672	-0.08225666	-0.37690267	-0.10384594	0.027437719
-0.10152119	0.102322474	0.083666034	0.23975566	-0.017662058	-0.13318248	0.120306626	0.062997945	-0.15992853	0.13229698	0.118892565	0.11838675	-0.041777126	-0.28900415	-0.047003314	0.29678997	0.0791635	-0.0718122	-0.07333042	0.18328428	0.030682603	-0.20649426	-0.052251153	0.028152252	0.037694734	0.16574384	-0.12877372	-0.100033626	0.13770364	0.042562958	-0.10440343	-0.047182664	-0.028396484	-0.13860004	0.05390244	-0.28810775	0.16611995	-0.053665128	-0.019661756	-0.16939966	-0.040940274	-0.124309056	-0.14077929	0.17189965	-0.07695932	0.22767155	0.13507642	0.16458888	0.10179718	-0.0374178	-0.15277551	0.03232486	-0.06835014	0.11311881	-0.030037412	-0.061792314	-0.27630872	-0.00473253	-0.041097917	0.026422538	0.18526644	-0.13118687	-0.027406823	0.16019987
-0.7422953	-0.7063607	-0.08235139	-0.24994084	0.18673855	1.0569726	-0.77551824	-1.0424025	-1.0530434	0.5845588	-1.1764477	0.7086244	0.6033687	0.9341463	0.37630132	0.43354622	0.9277474	0.92692757	-1.0537775	-1.0277587	-0.3450172	0.5728786	-1.0313383	1.0545951	-0.852333	0.60694927	-0.4221734	0.5613394	-0.37154502	-0.6145369	0.8335714	1.0363492	-1.100703	-0.5256033	-0.056716915	1.0278351	0.76354617	-1.1876655	-0.89295274	-0.7924248	1.1098218	-1.039541	0.35541567	1.004432	-0.16319403	0.17674454	0.8397843	-1.0885216	0.8119563	0.6401	0.044525493	-0.79552597	1.0651928	0.98196054	0.93087584	-0.9337144	0.99042606	0.9910781	0.03243713	-1.0380851	0.69843817	0.99054635	0.77885985	-0.8847749
-0.2662613	-0.044888057	-0.109474905	0.014934954	-0.16998404	-0.04968439	-0.074539006	-0.0858303	0.10271202	0.15578422	0.1478512	0.19388522	-0.13884178	-0.03875164	-0.06617513	-0.15900321	0.27015594	0.11011099	-0.21451691	0.0828007	-0.29228827	-0.046890717	-0.20801547	0.00016778172	-0.09683799	0.00372763	-0.24299414	0.04481974	-0.24464637	-0.041700058	-0.1821903	-0.1793161	0.08505885	-0.12505639	0.24838611	0.0006433806	0.16210023	0.093189254	-0.1801612	-0.2205786	-0.16098955	-0.13809809	-0.02034285	-0.121251844	-0.1861151	-0.02731893	0.2551129	-0.1679516	0.0437339	-0.17912203	-0.024709176	-0.24390604	-0.0817972	0.0854432	-0.1521687	0.19581644	-0.010639132	0.18069042	-0.1987227	0.0646221	0.2285196	0.107541576	0.08586615	-0.07877191
0.12786053	0.114535205	0.20071961	0.11156507	0.17971747	0.12519215	0.25431898	-0.033398163	-0.115939856	-0.13843764	-0.1685452	-0.14991711	-0.017503137	-0.105916634	-0.13063897	0.23964478	-0.13429518	-0.10434585	0.06898158	-0.166927	0.1420501	-0.093434565	0.12336355	0.00602308	0.08661021	0.10069253	0.1180121	-0.10470822	0.14081706	0.052022286	0.08617944	0.15738185	-0.056305397	0.057722434	-0.12876566	-0.14900494	-0.07712279	-0.07309573	0.18034957	0.08513341	0.14939363	-0.073800795	0.011572944	0.22643332	0.16002779	0.04969937	-0.12107968	-0.0013541145	-0.043305077	0.1658596	-0.023065776	0.16333583	0.1159911	0.09900351	0.07371196	-0.14481972	-0.09954214	-0.031728603	0.09874521	-0.15016869	-0.16571493	-0.14835516	-0.19830838	0.064521834
-0.3641655	-0.1894008	0.21779178	0.22483224	0.25773415	1.0727916	-0.54065	-0.97780555	-1.0664146	0.40813074	-0.94507706	0.3008771	0.39031866	0.35978982	-0.05225624	0.6156443	0.6830393	0.7214439	-0.7664128	-0.93851805	-0.13417974	0.08277793	-0.6553187	0.78657234	-0.7734286	0.79134154	-0.18685164	0.030441683	0.07464481	-0.6868494	0.78802335	0.9764915	-1.011989	-0.5242032	-0.2838296	0.5944111	0.6679131	-1.021795	-0.6626719	-0.43608445	1.0479218	-0.8586761	0.05475737	0.996975	-0.16582094	0.25441474	0.47430173	-0.81670636	0.6767379	0.5346299	-0.23513098	-0.26734424	0.94101244	0.8862226	0.9178256	-0.9325195	0.41628504	0.8029366	0.14015977	-0.9758189	0.3672694	0.6855526	0.53473926	-0.6055782
0.23432462	0.9788851	1.0137768	0.88868964	0.05039458	0.6407971	0.65466464	-0.77110356	-0.06235934	-0.08954514	-0.21246266	-0.08712936	-0.8003901	-0.84281	-1.0604566	-0.09358894	-0.075893864	0.025714498	0.11459044	-0.04674896	-0.1334459	-0.8990106	0.4380533	-0.65777254	-0.72979426	0.63453937	-0.105842754	-1.0360507	0.40159485	-0.88192624	0.095952906	0.10873239	0.048656054	-0.5839629	-0.29479232	-0.74060285	0.04031486	0.3861401	-0.01475728	0.24033226	-0.11816202	0.48295346	-0.8074641	-0.26519394	-0.19493085	-0.13028857	-0.2667735	-0.0060834317	-0.8752631	-0.11241834	-0.80857015	0.5642459	-0.2779946	-0.4572151	0.17541817	-0.14041351	-0.90692997	0.4057509	0.0983337	-0.6389202	-0.15571162	0.093786255	-0.7919039	0.7794185
-0.03127236	-0.01993999	0.0932627	0.115698926	0.12274532	0.024109019	0.055087376	0.049655687	-0.22930092	0.059137043	-0.0030511315	-0.025221128	0.11920073	-0.21410733	0.107308954	0.38907662	0.0600159	-0.09472774	-0.06241211	0.008558896	0.07505995	-0.10792147	0.021922093	0.14705333	0.11685425	0.14782354	-0.031137213	-0.09006648	0.1341517	0.06869586	0.03426944	0.04416427	-0.020908665	0.04754698	-0.04931725	-0.14499205	0.06689928	-0.13248187	0.059345435	-0.072870865	-0.02286169	-0.15801705	0.037903704	0.38262472	-0.053253878	0.22195005	0.062359877	0.20673417	0.22123754	0.07855118	0.036498517	0.10005043	0.0017866385	0.25549927	0.011865237	-0.1394579	-0.23887463	-0.15394995	-0.07180087	-0.06456627	0.011633014	-0.19533065	0.07008354	-0.024262566
0.027625283	0.2664871	0.33650836	0.28049284	0.0992174	0.25693032	0.002449336	-0.27442306	-0.23536634	0.08306152	-0.13175334	0.012147386	-0.15760916	-0.19765237	-0.26662394	0.13732614	0.11539483	0.11097571	-0.14718324	-0.10946503	-0.053973667	-0.22226962	-0.02088495	0.0700521	-0.18121612	0.23573582	-0.030153329	-0.28808287	0.21330109	-0.21389845	0.14237572	0.16778313	-0.17911841	-0.255982	-0.13199906	-0.038482357	0.09884401	-0.11833702	-0.14528412	-0.035252858	0.06465283	-0.16168231	-0.12698384	0.10625535	-0.048258204	0.15348087	0.062846415	-0.12742704	-0.034253184	0.10589882	-0.2610568	0.037344906	-0.044390332	0.08743869	0.13044818	-0.13964866	-0.19076471	0.23651807	0.005346245	-0.27440676	0.00016686169	0.12510234	-0.12521479	0.064320855
0.12178378	-0.3785964	-0.24901585	-0.25210497	0.18303074	-0.24362932	0.16709556	0.28577268	0.013860331	-0.16297482	0.009549047	-0.09363901	0.31964865	0.15224794	0.4013097	0.31241393	-0.12633424	-0.2699945	0.1637638	-0.049109828	0.18046151	0.27309963	0.15708277	0.07862456	0.36000326	-0.16876656	0.13492765	0.32756147	-0.13103352	0.35509548	-0.040167313	0.026135964	0.08182149	0.24367006	0.027067274	0.0081928475	-0.16855437	-0.12917826	0.2203591	0.07790528	0.13392898	-0.07332487	0.4659983	0.2654052	0.24769431	-0.053043876	-0.11494754	0.029636392	0.14458777	0.18506123	0.30213362	-0.09611093	0.17777342	0.11483741	-0.04766	0.01953393	0.20227994	-0.38231406	0.09013295	0.19822711	-0.13326457	-0.30235228	0.053171013	-0.26644865
-0.70958024	-0.8647645	-0.9194819	0.38234887	-0.5977502	-0.98396236	0.28410512	1.1002072	0.26868626	0.5574147	0.9572137	0.265448	0.9937865	-0.8619703	1.1275284	0.99084324	-0.04323795	-1.0940864	0.23410381	0.8468656	0.6541487	0.09543946	0.56376	0.7765373	1.0894587	-0.4019397	-0.5998075	0.82135034	-0.5546643	0.96507394	-0.9063294	-0.9573405	0.9692283	0.6639357	0.8855879	-0.99621826	0.5023707	0.10907338	0.8861131	-0.5562274	-0.84960663	-0.48079184	0.9016409	0.8806282	-0.37966523	0.92737997	0.68882364	0.97365403	0.93261623	-0.44566348	0.7381037	-0.23025641	-0.5310542	0.5414525	-0.9222169	0.79769677	-0.6420272	-1.1945841	-0.5716835	1.0221691	0.5754091	-1.0885386	0.69474363	-0.12145586
0.05710686	0.09563006	0.07108916	0.0776824	-0.034848075	-0.04186196	0.25015485	-0.00037256046	0.055503853	-0.017825853	0.010135272	0.008938637	-0.14096232	-0.16680332	-0.12961589	0.0009106838	-0.011122743	-0.14248824	0.06302843	0.059514727	-0.13257262	-0.17741895	0.13739683	-0.17617849	-0.008654726	-0.025651202	-0.059349585	-0.18057556	-0.008743367	0.016359981	-0.0613181	-0.009082275	0.11003844	0.022272734	-0.010770178	-0.16490428	-0.03282775	0.13959199	0.0117187835	0.048823856	-0.091319665	0.027923865	-0.05291188	-0.1287029	-0.017472796	-0.021252032	-0.03101899	-0.07569872	-0.10219131	-0.03066364	-0.10459454	0.072790764	-0.004957568	-0.057829868	-0.10161622	0.08524671	-0.1495805	-0.02053944	-0.07962937	0.048290588	-0.0062227882	-0.07457711	-0.1946378	0.088070676
-0.362654	-0.0013394651	0.16868292	0.31592643	-0.019092856	0.15259525	-0.21208677	-0.22764885	-0.50936645	0.35432953	-0.07534832	0.28270176	0.13616839	-0.19779481	-0.00044368696	0.33250862	0.43018454	0.20606114	-0.4738592	0.00042372942	-0.09536376	-0.1416633	-0.36206782	0.37527546	-0.059444327	0.45324156	-0.29084158	-0.05120526	0.104971774	-0.09187982	0.112011164	0.1543126	-0.30780128	-0.29941005	0.04609953	0.024446825	0.5258852	-0.43798998	-0.3066904	-0.3990959	0.028545165	-0.43421897	-0.09492979	0.46283653	-0.18031082	0.38218385	0.38346413	0.10262312	0.39855987	0.08099829	-0.18151996	-0.13264911	0.030024676	0.4890708	0.1777151	-0.27409506	-0.096015945	0.33168694	-0.1002274	-0.14389722	0.32565135	0.19338644	0.24292924	-0.193842
0.026566314	0.35145918	0.23709656	0.2527209	-0.20141153	0.055752277	0.4183602	-0.16322592	0.31392792	-0.08262316	0.069606856	0.11768589	-0.55056524	-0.19011894	-0.44491252	-0.39694855	-0.028864875	-0.023689156	0.08289206	0.14319108	-0.2629903	-0.33369568	0.17972428	-0.5325949	-0.3007011	-0.08756739	-0.1541181	-0.35190552	-0.14266749	-0.29382405	-0.17384838	-0.17244083	0.32676485	-0.20815484	0.08952877	-0.3367662	0.0024125562	0.46652442	-0.14046198	0.09855561	-0.25395536	0.37515903	-0.43831837	-0.44175902	-0.13637443	-0.2997881	-0.11008729	-0.2201629	-0.5999245	-0.22735225	-0.33851162	0.024496997	-0.28160578	-0.4550938	-0.1842207	0.31808355	-0.2530273	0.20883489	-0.14868864	0.027191497	-0.022577422	0.09031688	-0.5058684	0.3765316
0.024177285	0.23263995	0.23254287	0.20823008	0.006351133	0.09558413	0.22323479	-0.12617232	0.015910063	-0.005109475	-0.031296432	-0.00063325284	-0.24913529	-0.23186325	-0.20046322	0.01464399	0.065054595	0.017378476	0.021380294	0.03479825	-0.08804268	-0.2012775	0.10913334	-0.17802083	-0.13114905	0.08110289	-0.0815106	-0.27825072	0.053674396	-0.16474037	-0.044838067	-0.06667967	0.105395705	-0.13563028	-0.07585575	-0.1981642	0.016741188	0.14998329	-0.009530357	0.046792503	-0.0881683	0.04519048	-0.24214426	-0.08089841	-0.07041725	-0.0018916347	-0.015169912	-0.0066052256	-0.2218926	-0.0867633	-0.15990436	0.11841141	-0.09009185	-0.1376717	-0.059586424	0.009159019	-0.22816896	0.13765946	-0.041148573	-0.06528374	-0.05802645	-0.0025981236	-0.20757501	0.17961064
-0.23512238	-0.05669481	0.004959391	0.10301253	-0.13817587	-0.006444375	-0.011243625	-0.101786315	0.055255715	0.23708728	0.13576722	0.24189158	0.033667758	-0.074751996	0.047042314	-0.012864891	0.21680014	0.1022266	-0.22964254	0.11559617	-0.14221893	-0.04795832	-0.14492789	0.065364234	-0.06461461	0.028595764	-0.21562953	0.01987568	-0.15639791	0.051903225	-0.1338369	-0.10170865	0.015854409	-0.08098019	0.23391114	0.0149270315	0.23704498	0.10555571	-0.18385614	-0.19918992	-0.17888671	-0.19809385	-0.016995383	-0.011844351	-0.12374883	0.10155473	0.23855738	-0.11570236	0.17923698	-0.19214413	-0.06580072	-0.241434	-0.17665997	0.15150656	-0.16184135	0.061272405	-0.09332583	0.061654683	-0.24779157	-0.025063755	0.20923136	0.118504345	0.17831011	-0.020241063
-0.17716898	0.2687862	0.14062427	0.19291799	-0.21587713	-0.030335046	0.2216952	-0.17608747	0.29610112	0.13982202	0.15551314	0.23509008	-0.33687282	-0.15397741	-0.3358149	-0.24728572	0.1515103	0.055344254	-0.09310628	0.1907342	-0.28645378	-0.271563	-0.01981047	-0.3008263	-0.2044177	-0.011486663	-0.26616842	-0.21234916	-0.16997558	-0.1550655	-0.2521983	-0.19988866	0.17993122	-0.20712821	0.18734124	-0.15258682	0.09792119	0.32321313	-0.18371932	-0.06870458	-0.26844049	0.16935664	-0.3487556	-0.39187455	-0.22386211	-0.08989363	0.08569044	-0.12205497	-0.24923228	-0.28304908	-0.24483623	-0.095993385	-0.27017906	-0.24861276	-0.21425271	0.18170965	-0.14502443	0.23635669	-0.29960662	0.08902798	0.17408878	0.13203134	-0.1880878	0.24150333
0.15584561	0.13465184	0.039222855	-0.06815929	-0.0065268306	0.018864118	0.3000654	-0.09775391	0.3655493	-0.17228529	-0.05834622	0.015326055	-0.30711198	0.1117046	-0.25444415	-0.2705861	-0.01999295	-0.08241115	0.15872592	0.014377832	-0.2070434	-0.025785169	0.08221476	-0.44026992	-0.15238562	-0.23950742	-0.019578096	-0.09555295	-0.17501211	-0.12665562	-0.17132881	-0.09228077	0.28413448	-0.013685259	0.01244993	-0.025187207	-0.12195051	0.39149204	-0.0045334254	0.09406753	-0.14255255	0.15435198	-0.12994392	-0.42303675	0.04946985	-0.3623137	-0.126657	-0.35028642	-0.37872088	-0.09293047	-0.13454929	-0.07968516	-0.0949166	-0.31522828	-0.18089034	0.24290583	-0.0032045287	0.048538335	-0.044835735	0.05419977	-0.11285387	-0.027753308	-0.25029686	0.1275333
-0.03111224	0.17481373	0.18832222	0.057816368	-0.026210632	0.18855779	0.0890152	-0.20617059	0.1122775	-0.011735906	-0.065577865	0.10153161	-0.28096265	0.026718428	-0.34342825	-0.21889652	0.09269186	0.10474779	-0.10634707	-0.042214863	-0.19528513	-0.15536053	-0.056541413	-0.19685534	-0.2886595	-0.027261157	-0.1232131	-0.24065436	-0.08779812	-0.19293907	-0.0010512469	-0.053114504	0.07421118	-0.20987654	0.0055274894	-0.039382618	0.016244149	0.16507493	-0.13812327	-0.061650194	-0.0007161306	0.020079562	-0.18894434	-0.23713222	-0.033874847	-0.23121238	0.019033924	-0.28645495	-0.26623097	-0.124354556	-0.1606668	-0.0044578314	-0.10669566	-0.13070552	-0.03039312	0.06522061	-0.061721973	0.23880489	-0.06369481	-0.075320154	0.008640808	0.1009154	-0.115507975	0.062389463
0.3349458	0.48336753	0.5380229	0.36454475	0.20377277	0.17654404	0.44421765	-0.087912485	-0.2660001	-0.13850884	-0.14255767	-0.18902577	-0.3614416	-0.48765588	-0.5095622	0.21181619	-0.2076755	-0.28052872	0.2531955	-0.08740581	0.09477483	-0.41549274	0.40200335	-0.37688154	-0.12423817	0.20845035	0.072656386	-0.51755667	0.37137723	-0.2286955	0.14598824	0.17132421	-0.025635382	-0.11146217	-0.25163147	-0.50342023	-0.09006114	0.1578262	0.2356258	0.2613088	-0.03646787	0.23165457	-0.35503596	0.050976235	-0.013064359	0.15557013	-0.2128662	0.14752577	-0.31833863	0.115368985	-0.37535357	0.48769003	-0.07099051	-0.20597282	0.125376	-0.19827318	-0.58846015	0.028026113	0.14985253	-0.25889236	-0.19434877	-0.19938831	-0.5259729	0.5217611
-0.10618516	0.26093596	0.29597598	0.21432923	-0.22445609	0.04872762	0.2252333	-0.13111481	0.16201696	0.05973988	0.13045363	0.17120683	-0.42492563	-0.22071978	-0.33079165	-0.23145074	0.15762226	0.04583369	-0.037720628	0.20812674	-0.22123393	-0.3223497	-0.0056916783	-0.37685674	-0.23047662	0.04178667	-0.21194926	-0.35739717	-0.04551561	-0.2044891	-0.1550071	-0.2208838	0.18280308	-0.19063297	0.109374166	-0.2560278	0.10918624	0.2934931	-0.17031644	-0.0132272225	-0.24899817	0.19612207	-0.36831254	-0.2844404	-0.18089865	-0.09480109	0.034827445	-0.12216131	-0.23874399	-0.22925465	-0.32975167	0.0736965	-0.3222663	-0.27148977	-0.19718152	0.20814486	-0.26793268	0.1956052	-0.15712322	-0.0198494	0.1007537	0.08667745	-0.20731014	0.33363622
0.4298149	-0.30847323	-0.18771276	-0.39654338	0.49227983	-0.100570135	0.46933576	0.39050007	0.20061424	-0.39272678	-0.31201133	-0.38749185	0.21190178	0.39598578	0.2696741	0.26424673	-0.4145047	-0.410083	0.41252956	-0.4098309	0.18639906	0.4119766	0.4223519	-0.2742842	0.4425791	-0.34303	0.42997012	0.21728718	-0.08178027	0.38741994	0.19326462	0.35157195	0.21817127	0.40257102	-0.22703168	0.08819672	-0.4795956	-0.09674204	0.47523466	0.4439987	0.38908896	0.19174908	0.4207028	0.07175796	0.40700048	-0.31845492	-0.39798734	-0.3526498	-0.3466911	0.4471307	0.45426732	-0.019349292	0.48608333	-0.25233713	-0.012465885	0.03130678	0.35471514	-0.49363235	0.28845343	0.17504369	-0.35804915	-0.53558576	-0.37666777	-0.16136917
0.45526218	-0.27275163	-0.22723697	-0.49704736	0.5274326	0.0846392	0.29020745	0.21517542	0.06991924	-0.486652	-0.55538297	-0.4223225	0.09803121	0.55877435	0.2293846	0.06643532	-0.40449616	-0.3283315	0.44228095	-0.5935087	0.18898658	0.45839047	0.38737878	-0.18050922	0.2934553	-0.2765723	0.50441337	0.2794475	-0.0612368	0.22176775	0.33067772	0.49350032	0.047209382	0.3187424	-0.43939087	0.42599857	-0.4679289	-0.24543819	0.39446953	0.4669748	0.5356611	0.28627148	0.39095166	-0.036775205	0.52058935	-0.48681253	-0.49885172	-0.53606343	-0.43547732	0.49752435	0.39609754	-0.008023461	0.52192587	-0.21321425	0.20964566	-0.08225328	0.5041091	-0.32410592	0.3951198	0.06618583	-0.43628538	-0.2786397	-0.22661415	-0.32397446
0.35127765	-0.36724272	-0.35319462	-0.4723829	0.35692906	-0.2554917	0.32936212	0.3019162	0.27753317	-0.4511199	-0.14767857	-0.422512	0.12250716	0.45581862	0.34560755	0.05683198	-0.37701303	-0.2834831	0.4486012	-0.22849745	0.10033942	0.45781425	0.3478649	-0.23317514	0.34897405	-0.46568665	0.45998994	0.41397646	-0.2494911	0.4477121	0.04041921	0.10036681	0.15212575	0.4789716	-0.13174614	0.25483918	-0.44576082	-0.003969502	0.44154942	0.41363034	0.35271004	0.11622524	0.4992963	-0.008970807	0.43087175	-0.41585672	-0.35904643	-0.29424393	-0.28688785	0.42109823	0.47753578	-0.08731214	0.36467642	-0.09772779	-0.056024484	0.1892983	0.49758783	-0.41264224	0.27276757	0.25257456	-0.4227032	-0.34706825	-0.16643743	-0.24197797
-0.12260904	-0.10973705	-0.13116246	0.22615735	-0.0847921	-0.41414723	0.21734573	0.3767623	0.049059615	0.19390576	0.40354577	0.033392534	0.19737378	-0.44039705	0.18586536	0.35925832	-0.09751616	-0.44425076	0.066089936	0.34084958	0.2553783	-0.13146642	0.22747545	0.08734371	0.36119875	0.015084984	-0.15329538	0.053184707	0.07132579	0.28520963	-0.3256555	-0.2660789	0.33341274	0.12650372	0.24893454	-0.5414111	0.13149707	0.1725589	0.20912006	-0.16145308	-0.35828266	0.015609197	0.084725946	0.12913519	-0.12687913	0.4697252	0.13571757	0.4408443	0.27853182	-0.12870802	0.09544836	0.06078575	-0.27662697	-0.014760265	-0.35999593	0.19131103	-0.37907076	-0.42002627	-0.2035395	0.31205902	0.10769504	-0.47216147	0.030334903	0.1433822
-0.31300685	-0.09871285	-0.00088172505	0.2488851	-0.23348856	-0.102769546	-0.03573368	-0.008755006	-0.096916884	0.31311715	0.19968764	0.3192065	0.14079066	-0.309846	0.09822713	0.12634371	0.2447099	0.060261127	-0.25436538	0.21096832	-0.07920498	-0.212901	-0.17670886	0.19394106	-0.05124172	0.13523565	-0.35717645	-0.047535148	-0.06358826	0.09662623	-0.17661087	-0.18859647	-0.004881756	-0.23060383	0.26647368	-0.10002884	0.37717193	-0.013541822	-0.18194686	-0.35092762	-0.16870752	-0.18754974	-0.013649748	0.12738088	-0.28020814	0.31253684	0.33051908	0.1714828	0.33216247	-0.12649184	-0.114401944	-0.13979329	-0.15796286	0.25006947	-0.10724844	0.06874415	-0.1928372	0.13620207	-0.25175256	0.11648788	0.34845275	0.06595764	0.1947949	-0.0015851551
-0.016483964	0.3339184	0.2814998	0.19119939	-0.11819732	0.16635099	0.28434	-0.28636736	0.2921387	0.08209116	0.016222252	0.15464881	-0.41942555	-0.143855	-0.4911121	-0.2542794	0.09620537	0.15684952	-0.048239894	0.11480363	-0.24809672	-0.2897819	0.03363549	-0.41090798	-0.4122002	0.03841004	-0.19332182	-0.36090624	-0.11274881	-0.26598734	-0.13864593	-0.11571302	0.23465043	-0.20536302	0.08188382	-0.2429998	0.055255797	0.2871735	-0.20678438	0.010586856	-0.1915229	0.18015945	-0.3781269	-0.33078238	-0.19189587	-0.25097817	-0.011877645	-0.35318	-0.39389414	-0.19656098	-0.27697125	-0.029373372	-0.2607921	-0.2899644	-0.11374749	0.19917665	-0.24515869	0.25933546	-0.16643925	-0.054601472	0.11592982	0.22598344	-0.3051423	0.24977
-0.10478348	0.23451495	0.32418713	0.20761943	-0.1115714	0.3061115	0.011369297	-0.36495817	0.055951048	0.097564936	-0.10583289	0.19704299	-0.34370962	-0.057390764	-0.45069697	-0.22318812	0.26123416	0.2595925	-0.20715162	-0.04659695	-0.30184764	-0.2482059	-0.23092748	-0.17115982	-0.44840136	0.22776324	-0.25882387	-0.25607392	-0.097974785	-0.31087142	-0.051643834	0.021408655	-0.07538777	-0.30490533	0.012125971	0.024428174	0.23038718	0.14503811	-0.4077597	-0.09849029	-0.002490769	-0.0072390935	-0.27452478	-0.24721721	-0.14253789	-0.18879224	0.11244563	-0.33598906	-0.2211852	-0.110395886	-0.32852605	-0.054856624	-0.09627948	-0.022099955	0.07013335	0.041945755	-0.040037405	0.49070263	-0.095737986	-0.20469995	0.1791909	0.35681182	-0.14274734	0.10937284
-0.6208033	-0.56757843	-0.66115767	0.50096864	-0.36491758	-0.76322514	0.19011988	0.8197014	-0.114211515	0.6054447	0.794441	0.16504155	0.79651654	-0.97085994	0.8464067	0.96155256	-0.14374731	-0.8061102	0.11353459	0.7743898	0.6484805	0.055064783	0.39057124	0.75470746	0.8470162	-0.07696015	-0.51645637	0.57396907	-0.13965125	0.78283715	-0.6395002	-0.7244629	0.49663502	0.50312746	0.6714698	-0.8555353	0.60331655	-0.28951386	0.76851505	-0.5179547	-0.6878952	-0.48169893	0.6935512	0.84176004	-0.30549508	0.98762804	0.6573553	0.87930506	0.88091594	-0.2835256	0.56611246	-0.069678254	-0.45298228	0.538481	-0.6579763	0.39208746	-0.6638877	-0.94048285	-0.41777998	0.7459944	0.5482162	-0.82929814	0.5643353	-0.069517374
0.17169029	0.044477828	-0.0054328083	-0.04399165	0.012455435	-0.039574936	0.3589323	0.08358952	0.17398402	-0.1419716	0.009634427	-0.04048194	-0.22320627	0.013749693	-0.09670666	-0.0855999	-0.1320136	-0.1735387	0.23522575	-0.011856378	-0.11927192	-0.027245201	0.21297686	-0.26664773	0.043912157	-0.111348525	0.036570184	-0.071814016	-0.09357678	0.07751585	-0.08359536	-0.06514995	0.22189139	0.08645649	0.03172622	-0.11491614	-0.11153015	0.12187586	0.104168326	0.1412987	0.029804783	0.1621969	-0.11404863	-0.1773041	0.049852427	-0.19538678	-0.1487957	-0.14489453	-0.24509946	-0.023470972	-0.05130522	0.005431265	0.018214742	-0.21828963	-0.1078842	0.105790205	-0.014984108	-0.07768312	-0.046249483	0.06493138	-0.11336161	-0.19421062	-0.24245203	0.13342032
0.021858627	-0.2714433	-0.27520618	-0.18337674	0.019085236	-0.2415377	0.06425746	0.2653746	0.14311086	-0.015403875	0.1403488	-0.07679215	0.2769429	0.0890714	0.30132115	0.047858767	-0.12075946	-0.17700356	0.12871398	0.08841366	0.07080223	0.16136774	0.05620103	-0.009635929	0.3212278	-0.18529433	0.03857581	0.2678425	-0.20631987	0.32325244	-0.10302462	-0.1325234	0.22099255	0.22725324	0.17104189	0.06358242	-0.08305467	0.073457286	0.16833459	0.008465182	0.05490276	-0.0048734155	0.27457467	0.039153222	0.13908455	0.002587656	-0.04274719	0.03847137	0.14305303	0.064496964	0.217362	-0.17024805	0.13123561	-0.015203375	-0.15497515	0.18396455	0.15473242	-0.21802464	-0.017933816	0.2742013	-0.057030335	-0.22976305	0.12319381	-0.25104728
0.3206012	-0.203883	-0.0640009	-0.30383727	0.40472588	0.32746756	0.114705585	-0.114287786	-0.04297051	-0.38912395	-0.65496683	-0.20943682	-0.10804851	0.5619244	-0.0964108	-0.046000067	-0.114644386	0.047945965	0.10621129	-0.6938276	-0.09709474	0.3405265	0.09397971	-0.09961942	-0.02328713	-0.11243466	0.3512442	0.13384645	-0.09860127	0.07470766	0.39760602	0.5592063	-0.162565	0.14353435	-0.3974782	0.4264362	-0.2599852	-0.24701934	0.1252465	0.25472617	0.5503093	-0.011910669	0.17701027	0.03319091	0.35257536	-0.5580769	-0.2753292	-0.71092635	-0.34820983	0.43556556	0.24406733	-0.1255381	0.49107343	0.03421432	0.2747167	-0.1592031	0.40621358	-0.020098059	0.22884129	-0.2238549	-0.3324696	-0.07539264	-0.055386104	-0.2871764
-0.5221032	-0.81810296	-0.9101136	0.12300021	-0.37459737	-0.8555692	0.14595768	0.9691663	0.06881852	0.3994589	0.7836796	0.17250966	0.90331304	-0.70863706	0.9932845	0.8346176	-0.06813568	-0.95149505	0.12951016	0.6922716	0.6228875	0.29874238	0.4435316	0.68689495	0.89064044	-0.3183368	-0.41374856	0.76343703	-0.5543733	0.8648823	-0.78067166	-0.7527711	0.7047937	0.52621925	0.6779096	-0.7432688	0.3469391	-0.16197413	0.69006896	-0.48568282	-0.503755	-0.520929	0.76514363	0.74952984	-0.15936957	0.7215708	0.49488398	0.7740128	0.7700456	-0.20612165	0.6058887	-0.30719286	-0.20877077	0.5442456	-0.71811944	0.7091917	-0.29365838	-0.98328125	-0.41035014	0.9292885	0.43909675	-0.9272624	0.6583807	-0.3435421
0.18856661	-0.061470743	-0.09755475	-0.12160169	0.11723923	-0.1540398	0.2958866	0.21998906	0.23117588	-0.16900788	-0.006150828	-0.11555175	-0.07054722	0.035077475	-0.050836883	-0.05628745	-0.17693274	-0.22551923	0.24492364	-0.05693406	-0.034957714	0.120538406	0.28285515	-0.23615912	0.12257273	-0.1967271	0.1886469	0.032209132	-0.0052922284	0.14347157	-0.04790148	0.026700685	0.18882842	0.15407212	-0.08464742	-0.052121468	-0.25255924	0.17222412	0.20855084	0.23924015	0.08392086	0.22967187	0.09075645	-0.19016725	0.1601713	-0.21560231	-0.19126336	-0.12034136	-0.2321257	0.07127212	0.15955777	0.09847271	0.07487073	-0.20298828	-0.12797621	0.12729377	0.077384405	-0.19829111	0.09621216	0.07052644	-0.1447759	-0.1818452	-0.26433018	0.05424798
-0.62386173	0.45443818	0.381057	0.5104745	-0.5730271	0.011164835	0.21406637	-0.4669358	0.65599304	0.51998335	0.44053125	0.61832386	-0.59382534	-0.45815647	-0.5804717	-0.6073588	0.59587806	0.3907703	-0.45626742	0.5025429	-0.5716394	-0.58951294	-0.34246233	-0.5284753	-0.59888864	-0.033410747	-0.6069626	-0.5848425	-0.61064625	-0.46711403	-0.5214225	-0.48330557	0.4919555	-0.6120726	0.6423785	-0.34879366	0.48335826	0.6229401	-0.6911791	-0.5585438	-0.5647619	0.32480258	-0.55647516	-0.6323537	-0.5839201	-0.3392799	0.57497966	-0.3585732	-0.48297054	-0.6547929	-0.5486569	-0.29643708	-0.5889736	-0.43255025	-0.48912174	0.5139603	-0.44066903	0.67799854	-0.5085686	0.1447879	0.57437944	0.52628136	-0.25902894	0.3740636
-0.4803524	-0.5119778	-0.062273644	-0.29642677	0.29322368	0.71972567	-0.6267561	-0.7476183	-0.927914	0.29528373	-0.79121196	0.2792009	0.5578334	0.6705539	0.35395968	0.57703054	0.61542463	0.6810577	-0.7162727	-0.8329276	-0.15570317	0.47419304	-0.7170209	0.805093	-0.35740486	0.5009369	-0.02635447	0.4012341	-0.020791009	-0.28679827	0.79777205	0.806122	-0.8667701	-0.29490307	-0.3484816	0.74912447	0.4938133	-1.0279064	-0.64047486	-0.50366735	0.91182166	-0.8063894	0.5392936	0.9484289	0.21077918	-0.00024466193	0.43363056	-0.73785347	0.65019006	0.6696005	0.29530102	-0.49056506	0.8691161	0.84762645	0.7658378	-0.81600225	0.74577314	0.65522826	0.19654794	-0.74738246	0.36401036	0.6792916	0.6058488	-0.8022361
0.62941885	0.7942987	0.7440503	0.52591807	0.3728391	0.47641173	0.89021873	-0.41245916	-0.20003022	-0.38761342	-0.37879956	-0.337696	-0.61511713	-0.56405777	-0.785818	0.17749609	-0.44747815	-0.42965868	0.49748293	-0.268726	0.12215212	-0.6315744	0.75775677	-0.5636821	-0.4260104	0.3125252	0.16280586	-0.7521119	0.5740581	-0.5371695	0.2307614	0.29974735	-0.09116167	-0.30176082	-0.49000075	-0.8194205	-0.21483077	0.21074484	0.35426328	0.57006764	0.018305937	0.583406	-0.516358	-0.0423162	0.012153166	0.02282238	-0.5778081	0.1675405	-0.98597175	0.18722416	-0.5276924	0.5810964	-0.111537546	-0.4713172	0.32760435	-0.26946783	-0.7552018	0.046207532	0.33651695	-0.512046	-0.4910799	-0.28323773	-0.9199816	0.7779965
-0.3877621	0.112038076	0.14984754	0.14436571	-0.31447327	0.31437188	-0.1267106	-0.5135447	0.31970885	0.24651672	-0.027814357	0.46198392	-0.31782612	0.012174481	-0.3024946	-0.41134128	0.51338303	0.4405719	-0.41224504	0.088160016	-0.40373144	-0.14747013	-0.4038334	-0.23143235	-0.4953462	-0.02178344	-0.4029814	-0.19253074	-0.40872297	-0.31415275	-0.17697506	-0.16722222	0.058217347	-0.36632058	0.37988392	0.1762226	0.3514745	0.24377108	-0.4614468	-0.37482205	-0.22176062	-0.103643835	-0.27026364	-0.28366616	-0.30697912	-0.357464	0.38513854	-0.59910804	-0.15019467	-0.30307493	-0.26175568	-0.3855912	-0.23632747	-0.003428915	-0.16872117	0.24321328	0.019132296	0.54206026	-0.37376627	-0.15927337	0.32349885	0.5123959	0.05612942	0.029204097
-0.25398216	0.115104966	0.0630142	0.28270888	-0.36078155	-0.12650503	0.13781558	-0.0016514772	0.32100812	0.2497263	0.27075103	0.31577393	-0.15841208	-0.31472802	-0.102963634	-0.22570631	0.24035758	0.038790487	-0.17330876	0.34663633	-0.2040801	-0.24302155	-0.046721622	-0.17915481	-0.15424062	-0.066631086	-0.33574045	-0.15808965	-0.30160564	-0.004468698	-0.29304454	-0.33111545	0.32529482	-0.23321699	0.3335755	-0.1945501	0.19842583	0.3220672	-0.19796589	-0.27798954	-0.33193982	0.09444096	-0.21277054	-0.23974769	-0.25208822	0.12520221	0.3232157	0.039545264	-0.050521225	-0.29569706	-0.22796391	-0.17602053	-0.33417428	-0.18147597	-0.35335985	0.32768124	-0.2317825	0.11437077	-0.26027754	0.15548156	0.2535818	0.053898714	-0.09612597	0.2096633
-0.57352346	0.23127565	-0.0072710984	0.47705784	-0.5605579	-0.56510663	0.40429765	0.13711005	0.7602275	0.4219161	0.6992345	0.4550858	-0.32104	-0.6301807	-0.16234733	-0.29502353	0.30459252	-0.2662603	-0.0930737	0.699432	-0.34789276	-0.38993078	0.12550654	-0.40831426	-0.084153116	-0.27864382	-0.50199175	-0.23366566	-0.5356244	-0.0067474972	-0.6206102	-0.63858294	0.70332956	-0.13010633	0.6791584	-0.7517752	0.4480504	0.6550711	-0.10548883	-0.49953628	-0.6463665	0.53146577	-0.25265265	-0.42961153	-0.4073999	0.21198834	0.54318887	0.1869423	-0.16183788	-0.6543924	-0.22896592	-0.25351942	-0.5677762	-0.44632432	-0.6628589	0.698073	-0.650926	0.009477832	-0.49978212	0.7019242	0.51613307	-0.04032471	-0.24168855	0.3979229
0.07769185	0.18149494	0.15679999	0.06771344	0.051737737	0.15413769	0.18148686	-0.1616785	0.0138017675	-0.04814535	-0.11663506	-0.010388474	-0.23525888	-0.030440282	-0.24723043	-0.027604602	0.0025030454	0.024014331	0.053772558	-0.07224731	-0.10564045	-0.14536461	0.07109665	-0.14877637	-0.11202277	0.012919956	-0.03553078	-0.20607604	0.023009628	-0.11041463	0.08658718	0.059402283	-0.034920756	-0.035546206	-0.13990083	-0.020490147	-0.07292899	0.024778018	-0.00010157998	0.011164898	0.10008747	-0.0144993365	-0.11714295	-0.123773105	0.068863586	-0.08049174	-0.11894227	-0.11205386	-0.18626373	0.07842065	-0.10915619	0.04100892	0.0537663	-0.017625	0.031568564	-0.0068254657	-0.060300197	0.10545014	-0.006828488	-0.14437793	-0.014378387	0.05873382	-0.21142273	0.037645236
0.9514703	-0.3041426	-0.243989	-0.55545115	0.72726357	-0.1180646	0.80038226	0.5067006	0.28639752	-0.81090796	-0.5609477	-0.76710504	-0.022998761	0.70088774	0.16316104	0.048503663	-0.80144304	-0.64515626	0.8424741	-0.66725844	0.31582624	0.5650898	0.8950598	-0.78703517	0.49047774	-0.5531426	0.76498	0.28639048	0.092388794	0.37759152	0.30045173	0.5350092	0.33283812	0.5384326	-0.59982467	0.26506263	-0.8917911	0.13107969	0.7855905	0.8730128	0.6951427	0.7819636	0.5579619	-0.27609682	0.74166334	-0.84508276	-0.92248434	-0.6612434	-0.97675735	0.68127316	0.4961799	0.22106555	0.6468755	-0.6508449	0.18840009	-0.0074508246	0.50009716	-0.6106412	0.6557428	0.11670608	-0.7755247	-0.6350228	-0.7143234	-0.19074754
0.049317803	-0.2077374	0.03592314	-0.103000455	0.37773463	0.3535749	-0.15292111	-0.21367215	-0.5680337	0.005861614	-0.49910685	-0.018284244	0.3240271	0.17736496	0.1885687	0.62421155	0.093021646	0.1501081	-0.16444516	-0.46504122	0.09692864	0.16946277	-0.20852824	0.44135246	0.07053275	0.17310952	0.17208517	0.11380543	0.08188848	0.07687604	0.4834982	0.55963665	-0.47306457	0.08220949	-0.22443539	0.2996482	0.040054116	-0.7285218	-0.11695656	0.006643228	0.4855899	-0.5104947	0.29651406	0.70115817	0.18936317	0.053969722	0.0076122223	-0.32639113	0.24561085	0.52969444	0.20479162	-0.10735298	0.5902307	0.5824974	0.369314	-0.5405291	0.23402219	0.082744114	0.2069401	-0.34115592	-0.050448395	0.072985105	0.24723844	-0.3924775
0.13746315	-0.09783834	-0.123449676	-0.023089666	0.036452413	-0.17848401	0.30974287	0.24476688	0.24751666	-0.1774961	0.10643537	-0.16375235	-0.033332035	0.018968286	0.13891202	0.029371636	-0.19804798	-0.3163202	0.28876033	0.08143974	0.080240995	0.11519122	0.3086461	-0.14119205	0.18607372	-0.23505266	0.056924466	0.013655051	-0.046564013	0.17634496	-0.1320879	-0.0897028	0.21786591	0.22537299	0.057675537	-0.12644368	-0.17248653	0.14263408	0.32935014	0.16903603	-0.09504617	0.1897553	0.08352696	0.0015549065	0.10126057	-0.042223245	-0.18384811	-0.0121473055	-0.1729567	0.0012574757	0.08923618	-0.06284914	0.0062359925	-0.13234667	-0.16127661	0.17540324	0.016153473	-0.29127917	-0.0021434075	0.16744943	-0.13081542	-0.30249876	-0.15771478	0.07768573
-0.10471805	-0.27230218	-0.29268894	-0.06943626	-0.13217272	-0.4041939	0.25455403	0.5177363	0.30932137	0.017511772	0.35604876	-0.027564535	0.23174791	-0.19688147	0.33573782	0.23197234	-0.17469901	-0.44137394	0.22511742	0.2769581	0.05755913	0.10376863	0.23809168	0.005704461	0.43648583	-0.23214646	-0.042066183	0.23804763	-0.17214216	0.4153034	-0.33252043	-0.32429692	0.37527177	0.29836443	0.28546944	-0.23487742	-0.06045591	0.23321183	0.26994455	-0.0035736617	-0.23574543	0.064730905	0.24053101	0.047914386	0.07651795	0.10490378	0.044528965	0.26603246	0.15310457	-0.053527255	0.22216003	-0.12564844	-0.020530121	-0.0520403	-0.3596846	0.334047	-0.05017235	-0.3854502	-0.16708449	0.5052671	0.09047299	-0.48544765	0.06869638	-0.021751225
-0.24241184	0.40710008	0.42437708	0.38706595	-0.25712854	0.43958998	0.08087832	-0.60926765	0.025509257	0.30424798	-0.06298437	0.35168993	-0.32938102	-0.18240432	-0.46693408	-0.2048859	0.4780242	0.38515815	-0.44050726	0.03165591	-0.31707433	-0.42700952	-0.27232972	-0.17900267	-0.5592913	0.3040464	-0.3163922	-0.39054677	-0.113566294	-0.5075122	-0.073475815	-0.095839426	0.039844315	-0.46940047	0.12651484	-0.061062254	0.35361564	0.17922458	-0.52942085	-0.28781828	-0.21453947	-0.07960777	-0.4196026	-0.20497034	-0.33256945	-0.10737414	0.3225154	-0.4568824	-0.2315705	-0.2366349	-0.45035172	-0.09901801	-0.26452664	-0.103373304	-0.055781566	0.007009611	-0.27843332	0.58485216	-0.17824017	-0.36003196	0.26478234	0.41401768	-0.13562213	0.16085464
0.1460758	0.064773396	-0.052901715	-0.060893353	-0.003372953	-0.0663266	0.19326971	0.05225799	0.17120549	-0.17016645	-0.028211	-0.1374819	-0.1282907	0.030816266	-0.052476775	-0.09007719	-0.12522659	-0.09549579	0.21812816	-0.039879393	-0.035630994	-0.040041376	0.22815558	-0.25617722	0.020722443	-0.09445181	0.09870426	-0.04025275	-0.086686656	0.048879422	-0.06156675	-0.06665153	0.20627452	0.1114733	-0.07034846	-0.08782784	-0.14839661	0.1736592	0.1635082	0.13610776	0.018148685	0.124955826	0.021573653	-0.19813327	0.0688642	-0.15528393	-0.11672087	-0.16032323	-0.23778372	0.007213315	-0.02616019	0.032629512	0.016059624	-0.102021866	-0.11494808	0.08146267	0.053639505	-0.12017587	-0.0016661466	0.09504895	-0.1395288	-0.09123889	-0.16363525	0.10382415
-0.006988029	0.26007906	0.33779868	0.28243637	0.05883119	0.31095034	0.017790817	-0.31578323	-0.2448606	0.015807133	-0.16169079	0.034464892	-0.2014563	-0.15364015	-0.28524378	0.0962642	0.12480387	0.10272421	-0.08201849	-0.15306707	-0.026830401	-0.21872772	-0.043798577	-0.059964996	-0.24600786	0.2710095	-0.0054355627	-0.2220813	0.1653348	-0.33005798	0.15626957	0.20188193	-0.20425607	-0.19585164	-0.11297233	-0.0004488742	0.1103233	-0.010568327	-0.096233375	-0.05575293	0.051632404	-0.1338466	-0.24140218	0.05902965	-0.05166509	0.09857235	0.014017917	-0.116135165	-0.12026818	0.03549034	-0.24230257	0.10183804	-0.03132481	0.11807534	0.19860858	-0.19775967	-0.20679088	0.17925972	0.012553226	-0.37754038	-0.05967242	0.16428117	-0.08451965	0.05421268
-0.35541436	-0.47552574	-0.35217446	-0.079849556	-0.15962726	-0.28875163	-0.15313603	0.2962836	-0.10589033	0.22973378	0.21482724	0.18381374	0.53275776	-0.067035556	0.4354844	0.37985766	0.14066957	-0.13010235	-0.18572582	0.18260603	0.0886939	0.23382944	-0.10939823	0.5058976	0.39021423	0.01541191	-0.14918539	0.46310404	-0.2269499	0.3267488	-0.16791658	-0.20295744	0.014461923	0.15082484	0.33872938	0.03102271	0.18879746	-0.31227234	0.04357494	-0.3492193	0.0070258663	-0.35239437	0.33260867	0.39327013	-0.06717869	0.3074722	0.30840343	0.25812137	0.5193242	-0.06829251	0.30959725	-0.38096267	0.011108045	0.3297098	-0.19048983	0.11713287	0.10014288	-0.20766361	-0.21349582	0.30427426	0.27223596	-0.16275541	0.4115076	-0.3300696
0.20793495	0.12095244	0.09120357	-0.019883085	0.013461796	0.14166786	0.30454612	-0.07742792	0.17857274	-0.18992847	-0.09833322	-0.09688863	-0.30731797	0.081538185	-0.17686851	-0.14059812	-0.114012375	-0.078807935	0.1467415	-0.037080545	-0.15636711	0.011076783	0.18086354	-0.3366794	-0.16665034	-0.18132319	0.084906265	-0.13251798	-0.10837134	-0.123240165	-0.06951461	-0.027126545	0.19723785	0.055165872	-0.1056026	-0.07942639	-0.15723392	0.26053986	0.04100024	0.19918552	-0.027981479	0.17417297	-0.14075261	-0.22887558	0.069620185	-0.42263916	-0.21248227	-0.30280387	-0.35635227	0.02658524	-0.007906881	0.043450586	0.0026793487	-0.17919709	-0.02587816	0.095878646	0.04477957	-0.0059586004	0.024605434	-0.079444654	-0.09177224	0.02294932	-0.31082892	0.082972586
0.20620435	0.0069259442	0.07486016	-0.050250947	0.21481965	0.09920667	0.16241062	0.036417875	-0.17215574	-0.18961523	-0.1711978	-0.27404398	0.09334311	0.07140707	0.02805399	0.3442637	-0.18539011	-0.1806162	0.20846553	-0.19401978	0.19150248	0.070916496	0.13126971	0.062109858	0.14661564	-0.0053096525	0.16764335	-0.020617766	0.17489615	0.081965126	0.2172525	0.1691908	-0.10355838	0.1907596	-0.1708594	-0.008676628	-0.16439955	-0.26934943	0.21735197	0.12780935	0.20935778	-0.12601757	0.09150554	0.3181282	0.23170444	-0.007865298	-0.21660815	-0.00026570848	0.013577306	0.3480641	0.12373502	0.07638551	0.28428757	0.1792051	0.12384457	-0.160583	0.06376093	-0.12685996	0.23088269	-0.13210142	-0.18281116	-0.18855041	-0.09244887	-0.053481746
0.24916789	0.31486273	0.37127736	0.4885626	0.19530217	0.035367865	0.46814236	0.09446441	-0.36792058	0.017684758	0.06985975	-0.20690477	-0.07539307	-0.6880809	-0.19475904	0.58372015	-0.272197	-0.562856	0.23831254	0.087858535	0.48589668	-0.5123257	0.45080534	0.04923393	0.086845934	0.27219927	0.06434094	-0.45656997	0.4598206	-0.08193501	0.13883328	0.086458735	-0.04854791	-0.077765726	-0.24014218	-0.83156127	0.09452918	-0.026624	0.3897128	0.1275596	-0.13305828	0.082637765	-0.22732545	0.47434196	-0.10877912	0.5380722	-0.057598077	0.54905623	0.034186073	0.103157066	-0.28798574	0.45123214	-0.210393	0.04391231	0.103408806	-0.22917843	-0.6732984	-0.28899837	0.14967255	-0.1576305	-0.15396348	-0.5128512	-0.3976188	0.5701748
-0.79766065	-0.6063105	-0.69153	0.5255748	-0.7069306	-0.715651	-0.0489824	0.7349448	-0.023950793	0.71923405	0.7629737	0.5510866	0.6982088	-0.771419	0.8057187	0.6635835	0.4124943	-0.5871338	-0.34555376	0.78962463	0.2653645	-0.18706389	-0.08581006	0.7544106	0.6793164	0.025032278	-0.7142545	0.5214203	-0.6645431	0.64202195	-0.78560805	-0.7718902	0.5681864	0.121507056	0.79979837	-0.74343866	0.63682455	0.050160605	0.26221615	-0.65618676	-0.7189754	-0.53031904	0.38928857	0.6112165	-0.48078346	0.7756187	0.73138934	0.763269	0.8055181	-0.59249043	0.22818433	-0.3875954	-0.54166245	0.5569981	-0.7976397	0.6600127	-0.5161714	-0.6882936	-0.66120607	0.75918746	0.65306556	-0.6559397	0.67023456	-0.054266814
-0.28729582	0.17861049	0.18803799	0.30248937	-0.2829831	0.072342195	0.062056165	-0.15274902	0.10020604	0.25609365	0.2036084	0.34772515	-0.25132415	-0.27752846	-0.266378	-0.19122846	0.30444205	0.18427141	-0.25217137	0.21750446	-0.27587438	-0.31240925	-0.20695466	-0.08464066	-0.2877908	0.17704926	-0.36554718	-0.1954508	-0.14861463	-0.11957585	-0.16402733	-0.24037994	0.0933761	-0.27969614	0.19625838	-0.12978849	0.31488287	0.163808	-0.3310121	-0.28595525	-0.2580254	-0.06430279	-0.24072012	-0.18852283	-0.28518295	0.107192114	0.30679104	0.0150261475	-0.03036857	-0.30479807	-0.30408195	-0.09796246	-0.2648707	-0.016903255	-0.13220535	0.1394871	-0.22428726	0.3310998	-0.27784473	0.044428065	0.33705163	0.2592811	-0.038475882	0.16690186
-0.30145982	0.31385362	0.22998461	0.30168822	-0.40182146	0.26464424	-0.044869665	-0.48058975	0.24539663	0.2721555	0.09667154	0.43169475	-0.4677076	-0.08018534	-0.4995942	-0.48829898	0.41143298	0.41576102	-0.32183498	0.13817035	-0.5510726	-0.32468107	-0.33787054	-0.24758297	-0.5539972	0.13267702	-0.36767	-0.34835756	-0.32766736	-0.39445418	-0.1967448	-0.20514809	0.074837685	-0.39739597	0.258499	0.009842381	0.24527007	0.3497695	-0.5393209	-0.27629384	-0.25563046	0.050502285	-0.42166266	-0.43735602	-0.35939446	-0.17855482	0.31399003	-0.46454236	-0.2407141	-0.4435572	-0.3828847	-0.27155614	-0.2818015	-0.093653835	-0.18269804	0.18436176	-0.1699903	0.50440615	-0.3759409	-0.19233043	0.32963327	0.46950895	-0.06119981	0.19229524
-0.15467493	-0.7230827	-0.8736085	-0.11549393	-0.25541297	-0.6862545	0.20350419	0.8056118	0.41289824	0.08938208	0.57497287	0.08097711	0.711029	-0.2310205	0.8053916	0.4322859	-0.17544323	-0.6735953	0.23106568	0.46519363	0.39316332	0.32376975	0.33517107	0.32791764	0.7544711	-0.4261828	-0.10828283	0.77177095	-0.7227734	0.717299	-0.536986	-0.5262356	0.65397084	0.46290776	0.5307571	-0.3611555	-0.061815	0.09252189	0.48445782	-0.18048725	-0.24940827	-0.04310522	0.713697	0.2516721	0.04430403	0.35310057	0.1477582	0.4787143	0.43571058	-0.10155097	0.5056475	-0.39228997	-0.05697728	0.14798437	-0.6368055	0.611485	0.072507195	-0.66360855	-0.23769924	0.8190283	0.18562052	-0.59472704	0.3490301	-0.30385748
0.28106087	-0.38546968	-0.50985277	-0.47279313	0.18985762	-0.27005073	0.29957098	0.33698657	0.54671526	-0.43212873	-0.06544137	-0.2989514	0.09184546	0.47373626	0.35394162	-0.23474419	-0.35944408	-0.3620111	0.40756828	-0.1481802	0.0077369995	0.5040795	0.33309427	-0.36660242	0.3309481	-0.53116024	0.3326691	0.4316397	-0.4422678	0.41027662	-0.15277497	0.0060330145	0.3786291	0.42425218	0.035576887	0.31201658	-0.42682028	0.2944055	0.4146247	0.3256908	0.26566878	0.29126903	0.4340393	-0.29360914	0.3983743	-0.45834458	-0.34682387	-0.34747562	-0.29727086	0.1968265	0.5139829	-0.25331935	0.31844166	-0.2782391	-0.24576128	0.38357618	0.5137109	-0.43684274	0.13419788	0.37842757	-0.35395008	-0.27947223	-0.18585758	-0.32514516
-0.0390867	0.047083784	-0.031382877	-0.009240259	-0.13532995	-0.055288374	0.11233235	-0.016512496	0.30108282	-0.009705086	0.09327856	0.09996949	-0.22794695	0.0037123046	-0.13719155	-0.2771649	0.08017084	0.02170345	-0.0030760912	0.12903742	-0.20300384	-0.056580104	0.00029917093	-0.25518423	-0.0654026	-0.11741692	-0.08504339	-0.066411786	-0.23861186	-0.02277427	-0.121124156	-0.10777119	0.19042766	-0.042323027	0.18897778	0.010017347	0.0114759905	0.30007455	-0.11031482	-0.071053155	-0.106854565	0.14764503	-0.12271729	-0.28680512	-0.06827241	-0.20131047	0.022687389	-0.19235191	-0.1967177	-0.15101756	-0.08128818	-0.06126698	-0.07819697	-0.15735611	-0.19133082	0.2194324	0.039525628	0.11227789	-0.18039425	0.095721826	0.056691427	0.05937173	-0.039094202	0.08864003
0.3611806	-0.08980482	-0.059251744	-0.16671471	0.32272774	-0.033643447	0.2982956	0.23336351	0.019895138	-0.3428862	-0.20478956	-0.40309185	0.16498819	0.20210159	0.09786639	0.26348415	-0.3754954	-0.37968302	0.39022478	-0.25974065	0.28804693	0.1905913	0.35790092	-0.117298566	0.26672992	-0.13215788	0.33588946	0.03417107	0.18162444	0.25643557	0.2263857	0.19831865	0.06682918	0.25011823	-0.21503979	-0.06617114	-0.3816235	-0.1098014	0.43749014	0.30684382	0.34353572	0.15345402	0.2729927	0.18310964	0.37031886	-0.115768865	-0.40512386	-0.06174616	-0.19726172	0.34148097	0.2944367	0.17781605	0.35696992	-0.0374828	0.07996235	-0.13589644	0.11965769	-0.34544316	0.35242853	-0.023898771	-0.3532528	-0.33079556	-0.2153359	-0.03677461
0.23964202	-0.035509303	-0.13100521	-0.10955986	0.06743799	-0.093405925	0.27985847	0.1618307	0.18212724	-0.20562765	-0.015497543	-0.20017488	-0.059069198	0.04018028	-0.016880956	-0.0089855	-0.18453002	-0.24046324	0.2704708	-0.04373875	0.005910753	0.06821233	0.2731781	-0.2630834	0.12867095	-0.23209223	0.1905417	0.084021024	-0.037431464	0.20782	-0.018850017	0.003092037	0.24814177	0.14299437	-0.029288204	-0.098374456	-0.17948937	0.16346098	0.24548343	0.15135047	0.070267946	0.24441361	0.018177383	-0.16677487	0.1398398	-0.11429182	-0.20336087	-0.07382716	-0.16969511	0.058325868	0.05546732	0.03458926	0.052227728	-0.21305005	-0.061607596	0.11281583	0.05344126	-0.24655399	0.025306033	0.1757337	-0.18775041	-0.25583336	-0.21900585	0.037598703
0.65223324	0.84768116	0.9419045	0.96844476	0.61549956	0.7947412	0.69207937	-0.6739771	-1.0124716	-0.29708132	-0.60322875	-0.56446725	-0.68375415	-0.99296474	-0.8268317	0.8135499	-0.46879035	-0.45844206	0.40595385	-0.5318507	0.61016166	-0.92752004	0.6815869	-0.22439009	-0.5719014	0.7800819	0.38279083	-0.94578964	0.86425567	-0.7470413	0.61727333	0.6851241	-0.6827107	-0.6452393	-0.7532494	-1.0046896	0.028085334	-0.6871051	0.36614436	0.532166	0.38169342	-0.06600565	-0.9613481	0.76346475	0.14062083	0.56965524	-0.46424872	0.5422166	-0.5743203	0.6149551	-0.89254856	0.76626503	0.058446046	0.14945778	0.7105128	-0.8489188	-1.0790914	0.1862198	0.5322317	-0.8578811	-0.55462515	-0.4046877	-0.76938355	0.90695864
-0.5415169	-0.12489705	-0.106197685	0.41379428	-0.41317102	-0.2350162	-0.20753415	0.10988318	-0.087689586	0.5748062	0.3379305	0.47852662	0.21091388	-0.5142608	0.2019282	0.20476733	0.3801699	0.08174951	-0.46082675	0.35370147	-0.1266549	-0.29903165	-0.32840294	0.2459473	0.014558563	0.24892634	-0.57099605	0.054058712	-0.21809377	0.08809793	-0.25638902	-0.29207668	0.03010446	-0.22265673	0.45342395	-0.17657594	0.58043563	-0.03820231	-0.21391766	-0.579279	-0.46005487	-0.27373812	-0.11721538	0.20017177	-0.45631674	0.5708865	0.5552296	0.30833846	0.48536274	-0.35552797	-0.15693659	-0.30270004	-0.37228104	0.25432473	-0.3018429	0.14595719	-0.28872252	0.066356204	-0.3962717	0.20990014	0.50536996	0.018781342	0.33976322	0.032366134
0.17269713	0.24288663	0.19651935	0.049134623	0.06639703	0.058542788	0.38554063	-0.09539833	0.16531195	-0.102453575	-0.08110376	-0.09263687	-0.3787129	-0.10071902	-0.31982893	-0.12496563	-0.12930849	-0.16936031	0.18917839	-0.05800313	-0.10059355	-0.17567387	0.27662498	-0.4965025	-0.16475406	-0.021167867	0.028814485	-0.24333924	0.14265186	-0.18776436	-0.010213049	-0.03425434	0.13721326	-0.0873164	-0.06344869	-0.22677507	-0.17849919	0.26955435	0.014701412	0.21230324	-0.028670643	0.3224585	-0.25251606	-0.31196302	0.025299435	-0.22834955	-0.24784033	-0.09719728	-0.41653535	-0.06957165	-0.1745637	0.21740624	-0.113052815	-0.40726683	-0.0074483296	0.05802072	-0.15886544	0.040530156	-0.030201035	-0.035492666	-0.13079664	-0.09844142	-0.49212888	0.35657933
0.2915696	-0.6141435	-0.6202885	-0.51591265	0.3094882	-0.26735124	0.22891746	0.3919687	0.28635406	-0.35063645	-0.1762191	-0.3881883	0.37824157	0.44613835	0.5505238	0.16549116	-0.36880815	-0.38005537	0.42275256	-0.2306945	0.27005628	0.61180913	0.34787172	-0.009830442	0.50926554	-0.5048351	0.38629365	0.6199608	-0.25890863	0.57745767	0.018759431	0.12460825	0.13506643	0.52071536	-0.15020415	0.25625145	-0.4572936	-0.092090756	0.49970707	0.27561757	0.2740305	0.06282272	0.6709863	0.05768721	0.4705484	-0.2945767	-0.28223455	-0.24729858	-0.074703746	0.40431547	0.5757373	-0.2182141	0.4321101	-0.067755185	-0.061391626	0.17510584	0.4769056	-0.5100406	0.24867243	0.3217007	-0.32094848	-0.4313391	0.049230397	-0.45733577
0.21656328	0.21601951	0.1874174	0.26324382	0.17469732	0.058505137	0.17912816	0.02916321	-0.18003696	-0.09133836	-0.061496697	-0.17489089	-0.011031714	-0.22880237	-0.1307598	0.3039753	-0.19853535	-0.154648	0.08505759	-0.029051604	0.1525452	-0.26284364	0.2553405	-0.047757134	0.055022515	0.1994171	0.037603524	-0.23553832	0.27219635	0.0055318964	0.16607606	0.10905396	-0.103105284	-0.03759997	-0.11727626	-0.2729585	-0.02461722	-0.025955815	0.20149884	0.1599559	0.061714422	0.013326757	-0.03400932	0.18536162	0.023817878	0.15292543	-0.13042878	0.16677698	-0.030422868	0.17556806	-0.075455256	0.26030517	-0.047646485	0.07223555	0.05957074	-0.1992611	-0.3256667	-0.06587399	0.08182773	-0.16831551	-0.09460676	-0.16646452	-0.19267745	0.2127871
0.1645723	0.88491666	0.85444903	0.779213	0.0066798627	0.520693	0.67702	-0.7200423	-0.04407714	-0.0028470594	-0.010874063	-0.0008313635	-0.691631	-0.77026266	-0.8697686	-0.04740604	0.06716309	0.041954573	0.17258617	0.075993314	-0.11695073	-0.7856957	0.34184965	-0.6309885	-0.64167863	0.4336647	-0.1939824	-0.8413845	0.32062307	-0.7738912	-0.060035136	-0.013374655	0.18986666	-0.5586067	-0.10195299	-0.79259455	0.13232909	0.45225626	-0.14061384	0.1313516	-0.22023115	0.5066873	-0.7595559	-0.2612849	-0.3154224	-0.09431637	-0.14358227	-0.024176607	-0.8749156	-0.18865927	-0.77088064	0.49727464	-0.36635536	-0.45977977	-0.042742204	-0.012354449	-0.93113923	0.38097093	-0.06485803	-0.41181192	-0.076916456	0.057677086	-0.7932239	0.78950304
0.14606331	0.32742506	0.24956581	0.20427325	0.03807133	0.056002207	0.3014564	-0.08333831	0.068985745	-0.041133165	0.054650694	-0.002401652	-0.22093225	-0.30251825	-0.28677624	-0.06866268	-0.10024025	-0.14798987	0.14161365	0.05731535	-0.08573617	-0.2583259	0.24094726	-0.21707545	-0.15806437	0.111777216	-0.029260509	-0.29688266	0.19597961	-0.20362148	-0.014663362	-0.017817374	0.1396354	-0.18205735	-0.081969425	-0.340947	-0.00343899	0.19036002	0.06686962	0.1017053	-0.10996389	0.1953899	-0.288174	-0.12316045	-0.08633643	0.062564015	-0.08120441	0.08035849	-0.28907964	-0.07499464	-0.18983771	0.1933829	-0.19523214	-0.20254567	-0.0066050063	0.02370949	-0.36840203	0.06997702	-0.04976697	-0.10699628	-0.021868221	-0.012352311	-0.30947477	0.32257068
-0.22433154	-0.021202886	0.40080258	0.092036955	0.4304725	0.8514821	-0.4727539	-0.82411885	-0.99786866	0.25055793	-0.9325611	0.107541464	0.15680763	0.31382653	-0.12650603	0.50429654	0.44337237	0.6337992	-0.6509054	-0.8504115	-0.048517697	0.023142241	-0.49385563	0.6326196	-0.6771038	0.62343794	0.06303997	-0.06835857	0.27622613	-0.64237726	0.76034504	0.8470986	-0.9078261	-0.5013816	-0.4882705	0.45041487	0.4310405	-0.865058	-0.55198514	-0.22798622	0.8780422	-0.69911796	0.0014811207	0.79561335	0.04481272	0.09968264	0.23451012	-0.5690021	0.446321	0.60503477	-0.24241504	-0.10259212	0.70587915	0.65295804	0.7872336	-0.8660024	0.26014495	0.7614774	0.23479857	-0.89441174	0.1689544	0.6273629	0.36163622	-0.4151155
-0.1026234	-0.2691083	-0.23719662	-0.048872557	0.015184485	-0.21621592	0.09898445	0.25344908	-0.12119008	0.09406222	0.17413199	0.10815866	0.29196152	-0.036268033	0.3087251	0.2537376	-0.027409367	-0.1491684	-0.015428316	0.13875224	0.018179998	0.108101845	0.015738886	0.23930158	0.25331753	-0.05607551	-0.036919724	0.20859084	-0.08263765	0.21842712	-0.10906089	-0.030719135	-0.010615111	0.16545197	0.14421245	-0.062432185	0.021803988	-0.23507787	0.0402601	-0.06896143	-0.04725084	-0.19409464	0.17659919	0.30496004	-0.018117223	0.114492044	0.15885976	0.087731555	0.2659071	-0.0137123335	0.1576494	-0.16184552	0.113007545	0.1500751	-0.12474495	0.06275523	0.03901917	-0.20320792	-0.10102922	0.20242208	0.11519181	-0.15337895	0.1135227	-0.11329597
-0.61873406	-0.6518158	-0.5175685	0.21533361	-0.48678726	-0.4279714	-0.1941698	0.31778774	-0.20201498	0.44706053	0.48294684	0.44849038	0.5616952	-0.38245943	0.5975994	0.5122936	0.3905267	-0.11011408	-0.3395883	0.47328654	-0.13437866	-0.02549831	-0.35747945	0.5675932	0.40920222	0.13340053	-0.45375532	0.5735028	-0.69824344	0.41996872	-0.390069	-0.3693421	0.1583709	-0.07511875	0.5326789	-0.18166664	0.4537979	-0.28474003	-0.21644418	-0.50004643	-0.2873345	-0.523178	0.31997117	0.4975268	-0.322125	0.46237743	0.51931137	0.44831178	0.66096497	-0.32067987	0.17886192	-0.5650087	-0.20087399	0.5115901	-0.36974868	0.2224914	-0.10041592	-0.15913263	-0.50440407	0.48212302	0.53504205	-0.17088765	0.5034843	-0.2897097
-0.2072214	0.22221853	0.23511069	0.29064232	-0.15275687	0.17675883	0.057258602	-0.20347784	-0.04703599	0.14731784	0.0835007	0.26199737	-0.18328968	-0.28350583	-0.23354137	-0.050866008	0.25175765	0.11502611	-0.21087623	0.14283282	-0.26243457	-0.30216634	-0.12298927	-0.07981962	-0.27330115	0.20610873	-0.28546333	-0.2623074	-0.031652417	-0.2591705	-0.12088636	-0.04769061	-0.016086202	-0.28292385	0.136347	-0.20416948	0.21825482	0.023697322	-0.27135316	-0.17993341	-0.23634005	-0.07231657	-0.3325772	-0.09830714	-0.21608011	0.07049586	0.21139276	-0.07225116	-0.057924196	-0.18451895	-0.26285678	-0.063006684	-0.1845736	0.0028889908	-0.06931194	-0.018452724	-0.22901991	0.23519427	-0.22512437	-0.10082577	0.15266843	0.112526625	-0.02351621	0.16007352
0.05307633	-0.00892044	0.0132458415	-0.057393383	0.06278232	0.23348461	0.022511182	-0.2171806	0.07181864	-0.08681429	-0.17528675	0.04738079	-0.18851177	0.19520564	-0.18801953	-0.16254792	0.06367925	0.17096892	-0.09191349	-0.1304891	-0.20262319	0.077685796	-0.074610084	-0.15186198	-0.18212762	-0.06694508	0.033050824	-0.06467996	-0.1469988	-0.116594136	0.11079344	0.08653614	-0.06435116	-0.032844312	-0.07724924	0.126655	-0.005833894	0.056513887	-0.15875265	0.02623557	0.11647102	-0.02238508	-0.076202504	-0.12922837	0.023030374	-0.32698438	-0.05192758	-0.41660014	-0.15155442	0.07318509	-0.073966876	-0.09663591	0.15089788	-0.015333535	0.12321428	-0.046614785	0.16929148	0.21095663	-0.027849993	-0.19629633	-0.039307084	0.18994375	-0.02759651	-0.093351886
-0.052871507	-0.0178857	0.010688899	0.12945595	-0.031049497	-0.09968969	0.16305862	0.122953825	-0.013500123	0.045503505	0.14546464	0.06488042	0.050510082	-0.27612305	0.054787718	0.28282037	0.0034041614	-0.19054046	0.049134135	0.18679135	0.049170762	-0.1481999	0.060677603	0.053672954	0.11533226	0.025674496	-0.12360551	-0.052734625	0.1125244	0.10249088	-0.11590608	-0.07337907	0.12038475	7.912197e-05	0.097020864	-0.29966128	0.120400146	-0.020818818	0.12569074	-0.094049916	-0.15671666	-0.035682667	-0.063957	0.09197686	-0.09262058	0.23539661	0.04797288	0.19953167	0.09632027	-0.088675365	0.014418132	0.021271043	-0.12678221	0.05645975	-0.07687452	-0.016335104	-0.22348838	-0.19176826	-0.122276954	0.13946402	0.096955374	-0.15189905	0.013070877	0.15602753
-0.2653793	-0.7317785	-0.8317192	-0.114751585	-0.24755342	-0.7411727	0.10196033	0.83557755	0.3743613	0.21627235	0.5920724	0.11101648	0.78214157	-0.26435184	0.82307565	0.54600614	-0.05081957	-0.6477275	0.17716135	0.49657547	0.3734864	0.2955702	0.2163085	0.3912168	0.79028136	-0.31984052	-0.14895658	0.7497457	-0.5268058	0.84154624	-0.56007487	-0.56599563	0.5722929	0.47917923	0.6042264	-0.38623947	0.08178937	0.17647216	0.38362446	-0.29754475	-0.36196014	-0.0918615	0.7231164	0.28829467	-0.07773793	0.4002999	0.26884088	0.53697616	0.55360055	-0.234127	0.5719791	-0.3603834	-0.12921543	0.20497337	-0.6493263	0.5680004	-0.051131725	-0.70209324	-0.35081953	0.8009566	0.2707281	-0.62550443	0.39401737	-0.22786105
-0.5694378	0.22148198	0.0999941	0.32580912	-0.46895757	0.054275528	-0.048799217	-0.27601537	0.31423417	0.49096662	0.28977352	0.5231146	-0.24501573	-0.21292819	-0.26002365	-0.3508253	0.53484076	0.3436341	-0.41911563	0.35111344	-0.360397	-0.26642063	-0.31506193	-0.19493161	-0.30448574	0.05057547	-0.46857578	-0.16885546	-0.43887925	-0.28765172	-0.33116972	-0.3356099	0.2298138	-0.38819304	0.46856797	-0.100570366	0.43288225	0.3048745	-0.48670438	-0.47821525	-0.31856516	-0.004998821	-0.2994433	-0.35731596	-0.39783704	-0.09830949	0.4858406	-0.25656283	-0.096349575	-0.45600328	-0.28112048	-0.38306087	-0.299531	-0.15089409	-0.26685494	0.36777174	-0.14958099	0.3822138	-0.42481825	0.048548255	0.4654899	0.3403318	0.017104654	0.10063207
0.20103472	-0.059917275	-0.13043171	-0.19363508	0.13282576	-0.0672008	0.20411679	0.123524	0.1462769	-0.24349432	-0.03605553	-0.16136757	-0.08958635	0.18909442	0.0013436086	-0.10807859	-0.18438396	-0.11099576	0.21979223	-0.108671665	-0.0741286	0.12664263	0.19371395	-0.2432084	0.019756453	-0.2424577	0.12225991	0.026472552	-0.10707482	0.14670461	-0.059392262	0.06700413	0.0960452	0.117354766	-0.016280243	0.084722415	-0.18535787	0.10249631	0.13771649	0.16151457	0.084206074	0.15659109	0.06773733	-0.1589117	0.20009595	-0.26745084	-0.1899316	-0.20539686	-0.23383279	0.12437704	0.16834725	-0.05628085	0.13333105	-0.10088915	-0.0487608	0.13596725	0.19162437	-0.046665255	0.07485198	0.066229	-0.1364534	-0.122163266	-0.18739125	-0.036397714
-0.00023369564	0.035462853	0.034873355	-0.0466421	0.049775805	0.15728548	0.13963425	-0.05899083	0.040379703	-0.102975585	-0.06075493	0.03070381	-0.13320829	0.1320036	-0.085800864	-0.0965314	0.064844884	0.036294997	-0.0006267824	-0.11072336	-0.19461218	-0.0024057345	-0.0010622912	-0.09754232	-0.089231	-0.057854127	0.073256716	-0.06973538	-0.07301268	-0.0009372179	-0.02163679	0.015833264	-0.0222133	0.021943748	0.0036614912	0.087239265	-0.09763393	0.0917216	-0.10169573	0.0007398716	0.09907183	-0.008893505	-0.010112398	-0.07668024	0.010421677	-0.26457334	-0.023779692	-0.25550216	-0.11663643	0.04628972	0.024791326	-0.029147157	0.11534056	-0.068445414	0.033373177	-0.008957152	0.120993435	0.11636707	-0.016230911	-0.07438542	-0.042026408	0.015488926	-0.06214386	-0.008241458
-0.024081672	0.22433902	0.19523838	0.21765377	0.0095418105	0.08561857	0.11327248	-0.1418899	-0.068534	0.056399666	0.008450585	0.04751493	-0.19211951	-0.16794913	-0.1914327	0.06255942	0.13024136	0.035832245	-0.10496216	0.06098635	-0.059610207	-0.2556535	-0.027719483	-0.11439035	-0.09718622	0.114929736	-0.06661605	-0.19032314	0.075696535	-0.1315798	0.0051763905	-0.01716068	-0.016466295	-0.11468256	0.03756377	-0.14850453	0.0860969	0.04096107	-0.10767359	-0.053309787	-0.08373422	-0.088384986	-0.19226664	0.010829808	-0.12827374	0.10119954	0.094124265	-0.05752573	-0.06046048	-0.0039240597	-0.16716886	-0.006337016	-0.122936755	0.011373437	-0.0055446564	-0.01135021	-0.2194643	0.089540415	-0.030538473	-0.09603256	0.07000175	0.0063340142	-0.1714248	0.15259041
0.5400504	-0.3495429	-0.24214129	-0.43172225	0.4660557	-0.14633276	0.48175272	0.30441648	0.3068524	-0.48351222	-0.45849875	-0.411811	-0.026964486	0.48701712	0.15270738	-0.07407294	-0.44892794	-0.3849897	0.40326428	-0.6014507	-0.08537532	0.43714833	0.44154438	-0.4597861	0.33146676	-0.33733284	0.46511692	0.28081274	-0.22417192	0.2765689	0.24647754	0.5070331	0.29668388	0.36389118	-0.44008127	0.33354628	-0.47649243	-0.079567336	0.38929352	0.4371127	0.53592867	0.29885116	0.41521424	-0.17993174	0.39645493	-0.5420029	-0.5265013	-0.59655416	-0.518625	0.49129075	0.40511388	-0.22082949	0.51328677	-0.32574505	0.07468986	0.11725554	0.4531222	-0.34457982	0.39173308	0.2488035	-0.39011526	-0.36179146	-0.45629326	-0.27640757
0.114831544	-0.46572682	-0.3977065	-0.5343331	0.20973088	0.084065564	0.048472334	0.058014583	0.083969764	-0.23495267	-0.3841435	-0.13469365	0.2533245	0.63998103	0.36849073	-0.14301194	-0.14245792	-0.02557335	0.031523522	-0.4693391	-0.12269357	0.6079649	0.01902121	0.09980349	0.2751756	-0.24488442	0.28003708	0.4509218	-0.43918124	0.33459097	0.108115666	0.3950095	-0.07947314	0.3025021	-0.01262533	0.5540439	-0.27837464	-0.35244152	0.042884912	0.17728978	0.53457546	-0.124017954	0.503998	0.07034057	0.39042577	-0.45044455	-0.16627055	-0.68392473	-0.09670009	0.33903518	0.40382197	-0.3835947	0.56480426	0.058741964	0.14868318	0.028883593	0.6651868	-0.09699649	0.12806627	0.03708789	-0.14629346	-0.017358223	0.068911284	-0.5159915
0.62102866	0.7915964	0.8027725	0.62243056	0.56283116	0.7246984	0.67116237	-0.6955506	-0.6643271	-0.34691826	-0.62759876	-0.49857527	-0.75052434	-0.6405135	-0.8548035	0.48378217	-0.2393491	-0.18757874	0.22782472	-0.4840037	0.15769428	-0.76640314	0.50775033	-0.3982332	-0.57617384	0.57326746	0.20808944	-0.8235107	0.75555104	-0.70734334	0.5210593	0.54400206	-0.41868937	-0.4204005	-0.59788734	-0.7405299	0.045739353	-0.12779972	0.13028024	0.45816094	0.22837391	-0.09807388	-0.7720039	0.3354715	0.031213585	0.16301227	-0.39110672	0.05688756	-0.6303323	0.4117132	-0.6650301	0.6528802	0.11224444	0.079692245	0.5165607	-0.64323145	-0.8407488	0.36738226	0.36241558	-0.76403517	-0.37151226	-0.12699087	-0.82299167	0.8125189
-0.25865513	0.014514153	-0.09729541	0.0062866346	-0.25772285	-0.05362102	-0.044608437	-0.035466004	0.28585997	0.1859354	0.10809156	0.28052247	-0.16964954	-0.020066127	-0.06992967	-0.2510142	0.24486853	0.122488976	-0.19436844	0.20138153	-0.2607415	-0.025795246	-0.20568629	-0.085843176	-0.16834408	-0.09095652	-0.20316853	0.008481472	-0.4915894	0.011891209	-0.14558704	-0.1793784	0.14311986	-0.08678645	0.2803803	0.040261663	0.13158357	0.16209851	-0.26099116	-0.19679983	-0.120376	-0.013325656	-0.07793485	-0.18858998	-0.18641426	-0.109126925	0.21260542	-0.11053061	-0.03517279	-0.24214663	-0.04594493	-0.28124964	-0.14193879	-0.027417341	-0.21861373	0.2208507	0.059774905	0.19017479	-0.27021617	0.13031955	0.18575884	0.16303256	0.062652215	-0.04573736
0.6622922	-0.7074155	-0.8639362	-0.63943505	0.47964725	-0.6111208	0.54013085	0.78876984	0.80643016	-0.6559783	-0.17600156	-0.58867955	0.36363533	0.69826186	0.60004735	-0.37374336	-0.67278194	-0.61333305	0.7419233	-0.3652919	0.10055938	0.74322116	0.68633604	-0.69928825	0.6649989	-0.618487	0.6183731	0.8024799	-0.76160437	0.7296822	-0.12064834	0.14689629	0.8285261	0.6160905	-0.19855149	0.50002766	-0.73095554	0.45302933	0.70892894	0.62530756	0.45953223	0.67035764	0.77936816	-0.60638994	0.5766127	-0.66829294	-0.6668663	-0.51696444	-0.6604079	0.56180906	0.7253305	-0.3841641	0.5982693	-0.6860167	-0.29941395	0.72587377	0.78004265	-0.72207373	0.47588432	0.75257087	-0.5281244	-0.57733715	-0.51555765	-0.75023943
0.16312088	0.37872317	0.51447713	0.579932	0.31482273	0.25002977	0.21926728	-0.22083698	-0.6074826	0.02692469	-0.22273146	-0.18264093	-0.13250044	-0.5360139	-0.31912142	0.698028	-0.08169024	-0.1673269	0.015075029	-0.11333077	0.2884776	-0.5636962	0.123092495	0.2093377	-0.12356387	0.44763517	0.070057556	-0.46837503	0.58062196	-0.19561805	0.29262242	0.26289642	-0.35356957	-0.23885155	-0.27703655	-0.41705474	0.20488955	-0.43674207	0.10434222	0.07192308	0.1387679	-0.24616343	-0.3383304	0.7026176	-0.029816242	0.48626485	-0.029674223	0.32547098	0.10663867	0.31358206	-0.42776483	0.38108298	0.080444224	0.29368436	0.33294636	-0.45647654	-0.58727545	0.058292568	0.16443348	-0.39666688	-0.100836836	-0.22489324	-0.23566039	0.3816916
-0.15062872	0.15405537	0.080808654	0.17622569	-0.2082716	-0.069043994	0.24418463	-0.09862838	0.36233217	0.14963083	0.23856792	0.23286618	-0.25926498	-0.18193096	-0.26398262	-0.27448243	0.19447191	0.017289007	-0.04563504	0.23441362	-0.24896826	-0.16148157	-0.041873604	-0.29974616	-0.17930338	-0.1463971	-0.21007428	-0.23555396	-0.30637074	-0.0454463	-0.25057352	-0.2271386	0.27949396	-0.14593984	0.2924225	-0.21428812	0.12599336	0.36299196	-0.2097003	-0.109114565	-0.23608834	0.20751235	-0.20592603	-0.35717133	-0.21541514	-0.14538276	0.16852961	-0.10507165	-0.26872307	-0.28008583	-0.14273171	-0.20206498	-0.2729614	-0.27720785	-0.28562438	0.34661162	-0.17577322	0.20838812	-0.20142668	0.15606964	0.123983026	0.13793649	-0.16368584	0.18360434
0.35057816	0.10996789	0.11558956	0.012022302	0.30525997	-0.0693933	0.46308598	0.10695352	-0.026893733	-0.23470551	-0.13358566	-0.31348503	-0.10114323	-0.07638865	-0.10575759	0.23963259	-0.34714627	-0.37927243	0.3893466	-0.079970345	0.12871195	-0.024407575	0.48413593	-0.24136344	0.12409258	-0.08457531	0.18592945	-0.15472236	0.25295147	0.11881142	0.098347865	0.1380539	0.12864923	0.15831713	-0.20578663	-0.28912553	-0.20073287	0.044530112	0.29524842	0.31818885	0.038289763	0.18878092	-0.0024989997	0.02450281	0.16108552	-0.03793446	-0.21613273	0.03853199	-0.2527591	0.1880765	0.04257094	0.27267116	0.035177678	-0.18771552	0.049196035	-0.09832385	-0.1660705	-0.22940618	0.10800835	0.012581038	-0.2365952	-0.40233195	-0.3689322	0.2867422
-0.06659706	-0.3460804	-0.19216071	-0.22904493	0.112233944	0.11558923	-0.1476259	-0.09467267	-0.23455884	0.0077959765	-0.1944094	0.0031367955	0.27082208	0.26688728	0.24160646	0.1432487	0.14030766	0.15850979	-0.18413192	-0.16058424	-0.09530582	0.2700906	-0.20870228	0.28925064	0.12559071	-0.04693499	0.08470413	0.35062736	-0.20949912	0.1403383	0.18237557	0.1973085	-0.2899702	0.10078356	-0.032895543	0.35045478	0.07041519	-0.33402333	-0.111582994	-0.06972869	0.23026772	-0.30551198	0.23896457	0.29496056	0.084078565	-0.071358144	0.10606377	-0.255075	0.23738484	0.1492608	0.20816684	-0.30922478	0.23156357	0.3686978	0.13866882	-0.13482893	0.33504286	0.05658773	0.030768607	-0.046698682	0.1016628	0.08116447	0.23152265	-0.3614612
0.039351124	-0.19177167	-0.29181808	-0.27237812	-0.19530077	-0.21448027	0.21286984	0.09324401	0.54769504	-0.13067275	0.101092786	-0.010819059	-0.17818092	0.26584616	-0.03820382	-0.37775093	-0.026814578	-0.093199365	0.21323057	0.1243639	-0.2778752	0.13016237	0.12673861	-0.37408143	0.044637356	-0.43775997	0.002490942	0.12054082	-0.5809579	0.18584569	-0.2273747	-0.22692767	0.4140129	0.10231998	0.20030266	0.15113905	-0.23431529	0.38034758	0.02522203	0.056416225	-0.06166336	0.2668109	0.08660529	-0.48676106	0.008935096	-0.44299087	-0.0857236	-0.25132847	-0.31466022	-0.12388558	0.083393	-0.2575071	-0.048287854	-0.304862	-0.26474652	0.46711233	0.27711824	-0.034676567	-0.119596794	0.31985766	-0.09188121	0.027564624	-0.15192248	0.0047610817
0.36457777	-0.32172105	-0.39777854	-0.442163	0.23103432	-0.20466244	0.3030645	0.2803663	0.46475857	-0.43273506	-0.18480141	-0.2675182	0.0068541253	0.5424699	0.16594087	-0.23104757	-0.33301625	-0.2519287	0.3722136	-0.1778315	-0.115694046	0.43154654	0.28895643	-0.35085338	0.2958639	-0.4825063	0.2945933	0.37411633	-0.3798696	0.35355923	-0.047732286	0.0635423	0.3144209	0.39021093	-0.0863414	0.33754134	-0.42839026	0.11916641	0.26036593	0.3416109	0.29385173	0.28090498	0.41563416	-0.3676312	0.38066828	-0.6110224	-0.4333381	-0.46249226	-0.44464585	0.20508367	0.35552046	-0.20933725	0.3448789	-0.3035957	-0.14775884	0.27664635	0.54125905	-0.2491674	0.10323921	0.28117988	-0.28879258	-0.25490597	-0.194446	-0.26289213
-0.74378616	-0.1022781	-0.11071345	0.70502776	-0.56892914	-0.5175616	-0.17585409	0.35497513	-0.035359424	0.7539839	0.7518102	0.6231068	0.2812931	-0.8924961	0.27193654	0.37996814	0.59519583	-0.24488145	-0.5324038	0.76626456	-0.07093743	-0.51130706	-0.33998704	0.3464531	0.2220102	0.3552219	-0.7622761	0.024676362	-0.18385291	0.32017982	-0.59760857	-0.61620396	0.37934527	-0.2937439	0.73829794	-0.60616386	0.84392905	0.13342385	-0.269257	-0.72211033	-0.70786613	-0.29883236	-0.16963473	0.26051247	-0.64383984	0.8321164	0.8178167	0.6761724	0.61546594	-0.5922238	-0.28987727	-0.14938141	-0.6815406	0.26030022	-0.62107337	0.34389484	-0.78096914	-0.16383237	-0.5806002	0.5336447	0.7989081	-0.17499304	0.33658695	0.22979352
-0.2539291	0.14093788	0.048634063	0.13324931	-0.28273925	-0.15176754	0.11862663	-0.050954934	0.38768366	0.16864952	0.2732442	0.24431345	-0.21739402	-0.15161793	-0.19204338	-0.30339974	0.1909876	0.12875228	-0.15214314	0.23707822	-0.27013728	-0.1269603	-0.12820421	-0.3014591	-0.21452014	-0.08857794	-0.24358962	-0.17587662	-0.3623728	-0.11009231	-0.34196666	-0.31221914	0.27856597	-0.1926763	0.30032536	-0.09203708	0.12425302	0.34358433	-0.2342962	-0.18621083	-0.31624797	0.14226022	-0.18286088	-0.35231656	-0.26791835	-0.18379961	0.20755276	-0.083656654	-0.22516997	-0.2863941	-0.20903645	-0.14359468	-0.22141206	-0.23736137	-0.35304832	0.3602163	-0.1433392	0.15518935	-0.2604216	0.22267084	0.17944494	0.11945347	-0.095108025	0.1619176
0.061738286	-0.18869525	-0.11751815	-0.30767682	0.087178096	0.161252	-0.017681872	-0.06483848	-0.008407628	-0.19226606	-0.18866472	-0.022078386	-0.037387256	0.33494544	0.012708061	-0.165374	0.057188183	0.15362021	-0.03691717	-0.21125059	-0.18725367	0.22765361	-0.13991387	0.048362043	-0.03159231	-0.09487659	0.08465573	0.11481998	-0.12923232	-0.005202914	0.1801738	0.21569835	-0.10469205	0.013971254	-0.15971042	0.30965796	-0.15014428	-0.12617661	-0.12028652	0.079589665	0.30395928	-0.053441044	0.14988537	-0.06462983	0.1593397	-0.3004513	-0.120921515	-0.27265847	-0.1195892	0.193121	0.08325611	-0.23161756	0.25243714	0.037696995	0.1818671	-0.041137274	0.39011297	0.11091727	0.07716475	-0.12994842	-0.1046805	0.03641773	0.07519302	-0.29664826
0.4007148	0.15986803	0.19781092	0.09909466	0.43478435	0.046436444	0.48059842	0.15037166	-0.122964785	-0.28321305	-0.21607354	-0.34248674	-0.10211367	-0.14413603	-0.14678559	0.37628388	-0.33681628	-0.44786125	0.34323144	-0.21531643	0.35152826	-0.13420151	0.46135885	-0.1254568	0.1386999	-0.003753695	0.28458506	-0.21725596	0.30783707	0.056357317	0.1642084	0.18057185	0.03417321	0.20812024	-0.33096454	-0.25500223	-0.25883558	-0.008147118	0.34245232	0.34153748	0.2112874	0.16434593	0.01136781	0.22461157	0.26584524	-0.023767779	-0.27336013	0.055422567	-0.20948601	0.3973094	0.02483061	0.35583115	0.23267981	-0.0030230745	0.18937635	-0.22050957	-0.17202356	-0.33008543	0.2808838	-0.16105744	-0.3079382	-0.45305967	-0.4041153	0.22910044
-0.0064306837	-0.14195538	0.012256592	-0.13511615	0.15290514	0.36522958	-0.18572254	-0.33354476	-0.2133437	-0.0549754	-0.49534374	0.06932757	-0.04155705	0.3792192	-0.00466525	-0.0055783666	0.1533246	0.37181386	-0.18772209	-0.4318837	-0.13890074	0.16422313	-0.2614856	0.17848101	-0.19386886	0.0017107384	0.023241634	0.112726286	-0.18533158	-0.08567418	0.31255403	0.36755094	-0.26266888	-0.03662445	-0.1682831	0.47820732	0.05883808	-0.18273647	-0.22781977	-0.07148583	0.36822245	-0.26823038	0.09193884	0.103699654	0.17526975	-0.24922174	0.043631937	-0.5928133	0.07064869	0.19237548	0.034337655	-0.22447747	0.34103096	0.29967415	0.27669138	-0.23559366	0.41578203	0.3114086	0.058573842	-0.34700873	-0.02484541	0.29753727	0.15814318	-0.2873852
0.031369362	-0.49034196	-0.51007485	-0.3005403	-0.10293024	-0.3254477	0.06698101	0.31299156	0.33325273	-0.08890451	0.115157865	0.069791496	0.13498612	0.29480204	0.364168	-0.19399698	-0.060329758	-0.15582322	0.11172817	0.06073239	-0.20309336	0.31301466	0.06415772	-0.0796795	0.25044394	-0.34169266	0.016567726	0.40378615	-0.64502573	0.2825276	-0.24445686	-0.14356793	0.32047662	0.1833825	0.20020704	0.253886	-0.12605004	0.056313302	0.008081214	0.07467596	-0.009751161	0.162604	0.26165912	-0.2285238	0.04870596	-0.17091963	-0.052451234	-0.18612759	-0.0034054485	-0.082892135	0.25764284	-0.4804619	0.07092581	-0.19191962	-0.23600592	0.33209696	0.296194	-0.1979217	-0.12673035	0.45133045	0.030316269	-0.12703891	0.027613489	-0.19282192
0.24942553	0.06658654	0.0018001286	-0.074217446	0.042095177	-0.22590189	0.39595813	0.25499317	0.23587699	-0.2184416	0.116395265	-0.16673227	-0.0820581	-0.103353	0.011385805	0.0014097869	-0.28814703	-0.42818096	0.39037186	0.081326626	0.086525746	0.013929153	0.48211107	-0.28085595	0.19619021	-0.19791777	0.08847965	-0.0599389	0.009735179	0.18400924	-0.050965007	-0.08011186	0.27809444	0.20617485	-0.0047276183	-0.2725011	-0.23427533	0.3020425	0.30454805	0.24503073	-0.009769061	0.36816353	0.09712307	-0.15074909	0.08658517	-0.108112305	-0.1949837	0.08619288	-0.19680399	0.07616967	0.09118423	0.15332906	-0.036533296	-0.3044273	-0.17400004	0.17300804	-0.097215384	-0.30349275	0.05111137	0.17359176	-0.13995282	-0.33074096	-0.3711896	0.15595953
0.4990139	0.32256022	0.480752	0.30016398	0.5874138	0.53551793	0.62450147	-0.15958412	-0.54773074	-0.3368562	-0.47249597	-0.44137987	-0.26776052	-0.3935235	-0.33918583	0.65894556	-0.32013723	-0.30068624	0.24804688	-0.4357479	0.37768373	-0.32795256	0.39547387	-0.011876416	-0.025099797	0.2673823	0.33430824	-0.4816905	0.5042667	-0.23840041	0.4157709	0.52600455	-0.3023673	0.06614416	-0.45354033	-0.44293126	-0.0850103	-0.5175581	0.2804139	0.3627782	0.44177648	-0.21558724	-0.21712488	0.5597425	0.18776849	0.0603497	-0.2755726	-0.060561612	-0.23364346	0.58061415	-0.24450201	0.39445966	0.39566505	0.3221435	0.36892703	-0.5531433	-0.43555856	-0.111739546	0.32000175	-0.5267571	-0.30219185	-0.35917503	-0.4849157	0.42099956
-0.1686957	-0.07603667	-0.14857598	0.22513855	-0.22858043	-0.34250706	0.22828206	0.23113863	0.31699875	0.21035536	0.4348423	0.18196832	0.014417905	-0.3215206	0.08987274	-0.002066107	0.060078047	-0.24876598	0.040656507	0.43218777	-0.022612927	-0.14317007	0.12238067	-0.15741089	0.19617791	-0.17670189	-0.21612686	0.04367727	-0.23598385	0.22925764	-0.3348748	-0.3851004	0.36344168	0.015371708	0.35628784	-0.3462387	0.18947645	0.34582388	0.06956925	-0.21726799	-0.3431474	0.09818699	-0.0041474975	-0.09376718	-0.20830475	0.2736844	0.24275911	0.29809687	0.09805035	-0.34298894	-0.069304086	-0.019139238	-0.3240898	-0.15700184	-0.426586	0.32216194	-0.3741509	-0.21023217	-0.25325808	0.4175739	0.18277457	-0.20743123	-0.043450743	0.12902604
-0.11876661	0.07844847	0.07820967	0.26845554	0.0030265078	-0.14951119	0.11475128	0.2572319	-0.17775178	0.15329844	0.22043449	0.061379973	0.1416331	-0.3575521	0.09149141	0.37609392	-0.071159974	-0.24774311	0.048461154	0.18632017	0.15115415	-0.16397156	0.14051364	0.1864959	0.23227043	0.13376527	-0.1325128	-0.11507322	0.17783302	0.078568384	-0.06841077	-0.13147666	0.024859985	0.028176539	0.04414183	-0.39815181	0.1385651	-0.1261301	0.11836817	-0.113797314	-0.13407074	-0.10985735	-0.047551427	0.34448558	-0.041059848	0.29410702	0.08392935	0.28388798	0.21373406	0.0062167216	-0.040701777	0.07982018	-0.13311544	0.07905509	-0.043980088	-0.09079727	-0.32543573	-0.19497383	-0.04074184	0.06702912	0.12635626	-0.24740447	0.027050775	0.20904347
0.47283143	0.077147126	0.067481406	-0.04928985	0.3389641	-0.009958321	0.4971363	0.18418728	-0.041068483	-0.40263593	-0.1974322	-0.45146546	-0.17389487	0.03031236	-0.14292777	0.19749254	-0.5084797	-0.41034418	0.5065952	-0.23760997	0.2440816	0.06737319	0.5895017	-0.31436664	0.25975567	-0.13459477	0.3574264	-0.10203592	0.1846169	0.047797296	0.19351345	0.24072197	0.07588129	0.2902741	-0.35296375	-0.22294174	-0.36976743	0.09821465	0.48366773	0.47160754	0.21113308	0.35335606	0.10466187	0.0098226145	0.33120802	-0.1657854	-0.3990314	-0.07239005	-0.3794266	0.3292992	0.15308547	0.24403757	0.23640165	-0.25372455	0.090685606	-0.054728612	-0.040587742	-0.32893595	0.26408345	-0.07189862	-0.47605062	-0.4374311	-0.4155608	0.15411165
0.52695507	0.72877586	0.85667133	0.8015381	0.6192073	0.85617995	0.28027552	-0.7471382	-0.83461624	-0.3337767	-0.7980525	-0.45747238	-0.63842964	-0.6148255	-0.7597791	0.71294445	-0.22009508	-0.040377554	0.1441913	-0.656226	0.35166606	-0.72962564	0.25539514	-0.12661472	-0.67439246	0.60134727	0.37556288	-0.7721421	0.6536749	-0.68357617	0.6473806	0.7306234	-0.623177	-0.47242916	-0.6919799	-0.4461119	-0.0676562	-0.45670068	0.1416499	0.44911546	0.6055342	-0.13267642	-0.9069664	0.6102958	0.26419225	0.1787624	-0.46591488	0.037203055	-0.3706373	0.7467991	-0.8029875	0.5203486	0.48242688	0.24897486	0.6915514	-0.74861515	-0.6607019	0.29281446	0.4903415	-0.8526974	-0.42716494	-0.025829284	-0.52232367	0.52913153
0.23811062	-0.104607575	0.012507198	-0.13430394	0.31752995	0.20191519	0.093829535	-0.06954819	-0.14896435	-0.24635553	-0.38842782	-0.18697512	0.058646344	0.1943627	-0.015423385	0.24184051	-0.11777513	-0.05341089	0.10278171	-0.37463933	-0.0034321225	0.18185772	0.08891915	0.027375208	0.06829963	-0.10844735	0.21732925	0.054413438	0.06434777	0.11027285	0.28869274	0.35469517	-0.15487804	0.21884678	-0.24273981	0.25024286	-0.16697316	-0.2061057	0.10641968	0.22716779	0.38916424	-0.11446792	0.21434951	0.19498533	0.26220778	-0.19455189	-0.24644163	-0.29769006	-0.1281798	0.4355905	0.14073512	-0.042922836	0.45790416	0.18982852	0.22109352	-0.18141432	0.21666065	-0.022253579	0.24158834	-0.20647326	-0.20224473	-0.11789228	-0.034821667	-0.19202971
0.25453988	-0.017527077	0.07720991	-0.18132013	0.37128028	0.27642497	0.08202279	-0.092912264	-0.3498426	-0.18731605	-0.44958094	-0.2974678	0.06957377	0.20626985	-0.0013894866	0.34667856	-0.12624569	0.019384546	0.060604274	-0.42799196	0.21261378	0.12133839	0.077463545	0.11782522	0.07329517	0.046159435	0.32357273	-0.019444738	0.16535884	-0.052723467	0.3491091	0.4680699	-0.27365294	0.14753509	-0.39067054	0.1961791	-0.1609897	-0.45014456	0.16668788	0.19541502	0.5244639	-0.06632108	0.23456746	0.36211503	0.26240638	-0.15367112	-0.2788552	-0.27043316	-0.048617948	0.44873065	0.15603454	0.16164748	0.49112567	0.17006613	0.37020254	-0.31540567	0.18467684	-0.043941945	0.3395702	-0.3294774	-0.20289795	-0.05847023	-0.06007251	-0.18248773
-0.2716263	0.0002159111	0.0078407815	0.07106724	-0.10809695	0.14222403	-0.091446914	-0.17200203	-0.08883982	0.136329	0.040787283	0.20711583	0.049810644	-0.07977947	-0.007488149	0.06578247	0.17314501	0.21681197	-0.25669247	0.06236007	-0.15035659	-0.05660575	-0.20626861	0.13322851	-0.0870352	0.048010267	-0.18205874	-0.01900702	-0.15508512	-0.08009449	-0.07421533	-0.04761295	-0.09180917	-0.08957505	0.1289196	0.070494376	0.25497845	-0.070948176	-0.2255384	-0.20735681	-0.041339297	-0.25099146	0.049826782	0.10796579	-0.08507847	0.10197029	0.26502353	-0.10132928	0.12448264	-0.09892782	-0.09376943	-0.14103231	-0.043065146	0.13824931	0.0056193126	-0.024144515	-0.03404324	0.20263487	-0.08182152	-0.13209127	0.19099069	0.13770741	0.121867344	-0.1412126
0.5213682	-0.027419414	0.013323367	-0.29836142	0.5290192	0.09688205	0.36078808	0.07995663	-0.05883202	-0.52093315	-0.59340715	-0.5129037	-0.0009414489	0.37563726	-0.008220024	0.22308105	-0.43058553	-0.23728086	0.4572015	-0.6447002	0.35101846	0.23429133	0.36055672	-0.28194523	0.1755831	-0.23110949	0.59279907	0.09596208	0.19780654	0.0779189	0.38218245	0.5653577	-0.051339075	0.30988246	-0.4684432	0.14150794	-0.47511625	-0.26250288	0.4109897	0.46562308	0.6122059	0.2182551	0.2938326	0.073864445	0.42584926	-0.4508652	-0.5146898	-0.42858034	-0.52795565	0.5697562	0.24202171	0.15316267	0.5984039	-0.2179582	0.2986026	-0.18271889	0.293041	-0.31572166	0.43422636	-0.11107682	-0.48268315	-0.28910145	-0.3582702	-0.08218261
0.588588	0.6355608	0.6499664	0.64964676	0.59889054	0.61841697	0.6332526	-0.55800277	-0.6770309	-0.29783925	-0.6247052	-0.54535276	-0.67563593	-0.63055634	-0.6338293	0.56864864	-0.32621968	-0.2846616	0.26881877	-0.5012905	0.3766495	-0.7265064	0.47500458	-0.23721892	-0.54884034	0.55615574	0.3051226	-0.67012143	0.6751608	-0.5160417	0.52505815	0.522822	-0.36888722	-0.27023605	-0.55712616	-0.65566474	0.021556709	-0.40494525	0.21997067	0.48843542	0.31265807	-0.27493057	-0.5902877	0.52488023	0.15502009	0.20624228	-0.34775135	0.07245	-0.4975226	0.5868513	-0.5669377	0.5109888	0.37187913	0.375222	0.50065404	-0.5989952	-0.73781157	0.15493067	0.29790714	-0.67723876	-0.43994084	-0.4043404	-0.71144146	0.6538566
0.09503135	0.23227134	0.22686794	0.42576692	0.22091074	0.013880023	0.27721867	0.14386998	-0.30047923	0.021740813	-0.008602941	-0.18476976	0.0398646	-0.55174357	-0.06459289	0.5131008	-0.16037776	-0.40393975	0.15275864	0.049249	0.35097	-0.3578452	0.31376797	0.1372709	0.09960135	0.2925057	0.01816408	-0.3086444	0.31972364	-0.0050253547	0.12860754	0.06402104	0.013736166	-0.05850382	-0.14271401	-0.594403	0.083879694	-0.13671109	0.2292445	0.06117774	-0.019113092	-0.18621987	-0.1184371	0.41342902	-0.08001058	0.3948293	-0.06177342	0.35919043	0.14293608	0.15266314	-0.24403183	0.29325622	-0.038849283	0.27123278	0.08957468	-0.23992677	-0.49360493	-0.22596227	0.07060836	-0.11819494	-0.073005	-0.41979057	-0.23006491	0.34751514
0.21134956	-0.3655518	-0.40330243	-0.2788992	0.15693353	-0.25316066	0.28586498	0.33436698	0.4352533	-0.23945633	0.05133236	-0.25914282	0.10450196	0.16646133	0.25165755	0.022517826	-0.2712141	-0.32857874	0.34989008	-0.0041851453	0.057832398	0.31435966	0.28569224	-0.16183427	0.3590353	-0.33211565	0.17043063	0.37784362	-0.4356656	0.43041638	-0.10951169	-0.029858856	0.32418188	0.2911675	0.030934718	0.0653258	-0.2706839	0.18417887	0.329824	0.19585548	0.19826981	0.15667593	0.38506538	-0.1905762	0.20641798	-0.2724596	-0.21846168	-0.04252209	-0.08586302	0.18613932	0.33692315	-0.17599976	0.2562754	-0.15198027	-0.13328083	0.2596818	0.34667045	-0.31422213	0.09125318	0.23259133	-0.13872707	-0.2523437	-0.15566455	-0.3314813
-0.020131536	-0.0999	0.078144975	-0.14490563	0.26925212	0.54776585	-0.30797553	-0.4986944	-0.47862053	0.0025539186	-0.60653096	-0.004048015	0.08779065	0.39425078	-0.008059725	0.16290747	0.2007652	0.38347948	-0.2859253	-0.56384635	-0.09714933	0.18257484	-0.37346888	0.28407246	-0.27317813	0.23498473	0.14984421	0.115946636	0.021028822	-0.2642979	0.502257	0.5224634	-0.5169745	-0.18228878	-0.2733784	0.48033583	0.08898492	-0.5461988	-0.27453262	-0.11654266	0.59314936	-0.45538914	0.06906598	0.2947006	0.082479626	-0.16246034	0.019091165	-0.5404073	0.09565666	0.34264192	0.010230263	-0.21370561	0.46151587	0.3670865	0.4766001	-0.44392002	0.30976427	0.43522757	0.22473031	-0.49776638	0.05915591	0.39091176	0.18267266	-0.32532346
-0.31078875	-0.2079458	-0.0915889	-0.072996736	-0.15711562	0.025874656	-0.20038608	-0.09168634	0.06651074	0.14896467	0.05119002	0.22131294	0.08467213	0.10413242	0.096262984	-0.08987524	0.269034	0.22895657	-0.28139237	-0.004649803	-0.16170877	0.10053096	-0.33136103	0.21428406	-0.102092996	-0.010699602	-0.20759338	0.17074269	-0.19810577	-0.0023860335	-0.028824538	-0.02474188	-0.029637517	-0.14789402	0.1894692	0.18728355	0.18993373	-0.06695739	-0.20335488	-0.25900996	0.011520116	-0.21765225	0.11234024	0.033950083	-0.13965493	0.064478144	0.21780668	-0.17956775	0.21957581	-0.07594065	0.06565019	-0.26412016	0.03252612	0.1916969	-0.012720679	0.02441224	0.18484911	0.15198348	-0.19984934	-0.005556987	0.2324905	0.19542983	0.25681195	-0.19170943
0.44763044	-0.5005586	-0.5328601	-0.590335	0.35442358	-0.33867663	0.38487217	0.47814947	0.4243678	-0.45550403	-0.18781362	-0.46134213	0.38615677	0.4920919	0.46117324	-0.024667168	-0.46547514	-0.4505769	0.5001401	-0.30071104	0.35844174	0.60097	0.4996744	-0.22574194	0.60764456	-0.48652142	0.45738086	0.56186163	-0.22314449	0.5275977	0.0075240307	0.121965066	0.34724995	0.5269192	-0.17191365	0.31697634	-0.53898865	0.13117799	0.5087207	0.41197488	0.33964896	0.34501433	0.6787667	-0.22366855	0.5224128	-0.38738963	-0.46184242	-0.2628772	-0.23871581	0.35331538	0.58767116	-0.10816013	0.45886195	-0.24332143	-0.063831925	0.26986462	0.5313878	-0.61325747	0.3278448	0.39396518	-0.40245664	-0.48148358	-0.20946835	-0.4786781
-0.04050758	-0.0630583	-0.0036078633	0.2643266	-0.045613598	-0.24709961	0.31125703	0.3157123	-0.13496692	0.110300966	0.21246377	0.014387157	0.16751434	-0.40772748	0.14512122	0.5067323	0.010665228	-0.39244115	0.056298207	0.22339465	0.16432258	-0.19780806	0.22860867	0.10038152	0.27832898	0.051647224	-0.14366391	-0.11696786	0.11030448	0.20733272	-0.22701734	-0.16941002	0.22731775	0.012337597	0.13467123	-0.48942596	0.17276357	0.07286609	0.1406593	-0.049315277	-0.20348346	-0.09336635	0.0133375805	0.267866	-0.090163894	0.34890443	0.101266794	0.42159235	0.22446522	-0.10432527	0.0075300764	0.11966682	-0.18106522	0.13242847	-0.26164562	0.030866804	-0.40326214	-0.3246064	-0.15698469	0.18934187	0.08454737	-0.3728087	-0.12500784	0.24149607
-0.003743416	0.32290834	0.44136244	0.33296168	0.004961669	0.28801814	0.114802495	-0.3762641	-0.15597075	0.09699853	-0.14649136	0.11520448	-0.31269425	-0.21057667	-0.3435518	0.008338229	0.1398032	0.20554304	-0.15384054	-0.098087415	-0.17243679	-0.3672802	-0.063612014	-0.09707947	-0.31144974	0.330603	-0.18952899	-0.36797294	0.07527306	-0.3605698	0.04615348	0.050611038	-0.10322526	-0.37068874	-0.076498896	-0.08573349	0.15282886	0.012335468	-0.27536777	-0.06435088	0.00253963	-0.097215354	-0.33678237	-0.07206498	-0.14726497	-0.013785626	0.07473566	-0.1572112	-0.14448676	-0.039156593	-0.40873623	0.02738406	-0.12528309	-0.028740492	0.08260521	-0.06550533	-0.21274102	0.36881948	-0.07318768	-0.30220583	0.02606466	0.27191412	-0.119995326	0.19800365
0.07526032	0.0386166	0.105843484	0.11518314	0.18108407	0.049078956	0.050816566	0.084578	-0.28062263	0.030915037	-0.024199093	-0.1446639	0.10615509	-0.21619573	-0.0074861986	0.31874448	-0.09489636	-0.12352641	0.013203994	-0.08194579	0.18771219	-0.123844154	0.090689875	0.19364817	0.1633672	0.095968336	0.10747659	-0.054776076	0.1598807	0.022094438	0.07893617	0.075957425	-0.08543312	0.014451162	-0.15135933	-0.11576702	0.07945181	-0.20289077	0.13285239	0.044308815	0.10901612	-0.09606598	0.029731711	0.34297994	0.05294143	0.2504825	-0.00530114	0.1338528	0.14341377	0.20327626	-0.035657257	0.16810177	0.10473721	0.14169793	0.098875225	-0.20616631	-0.124227576	-0.06622523	0.109924436	-0.11383968	-0.0018032116	-0.15901206	-0.034546055	0.044362277
-0.3135746	0.13371685	0.019155908	0.21086393	-0.32159856	-0.09918652	0.09735316	-0.07545309	0.29902405	0.30411527	0.2882207	0.32481033	-0.2164838	-0.250183	-0.13843276	-0.3161527	0.30057585	0.0437038	-0.22280616	0.38012618	-0.31043753	-0.30565688	-0.15457149	-0.19330001	-0.14984299	-0.0035492985	-0.3969487	-0.22644232	-0.3309668	-0.08434929	-0.3525356	-0.3421825	0.27504554	-0.22043735	0.3852621	-0.22822675	0.26750746	0.36089504	-0.23448029	-0.20637429	-0.38802198	0.15173522	-0.32075343	-0.32169175	-0.250407	0.003686677	0.26499987	0.047212735	-0.1305303	-0.45572785	-0.222301	-0.20260742	-0.3809427	-0.2138434	-0.38213912	0.351735	-0.2725948	0.12892258	-0.35308787	0.22909294	0.31327254	0.094691105	-0.05281246	0.1919227
-0.7268019	-0.0223059	-0.2328126	0.49116224	-0.59187895	-0.6307719	0.36134788	0.39162618	0.72898936	0.69264257	0.78270054	0.49086484	-0.03816984	-0.83936006	0.058908436	-0.14164525	0.23850718	-0.30008584	-0.04860231	0.7914693	-0.14676335	-0.41570446	0.1589196	-0.18535605	0.051795572	-0.27943	-0.5997236	-0.020708743	-0.62983423	0.23884425	-0.71693134	-0.7845384	0.7415299	-0.104675375	0.8216079	-0.7856172	0.5586387	0.55222327	-0.034120545	-0.6350096	-0.73224264	0.31891885	-0.11678973	-0.21404415	-0.5203914	0.526667	0.69293153	0.45236757	0.20642203	-0.6732704	-0.19189411	-0.2656694	-0.650393	-0.30623612	-0.76078963	0.6649837	-0.8212471	-0.16790476	-0.49912235	0.7444939	0.6225056	-0.15642722	0.041977245	0.31319943
0.036547948	-0.18357491	-0.3463361	-0.17767163	-0.16764823	-0.43360278	0.35893324	0.42062438	0.5137602	-0.09394425	0.3253114	-0.0158854	-0.08053826	0.046070043	0.097756535	-0.25053284	-0.1861484	-0.3329567	0.21309167	0.23531686	-0.1913683	0.15393463	0.23535196	-0.37212324	0.220239	-0.41552132	-0.08066688	0.1410854	-0.3839023	0.29211265	-0.40625113	-0.35701647	0.5402978	0.18647914	0.26112622	-0.14828053	-0.14735828	0.4522133	0.18903804	0.059875473	-0.23632154	0.36431623	0.070317335	-0.35978478	0.027351277	-0.18155758	-0.08926235	-0.008184315	-0.22761038	-0.1721311	0.16827172	-0.1096729	-0.15400249	-0.37983793	-0.42249689	0.4438583	0.115271285	-0.26003408	-0.22684065	0.4768244	-0.030218674	-0.26079905	-0.120341726	0.105542265
0.010453163	-0.017278848	0.0008322138	0.1917675	0.026565392	0.0151833575	0.086740255	0.089684114	-0.12831989	0.016405182	0.04607474	-0.03191444	0.06747276	-0.16228917	0.006390818	0.24295412	-0.020364432	-0.1293917	0.006268822	0.002447775	0.054072432	-0.07275321	0.0056185746	0.02131856	0.07010505	0.09989145	-0.052817486	-0.08564404	0.10586721	0.02196206	0.0071089277	-0.006401817	-0.054702837	0.016461156	0.014701552	-0.1456481	0.024177184	-0.0483543	0.100790575	-0.0048978333	-0.08112493	-0.118439235	-0.05377007	0.15381378	0.039953034	0.16981149	0.025774648	0.15780354	0.04937903	0.010729502	0.005592461	-0.02603957	-0.003230133	0.1216048	-0.06510881	-0.05096787	-0.16985844	-0.02871474	0.019236391	0.04330559	0.03200047	-0.1399724	-0.05197385	0.0922938
-0.0014547141	-0.07475162	-0.06778435	-0.05134937	-0.1773694	-0.08919407	0.1750886	0.06378412	0.22793998	0.0038309172	0.13835478	0.04399798	-0.09762036	0.006630194	-0.03205568	-0.18661584	0.016255645	-0.041207097	0.08581928	0.10680275	-0.15092926	0.047558073	-0.0010993213	-0.21190481	-0.054581735	-0.15241085	-0.025659861	0.06481798	-0.26961747	0.012044303	-0.20976377	-0.17008889	0.24956073	0.022859927	0.1646095	-0.061619442	-0.06569496	0.174325	-0.008614338	-0.018823463	-0.12335263	0.10965772	-0.024826437	-0.2125498	0.0027072972	-0.20518227	-0.017545823	-0.12463396	-0.1727203	-0.14757173	0.04963249	-0.08845099	-0.051264063	-0.15300305	-0.19967376	0.23215976	-0.0058121365	-0.0073521724	-0.15703535	0.14637528	0.05262102	-0.002971018	-0.09058165	0.0750118
-0.3048959	0.05838161	0.021419272	0.041576564	-0.32318696	0.12070863	-0.09282798	-0.2987934	0.28689882	0.24727789	0.056516152	0.4249845	-0.25959906	0.07339336	-0.20516627	-0.39194828	0.35713032	0.2913469	-0.2988228	0.13867383	-0.46221432	-0.0890313	-0.2900328	-0.0905992	-0.35512465	-0.033161033	-0.3171559	-0.09994265	-0.46803102	-0.21426962	-0.23393723	-0.12495473	0.04250825	-0.25268963	0.37609658	0.109672405	0.22631906	0.23842801	-0.447448	-0.27952942	-0.17251971	-0.114875354	-0.19068149	-0.34592906	-0.24373493	-0.20117827	0.26448628	-0.45835662	-0.014492764	-0.4107155	-0.11745395	-0.3934056	-0.24612781	-0.043753807	-0.17111179	0.24684992	0.09483414	0.33368164	-0.3892568	-0.022558482	0.35226545	0.3648636	0.06701906	-0.034901273
0.36775035	-0.067437164	0.020541068	-0.12304622	0.24498013	-0.028445529	0.3188582	0.13847178	-0.036490906	-0.2546358	-0.1359447	-0.27695605	0.03300091	0.1530914	0.0030525879	0.20405982	-0.27469033	-0.3590104	0.32652226	-0.18464097	0.20494635	0.15572892	0.3379645	-0.12983435	0.23833801	-0.109527625	0.2566849	0.004907599	0.12974152	0.18646024	0.15128462	0.1716739	0.08093571	0.22981794	-0.21830857	-0.039850432	-0.29130602	-0.093106225	0.291184	0.28979304	0.1752669	0.09619657	0.15234223	0.10133734	0.26678666	-0.10150869	-0.33400473	-0.11073059	-0.19330266	0.2521159	0.13140838	0.1772951	0.2118386	-0.08258074	0.083750255	-0.06311137	0.03946243	-0.2617557	0.23963106	-0.040580336	-0.3119872	-0.35717842	-0.28559488	0.029763868
0.59357196	-0.7011959	-0.7070266	-0.7061633	0.55619	-0.32787004	0.54872674	0.65874046	0.81228983	-0.62694925	-0.2792634	-0.5523554	0.22031899	0.6324116	0.4691452	-0.37613204	-0.6330172	-0.5432985	0.7512891	-0.40141484	0.20493703	0.7504882	0.67108333	-0.6606807	0.58316815	-0.6705053	0.58666503	0.75629234	-0.56730956	0.59678596	0.112787776	0.27593774	0.61451024	0.63650656	-0.31195036	0.531397	-0.65471745	0.40396407	0.6381667	0.5706962	0.5616698	0.54790163	0.7604033	-0.6320687	0.5883263	-0.61076707	-0.581731	-0.5202344	-0.5499267	0.55713165	0.6352341	-0.120535895	0.59820104	-0.5717978	-0.060085263	0.49007574	0.7907479	-0.5772945	0.44602543	0.44749397	-0.599383	-0.5040484	-0.5030707	-0.6408508
0.20240489	0.21107465	0.2627574	0.16690052	0.25569364	0.244784	0.09959067	-0.20511284	-0.46269426	-0.08536655	-0.27703562	-0.18915294	-0.037101213	-0.174322	-0.22010875	0.36827663	-0.075926624	-0.06874202	0.09701563	-0.20801255	0.26182464	-0.18458676	0.08024936	0.12812574	-0.06300046	0.2625474	0.13919829	-0.21425319	0.34579852	-0.15346584	0.2800636	0.27524456	-0.24600212	-0.07417625	-0.30242932	-0.09703718	-0.07284121	-0.27850023	0.11861494	0.13574357	0.17364238	-0.16190338	-0.11806179	0.36617982	0.16619605	0.16065633	-0.15526322	0.006412245	-0.002524614	0.31859195	-0.08856291	0.19178468	0.12263728	0.20631051	0.32067752	-0.36849597	-0.17674004	0.01571836	0.18994568	-0.34812737	-0.16815987	-0.08589932	-0.12965435	0.07484632
-0.25145397	0.19748738	0.19250198	0.36526492	-0.14516012	-0.02545889	0.07631665	-0.088196754	0.039774545	0.2351836	0.23232049	0.23982231	-0.12280295	-0.40616992	-0.18575834	-0.082158946	0.21559343	0.014220749	-0.19089125	0.19322003	-0.081816494	-0.36390266	-0.07999208	-0.06272822	-0.1528871	0.14959268	-0.3218518	-0.2096422	-0.055922844	-0.16411144	-0.20255405	-0.13854945	0.095116094	-0.228867	0.2271602	-0.22313336	0.28745195	0.12649967	-0.19339386	-0.27281043	-0.24653701	0.04962814	-0.22778744	-0.064934604	-0.21294875	0.29004326	0.24596587	0.06213665	-0.027249439	-0.22224547	-0.24446897	-0.05449227	-0.24476366	-0.00025066693	-0.13673416	0.10477285	-0.4013164	0.2126512	-0.17617804	0.052087657	0.21848679	0.092160776	-0.08366733	0.18356611
-0.19011931	0.005824036	-0.05352719	0.02342732	-0.34802932	-0.20213036	0.18213065	-0.05441883	0.56616557	0.1089255	0.32576498	0.25745353	-0.25735244	-0.06890303	-0.19081949	-0.42297268	0.17005412	0.0891085	-0.028310725	0.27177754	-0.36159322	-0.09080987	-0.07301098	-0.43060562	-0.15617841	-0.21384288	-0.30902755	-0.10655236	-0.43466213	-0.0558104	-0.38223103	-0.39993826	0.48644462	-0.071088046	0.42598614	-0.05837039	0.0616389	0.45975822	-0.28410846	-0.17674649	-0.27064514	0.3039982	-0.0968735	-0.44974616	-0.19242705	-0.27664062	0.180954	-0.2338462	-0.33183965	-0.4210872	-0.06418895	-0.27726287	-0.311535	-0.36967894	-0.35976654	0.45853615	-0.017285123	0.13163044	-0.34061995	0.31944153	0.23448065	0.16908514	-0.094829045	0.10056256
-0.02927308	-0.32744065	-0.28819883	-0.32319418	-0.0293286	0.17351203	-0.09531944	-0.15596387	0.10033078	-0.093814075	-0.2901966	0.066791534	0.13530928	0.4196471	0.1190714	-0.22705023	0.09058319	0.2095626	-0.1338911	-0.25991115	-0.2720278	0.29450604	-0.2000185	0.14642633	-0.051737394	-0.12493405	0.08769808	0.2781833	-0.3289376	0.0056213024	0.12126831	0.20327076	-0.1269002	0.0666229	0.029517677	0.38984737	-0.07104221	-0.17882003	-0.15134992	-0.040134937	0.20862538	-0.12622638	0.1835361	-0.034617774	0.07152252	-0.2821639	0.047053583	-0.57972765	0.023118233	0.07253389	0.20074593	-0.43606853	0.17812388	0.13937396	0.02632343	0.021360772	0.42422995	0.11815166	-0.056305166	-0.047226064	0.0033937844	0.20032051	0.2117804	-0.34211117
0.021876322	0.19613956	0.21057174	0.34020078	0.062458575	-0.087110855	0.3490927	0.14246652	-0.04768133	0.007846466	0.15267582	-0.024187442	-0.13096261	-0.4365891	-0.15573658	0.21171439	-0.062726066	-0.30430478	0.12445889	0.18620464	0.15093182	-0.2744709	0.27273554	-0.12170833	0.13420548	0.10698137	-0.09636835	-0.3181837	0.23783681	0.0012305975	-0.08349442	-0.15184805	0.2455726	-0.017155822	0.023008963	-0.49899808	0.07723757	0.20260343	0.12917943	0.01790321	-0.20254146	0.1440096	-0.16620418	0.019774769	-0.10482006	0.25354865	0.01647567	0.29966262	0.008523729	-0.06722515	-0.14764099	0.2643945	-0.2359887	-0.11777878	-0.07519042	0.055882636	-0.5165407	-0.24825415	-0.011776333	0.07999542	0.038376365	-0.27619627	-0.27089795	0.3516827
0.6338449	0.026007224	0.04652814	-0.27897736	0.5204986	0.032191433	0.5965349	0.3071877	0.06363972	-0.5111418	-0.35306966	-0.59387916	-0.13130277	0.20267813	0.003580383	0.30988947	-0.5742742	-0.56123674	0.5974877	-0.46088508	0.302485	0.2053724	0.61096543	-0.50149983	0.30998284	-0.18534839	0.55968463	0.01767703	0.23317966	0.17420125	0.25794646	0.43522143	0.16057152	0.3620272	-0.4623086	-0.07649226	-0.5369525	0.07432167	0.58445364	0.60715896	0.3870224	0.3944235	0.3172278	0.048011124	0.51283497	-0.39214322	-0.6177572	-0.21615161	-0.523708	0.5290924	0.2773306	0.2245377	0.44163063	-0.38294035	0.24023835	-0.09029829	0.13673402	-0.44122	0.35219964	-0.052408297	-0.49723446	-0.5019408	-0.5450861	0.06663299
-0.05929389	0.16962396	-0.03722819	0.0017310403	-0.23202325	-0.13606772	0.23525429	-0.09536529	0.5425751	0.052894287	0.21408737	0.14632772	-0.3140317	-0.035947084	-0.21189515	-0.41658816	0.06995944	-0.026169088	0.042319193	0.2669204	-0.35262975	-0.13650502	0.008188601	-0.43100208	-0.22265114	-0.2335765	-0.1454664	-0.17946483	-0.42000082	-0.033271898	-0.30733156	-0.3016074	0.44347668	-0.04675226	0.27544373	-0.1264828	0.010622249	0.44052845	-0.12510084	-0.100515306	-0.25340173	0.27555707	-0.18319069	-0.53824127	-0.09594473	-0.20792161	0.0783948	-0.24336816	-0.40968743	-0.3488529	-0.082385674	-0.23184395	-0.21140003	-0.36264598	-0.29983696	0.41695485	-0.022053933	0.17309873	-0.27402708	0.27558526	0.10018636	0.05116462	-0.2550281	0.14266318
-0.24715705	-0.3352581	-0.4280287	-0.06673877	-0.2039013	-0.20548224	-0.050550915	0.05861692	0.28048092	0.053874426	0.1571739	0.20741351	0.15325586	0.10124755	0.19201763	-0.12739669	0.08056009	0.027634555	-0.013663913	0.1253455	-0.18503065	0.17776586	-0.14701517	0.052579105	0.13492398	-0.25658435	-0.100768164	0.26338056	-0.562256	0.16570126	-0.23505723	-0.2162647	0.12830406	0.11754646	0.31296286	0.13154832	0.078522645	0.12936647	-0.01545182	-0.13416404	-0.06984252	-0.0856095	0.2117287	-0.043666463	-0.05936232	-0.0023598524	0.15344037	-0.10353837	0.09696928	-0.14768817	0.16998474	-0.355068	-0.027845383	0.022509307	-0.2277366	0.2378471	0.1894813	-0.052907873	-0.19912359	0.26001465	0.122773424	-0.041744404	0.12094497	-0.1420637
-0.4098535	0.22018124	0.13951257	0.29463258	-0.33298117	0.13130207	-0.07448466	-0.32713735	0.23921792	0.35334504	0.21188815	0.4244996	-0.28365946	-0.21857168	-0.24042983	-0.34814268	0.44148305	0.36182716	-0.3665429	0.2843317	-0.3856968	-0.22421603	-0.35938892	-0.1476187	-0.33696452	0.1413779	-0.3873625	-0.16675724	-0.3160319	-0.30457819	-0.25272456	-0.25094277	0.1325196	-0.4185324	0.3903661	-0.022323102	0.36348295	0.2645121	-0.39706117	-0.36066544	-0.28296152	-0.052031897	-0.2947645	-0.23917274	-0.3986373	0.021256771	0.38430256	-0.18598755	-0.10646876	-0.33039674	-0.35420334	-0.25448763	-0.251452	-0.1252179	-0.24882318	0.20008983	-0.19600049	0.42179233	-0.3871391	-0.06204715	0.3732908	0.32102823	0.022323681	0.13315098
-0.3512482	-0.21527249	-0.1953613	0.032860808	-0.23736042	-0.123710535	-0.1912719	0.022195242	-0.109820716	0.27277038	0.18587744	0.24822338	0.23963463	-0.10681677	0.22705247	0.17218077	0.24806893	0.10129129	-0.20076488	0.13063833	-0.06895442	0.0011828254	-0.20808735	0.2993307	0.15241627	0.07052616	-0.26570654	0.23847945	-0.25467247	0.1294695	-0.09652781	-0.16049659	-0.06866381	-0.036579818	0.31067118	0.06517156	0.25921282	-0.21194579	-0.15921515	-0.28609842	-0.069292426	-0.24526812	0.14558925	0.16524361	-0.14930053	0.2549681	0.3481321	0.16349623	0.32368702	-0.16424258	0.06502574	-0.27147925	-0.012318241	0.2373964	-0.13254955	0.0849984	0.039324433	-0.0001563438	-0.24738003	0.12570462	0.2381194	0.058685	0.32532495	-0.14662053
0.82674307	0.81882703	0.87717676	0.81314355	0.745455	0.8615089	0.65803045	-0.8188941	-0.9310086	-0.3949337	-0.77589	-0.704786	-0.8557514	-0.84708315	-0.86168575	0.7386394	-0.33475056	-0.07020964	0.2710262	-0.76807445	0.5214458	-0.9256578	0.54617494	-0.39358693	-0.83689857	0.74694633	0.473824	-0.8711689	0.83516484	-0.8107412	0.7657265	0.7499253	-0.7203699	-0.63045424	-0.8300109	-0.82373774	0.10163383	-0.7877258	0.18798223	0.6219873	0.5533908	-0.214518	-0.8508428	0.67795634	0.09722867	0.47339654	-0.61824054	0.3277018	-0.7759354	0.7298105	-0.83246213	0.762611	0.27103356	0.314347	0.75003815	-0.8840808	-0.96825564	0.4662996	0.5393817	-0.9035889	-0.68200976	-0.11317	-0.80214876	0.86718404
-0.15263292	0.5541833	0.62072295	0.47140107	-0.30063096	0.35319602	0.24330632	-0.57276857	0.2635253	0.22451016	0.040174372	0.2554966	-0.5089366	-0.29613665	-0.6865172	-0.43285918	0.35756788	0.33915016	-0.24024495	0.14526929	-0.3580775	-0.51799774	-0.13805297	-0.48605883	-0.63412917	0.20547259	-0.34035915	-0.5815316	-0.14773647	-0.5612486	-0.22747816	-0.14189702	0.15513124	-0.5555479	0.16392377	-0.31297156	0.2438897	0.36931998	-0.39976624	-0.18596652	-0.31466892	0.34089127	-0.5576333	-0.4472525	-0.32996103	-0.4945735	0.1439801	-0.43217263	-0.52129424	-0.34906563	-0.56943184	-0.019567352	-0.3090073	-0.3160428	-0.193061	0.17455952	-0.4228663	0.62389284	-0.24478152	-0.23596089	0.27825713	0.47661102	-0.42849243	0.41987553
0.053100772	0.31005174	0.34094983	0.43648443	0.09922855	0.00284422	0.16429295	-0.053925596	-0.24507868	0.118620045	0.038476456	-0.07553836	-0.09687653	-0.5053874	-0.20262697	0.35535234	-0.05904871	-0.104881674	-0.019326147	0.0008311023	0.14200827	-0.43526697	0.18623552	0.05927708	-0.07349598	0.27513108	-0.061059274	-0.3859475	0.28860134	-0.132488	0.08193684	0.070816696	-0.10725726	-0.25320166	-0.0656942	-0.42221522	0.14818658	-0.08307753	0.071787864	0.036897924	-0.16367102	-0.03456775	-0.33381972	0.24654453	-0.17469099	0.40355814	-0.0015815833	0.3459545	0.08252347	0.061771326	-0.36568278	0.317177	-0.12873778	0.09906791	0.11777855	-0.18721138	-0.5505717	0.01647368	0.0039273533	-0.14709997	-0.015493722	-0.11717693	-0.15645966	0.29668295
0.0048592743	-0.20866513	-0.093980104	-0.1790095	0.04393935	0.20065342	0.0012375984	-0.20326816	0.024963899	-0.118485436	-0.27739048	-0.03355428	-0.00995211	0.37117708	0.03947422	-0.116369195	0.04280492	0.17529637	-0.07207758	-0.32643768	-0.1611924	0.2515014	-0.10074486	-0.013661784	-0.030900532	-0.101423144	0.03892216	0.14114903	-0.1725423	-0.042843875	0.110449456	0.21406195	-0.091334224	0.074972525	-0.08974532	0.29722765	-0.11610619	-0.11271507	-0.08762313	0.012860901	0.28628877	-0.056491777	0.07368756	-0.089829214	0.12027669	-0.28563467	-0.08750782	-0.49788004	-0.07148067	0.11773619	0.0882915	-0.21785897	0.21936758	0.038545374	0.14970534	-0.048550565	0.40241393	0.14571376	0.008657786	-0.08477688	-0.005389559	0.07271445	0.0568139	-0.27384838
-0.16371582	0.33338633	0.25996146	0.24049798	-0.33799317	-0.0053827744	0.25555438	-0.23359792	0.363114	0.18997493	0.21354589	0.27144992	-0.4643544	-0.27053374	-0.44110754	-0.36545667	0.1959539	0.17203327	-0.055327754	0.2422076	-0.28953508	-0.3832069	-0.012968019	-0.39388818	-0.41478384	-0.03647179	-0.2483053	-0.39517987	-0.20306125	-0.32754108	-0.2318797	-0.28062308	0.3243	-0.35236296	0.24253795	-0.2554662	0.15232717	0.40832543	-0.28892496	-0.16693029	-0.34894088	0.30691564	-0.3699665	-0.4651954	-0.28828603	-0.24478617	0.17597105	-0.23764567	-0.40610495	-0.32330963	-0.38781694	-0.0537897	-0.3069636	-0.2811147	-0.23895235	0.31899273	-0.27325535	0.33419925	-0.30390474	0.012180798	0.14850424	0.27316216	-0.32969254	0.27889997
-0.28570268	0.14986445	0.18665525	0.37271827	-0.21383299	0.09756232	0.031980272	-0.25248614	0.00033185206	0.22919105	0.09036568	0.3298497	-0.20737065	-0.27087742	-0.1966593	-0.14160435	0.31787765	0.1619007	-0.32843795	0.1380632	-0.28583935	-0.3746748	-0.19166781	-0.031974945	-0.23196118	0.15880214	-0.3150227	-0.2308525	-0.12517564	-0.25685212	-0.14749964	-0.12714958	0.090424605	-0.29321837	0.16489787	-0.17545849	0.3374497	0.1746743	-0.35325983	-0.29872262	-0.25589275	-0.10487123	-0.32861954	-0.080773905	-0.26517218	0.14866069	0.29754198	-0.09939104	0.045808025	-0.34935805	-0.3357056	-0.09381169	-0.27765962	-0.013513551	-0.14477913	0.10861603	-0.32974064	0.28930816	-0.23150538	-0.10477917	0.31371102	0.20834856	0.036061905	0.18470839
0.11406016	0.43122077	0.20108147	-0.04639683	-0.28095752	0.018252242	0.6350431	-0.281001	0.9520541	-0.16132899	0.109032474	0.090249434	-0.81971884	0.11529853	-0.621141	-0.8649964	-0.056409515	0.045619972	0.23537497	0.20205286	-0.58576745	-0.15157811	0.30300033	-1.0369194	-0.48960906	-0.34132573	-0.13732088	-0.42909217	-0.6180006	-0.42361313	-0.38328254	-0.35259908	0.73617834	-0.14316042	0.25015622	-0.17310712	-0.16270976	0.8309264	-0.2158383	0.1699345	-0.24785542	0.952241	-0.42453676	-0.98758346	-0.1462647	-0.879981	-0.20147936	-0.9033728	-1.1558985	-0.35949403	-0.24548146	0.14173537	-0.32449484	-0.87379587	-0.43062818	0.65762764	-0.025140852	0.25903013	-0.24831861	0.29688606	-0.106634624	0.20672351	-0.9669907	0.5346033
-0.2056585	0.17531116	0.08195125	0.20297348	-0.274675	0.022298787	0.06046664	-0.16804028	0.2588423	0.15727367	0.077633806	0.22219926	-0.32361498	-0.081608646	-0.2848643	-0.26722255	0.21536426	0.21773055	-0.14402632	0.14908476	-0.31764135	-0.2373309	-0.112336874	-0.28504902	-0.30845717	-0.0027768018	-0.21662109	-0.20367995	-0.2301963	-0.21185948	-0.1585737	-0.17646006	0.16159588	-0.17978327	0.23827209	-0.080574386	0.21156223	0.34355453	-0.2663064	-0.20732497	-0.21684797	0.012855455	-0.3073205	-0.3396021	-0.25583425	-0.15824686	0.13275516	-0.24778816	-0.22025608	-0.3514674	-0.27068087	-0.09970699	-0.25132817	-0.13081408	-0.21812941	0.20204553	-0.08409422	0.31994024	-0.2630182	0.036948927	0.18372197	0.19592074	-0.059684485	0.085496575
0.0057916865	-0.34872696	-0.34064862	-0.07865572	0.04554748	-0.44138175	0.2583793	0.55322146	0.090006724	-0.057893377	0.2898158	-0.16005924	0.41103324	-0.21766298	0.41207442	0.4527287	-0.19688876	-0.5139951	0.24696524	0.2814928	0.3613722	0.16745509	0.3744644	0.13519095	0.52126205	-0.13787769	0.104430065	0.36264363	-0.021176104	0.50741756	-0.25633818	-0.18424228	0.26006132	0.30396378	0.15860514	-0.33085233	-0.08013241	-0.02296478	0.4416124	0.04074515	-0.089512825	0.054888345	0.3456783	0.24184567	0.11459321	0.24602582	-0.0025085222	0.33266747	0.23878624	0.106111854	0.26743346	0.09131778	0.034941226	0.06984693	-0.2548642	0.23386104	-0.036511645	-0.4646771	-0.018886577	0.4021694	-0.03916822	-0.47062445	0.09259447	-0.085881785
-0.3935337	0.17799914	0.06973147	0.24292395	-0.41951773	-0.30173472	0.22678398	-0.011087843	0.52595085	0.3462306	0.47119826	0.3767036	-0.23995228	-0.3275723	-0.24033189	-0.39825848	0.30519834	0.018882176	-0.15214007	0.43306434	-0.33046198	-0.24293706	-0.074549794	-0.3181289	-0.20248461	-0.24135345	-0.39984703	-0.2716914	-0.48619106	-0.13258918	-0.43100277	-0.3976853	0.509053	-0.25617504	0.51175535	-0.40061697	0.30590835	0.4048982	-0.18778782	-0.29681057	-0.4545121	0.35308173	-0.21074289	-0.4207957	-0.29054272	0.058435507	0.33252102	-0.01911899	-0.22175355	-0.47596747	-0.21515097	-0.29494065	-0.3768328	-0.3737792	-0.48565176	0.48099345	-0.38723567	0.16824026	-0.40474617	0.4009411	0.41473353	0.09367567	-0.18510404	0.23586825
-0.622242	-0.61575353	-0.628963	0.15542828	-0.3642865	-0.58488154	-0.08077556	0.58680373	0.0076973005	0.4900716	0.5821416	0.3231311	0.59829956	-0.52960306	0.75414854	0.527775	0.15581033	-0.40852317	-0.12568982	0.46863875	0.26653355	0.18824682	-0.031168383	0.59210265	0.6546683	-0.20823252	-0.4118102	0.64322037	-0.47897273	0.56278765	-0.45717782	-0.47458845	0.29701665	0.3536697	0.5959258	-0.32540473	0.46758974	-0.20923837	0.3439589	-0.53035516	-0.40307072	-0.4478127	0.6028793	0.53200394	-0.2093767	0.6908197	0.605091	0.5303639	0.673377	-0.18732855	0.42923528	-0.3253544	-0.27422804	0.4794628	-0.5433957	0.41573116	-0.19199798	-0.57952964	-0.4540982	0.54381996	0.4500546	-0.45865676	0.5686445	-0.28617388
-0.17439944	0.18973729	0.22025406	0.299192	-0.12146954	0.10031982	0.011142579	-0.3014798	0.09068874	0.2052384	0.006842913	0.19827083	-0.22445028	-0.16193278	-0.33404437	-0.123158984	0.27217117	0.18813683	-0.27237412	0.09313111	-0.23400316	-0.29337332	-0.13309954	-0.12243245	-0.30929142	0.16435754	-0.29977605	-0.26109096	0.0021075802	-0.27356666	-0.08451363	-0.09513531	0.008821854	-0.28333503	0.14768521	-0.069019064	0.24646182	0.17668836	-0.30816478	-0.16071111	-0.15391745	0.020978136	-0.31859794	-0.13890037	-0.22311953	-0.00079974305	0.16922419	-0.0718353	-0.10349098	-0.24761878	-0.27687013	-0.011362942	-0.20401594	-0.07293533	-0.037790958	0.046930574	-0.19796555	0.29418927	-0.19065377	-0.09812259	0.24801463	0.26138648	-0.0805119	0.17304286
-0.007660926	0.38223103	0.433753	0.26456717	-0.069398165	0.3105212	0.19704627	-0.4183398	0.24885148	0.0574249	-0.05167626	0.13895297	-0.5419805	-0.15039605	-0.54947054	-0.3280782	0.14084919	0.23285463	-0.057557963	-0.012381562	-0.30848157	-0.35821113	0.04211968	-0.4627104	-0.5069357	0.082900584	-0.097339325	-0.46840334	-0.021205304	-0.39385867	-0.076942824	-0.10670872	0.17400704	-0.3140107	-0.008357873	-0.21010834	0.0032353746	0.28480795	-0.27051547	0.018501876	-0.17113747	0.31975713	-0.3684496	-0.3500511	-0.13752124	-0.284662	-0.022379214	-0.372605	-0.5364468	-0.16237316	-0.3814498	0.12847172	-0.16781342	-0.33931684	-0.02422463	0.12864104	-0.20832321	0.35358804	-0.13450468	-0.18442756	0.018486483	0.26544863	-0.36546215	0.28222474
0.013502446	0.04679842	-0.28281376	-0.16319732	-0.32614225	-0.3945533	0.3599903	0.099139	0.93050545	-0.08575753	0.32375768	0.10524367	-0.41736326	0.18471402	-0.190104	-0.6291348	-0.0484248	-0.08172677	0.24577284	0.2734567	-0.430325	-0.0036587925	0.16635433	-0.70537907	-0.111649185	-0.49937013	-0.15198758	-0.047985766	-0.7946796	0.007360068	-0.47839645	-0.38428596	0.72936463	0.03288598	0.35642746	-0.110396475	-0.124917485	0.67314196	-0.021809915	0.12016374	-0.29406473	0.7177282	-0.11127102	-0.72255075	-0.040118698	-0.57958275	-0.071987696	-0.46322584	-0.6243496	-0.3674662	0.025253514	-0.2432439	-0.18438068	-0.71233284	-0.5368594	0.74938977	0.13822797	0.012157386	-0.34146413	0.62352955	-0.045919836	0.07109056	-0.49581793	0.20468101
0.6482805	0.7361703	0.8009475	0.61800104	0.64436084	0.6839461	0.5654357	-0.53375965	-0.80575645	-0.49343497	-0.64541495	-0.6430892	-0.551728	-0.59428	-0.7141207	0.71867794	-0.45904383	-0.3278347	0.4830047	-0.60601753	0.6322463	-0.6555426	0.5768102	-0.21509491	-0.3820987	0.6613187	0.5642834	-0.7953771	0.8037432	-0.6388158	0.6652222	0.64896864	-0.64706063	-0.3097866	-0.7389849	-0.59846735	-0.28395796	-0.5783003	0.48362732	0.6106305	0.5612889	0.0069753192	-0.6104894	0.68423784	0.38894543	0.27955216	-0.61179215	0.2775333	-0.43882212	0.71934474	-0.58141315	0.7018348	0.45092434	0.14410351	0.63056123	-0.78560597	-0.78362817	0.048785165	0.5922031	-0.741883	-0.63479185	-0.38388368	-0.66462225	0.67724925
0.68082285	-0.67334104	-0.6764388	-0.67780244	0.5957982	-0.42302108	0.5064264	0.56868374	0.6801059	-0.65114015	-0.43652415	-0.6328693	0.19175334	0.769418	0.49838844	-0.35140395	-0.66691434	-0.478546	0.71523917	-0.60719115	0.20483395	0.7137525	0.6670024	-0.5704212	0.52698207	-0.64260197	0.7183435	0.66169065	-0.50251955	0.58100647	0.15006208	0.37974507	0.507424	0.58372617	-0.4522714	0.65778667	-0.7329677	0.29859093	0.6225997	0.6343964	0.58181775	0.53830594	0.7460475	-0.43126002	0.61109287	-0.7893417	-0.705122	-0.6570299	-0.7270085	0.65716344	0.62589717	-0.24443841	0.6903023	-0.5596355	-0.09131519	0.4160065	0.8021123	-0.6214215	0.5262923	0.54047763	-0.65748775	-0.5078213	-0.43110174	-0.62229925
0.17951804	-0.15962858	-0.063899264	-0.23982601	0.3429491	0.11025399	0.056228112	-0.09756716	-0.22459528	-0.23684241	-0.3110607	-0.22598192	0.25342873	0.29566762	0.19181256	0.24143627	-0.12785397	0.06595961	0.03150188	-0.32330048	0.22268122	0.2970588	-0.018996615	0.17125961	0.16275789	-0.06898629	0.31950068	0.19292232	0.09901025	0.12879667	0.2512558	0.37050465	-0.2347139	0.20141785	-0.3138213	0.32246515	-0.1456936	-0.26415753	0.15584266	0.11894168	0.43435794	-0.15246488	0.332504	0.29465458	0.32608673	-0.18683447	-0.17103739	-0.2908552	0.0037836835	0.46131542	0.28298786	-0.045025747	0.4615152	0.20247217	0.26302224	-0.23396352	0.26637	-0.053110864	0.2507212	-0.14774579	-0.17946647	0.023021804	0.07026667	-0.24523297
-0.21707425	0.1547138	0.14617527	0.62722015	-0.062758245	-0.12285669	0.108034864	0.1825664	-0.32483536	0.29108548	0.20815048	0.09073244	0.15173194	-0.6307637	-0.03173726	0.4443548	0.073315375	-0.23349525	-0.08214493	0.23077108	0.1872308	-0.43182686	0.12869759	0.25858438	0.18391615	0.39850575	-0.32357308	-0.22183461	0.20231104	0.06360855	-0.04451962	-0.12542221	-0.055421893	-0.20649225	0.062920414	-0.44796446	0.43536893	-0.117089935	0.12540954	-0.24262151	-0.20992224	-0.1443366	-0.19481462	0.37516996	-0.24642621	0.52210844	0.19524387	0.44692764	0.27816495	-0.0825034	-0.29246256	0.23127462	-0.2549241	0.19040908	-0.13134073	-0.12307808	-0.54359823	-0.10619399	-0.07712802	0.086974956	0.19630101	-0.20455883	-0.016104154	0.28025433
0.33444676	-0.17844246	-0.14558208	-0.2281527	0.24108243	-0.22820185	0.5644807	0.41279694	0.24593246	-0.30347383	-0.059356596	-0.30498797	-0.03894176	0.22666037	0.15241422	0.05744194	-0.35120425	-0.42798004	0.46746987	-0.18023479	0.09211504	0.15827557	0.46981463	-0.44835186	0.31518394	-0.26512063	0.23644122	0.14209457	-0.06495726	0.30070886	-0.051472872	0.059706077	0.36659774	0.36384252	-0.13891792	-0.084309615	-0.39029348	0.22953211	0.43608183	0.37079597	0.14426652	0.42486742	0.20980757	-0.24224254	0.31993666	-0.32581925	-0.33015043	-0.12954581	-0.34580418	0.25783035	0.25776315	0.09764003	0.2293456	-0.40030438	-0.091813885	0.15013559	0.15535103	-0.41204605	0.100548424	0.20985752	-0.33132294	-0.45219672	-0.5076983	-0.0127361575
-0.032793656	0.13964364	0.0722116	0.100164704	-0.09384017	0.002757164	0.1537566	-0.03510615	0.11939639	0.05956018	0.04526022	0.057227112	-0.12347791	-0.08515631	-0.069797084	-0.09077609	0.043982636	-0.080159225	0.052703112	0.09639997	-0.13230339	-0.112903886	0.0070094583	-0.09023713	-0.1041677	0.020693418	-0.06328624	-0.15529321	-0.039217018	-0.07843588	-0.06538489	-0.12080101	0.10859872	-0.072763905	0.036021516	-0.09926404	0.093564205	0.15330897	-0.06028779	-0.022955779	-0.16043954	0.014546239	-0.16660927	-0.11687272	-0.12419367	0.00956892	0.047681075	0.0017113334	-0.068762206	-0.0722467	-0.10376667	0.009748556	-0.15657945	-0.13706014	-0.15444529	0.10364098	-0.09511864	0.057703447	-0.13748378	0.0678845	0.008318269	-0.0036806152	-0.11436367	0.106661744
0.59209186	0.17262337	0.28141308	0.0936363	0.54283947	0.2967915	0.5098507	0.011434645	-0.291843	-0.48690584	-0.44241244	-0.56451005	-0.084550396	-0.16372034	-0.14586891	0.40264955	-0.5297627	-0.4129216	0.49922237	-0.4085876	0.4398027	-0.09486492	0.5833854	-0.15096743	0.06721445	0.11203122	0.49248767	-0.20178954	0.36876267	-0.0263992	0.3452835	0.41412693	-0.07577549	0.14916493	-0.40023956	-0.2718097	-0.31098825	-0.27049643	0.43576005	0.47984725	0.49521768	0.029349687	0.11170913	0.33178937	0.41770095	-0.088792644	-0.53679055	0.007312379	-0.3598637	0.63197523	0.027789056	0.37181535	0.46996298	0.061842225	0.2620194	-0.3718792	-0.14227381	-0.33237115	0.40779474	-0.29188606	-0.48579305	-0.43079934	-0.47449222	0.17476316
0.23485385	0.049790297	0.019107228	-0.15483159	0.09357092	0.111004055	0.24022849	-0.12748277	0.24511643	-0.20986451	-0.18968906	-0.121063024	-0.34068188	0.26961517	-0.27459678	-0.23716123	-0.04570928	-0.048926674	0.16092159	-0.1906876	-0.27850044	0.05222866	0.07934424	-0.2866407	-0.10993682	-0.107945	0.17848885	-0.07557325	-0.10257235	-0.10981048	0.044355236	0.15174975	0.13750316	0.04314767	-0.15769556	0.09394468	-0.25457513	0.19954923	-0.01397954	0.16732736	0.17382994	0.15392375	-0.080554456	-0.30475187	0.075531326	-0.4562372	-0.24564672	-0.47518715	-0.3886872	0.042678878	0.026489187	-0.05104028	0.05806634	-0.15986933	0.030344114	0.12680301	0.18850604	0.09306744	-0.00094101264	-0.13573103	-0.1621914	0.043168902	-0.26789495	0.04168763
-0.15733252	0.051904127	0.19264886	0.49033257	0.07206715	0.010574294	-0.01200554	-0.02705775	-0.34732902	0.22309756	0.11383901	0.040042482	0.22055562	-0.47854808	0.01767451	0.44904524	0.11160195	-0.08620007	-0.1233793	0.063576326	0.2098182	-0.27197108	-0.037649754	0.26394594	0.08322668	0.27275035	-0.22276436	-0.10809444	0.2238964	0.059084997	0.038195245	-0.036515176	-0.092514746	-0.094611846	-0.03195736	-0.29446074	0.38962594	-0.17356688	0.022428734	-0.18021876	-0.15896352	-0.21873361	-0.092876785	0.41100717	-0.17145392	0.6213114	0.22390324	0.31923053	0.28439045	0.04634983	-0.22948228	0.09886563	-0.18880227	0.25325108	0.04364378	-0.2040433	-0.46221155	0.01262464	0.015408872	-0.052622255	0.118600644	-0.050483324	0.103286274	0.095216654
0.49279484	0.14118448	0.18660289	0.04115559	0.47516724	0.26249465	0.20983118	-0.048444282	-0.16581738	-0.50432956	-0.35275766	-0.5053702	0.03946592	0.025078805	-0.071925156	0.3940903	-0.39398342	-0.23433506	0.34448245	-0.37668496	0.43679056	-0.0055431314	0.39833605	-0.06584053	0.17237721	0.0681268	0.5099948	-0.118458815	0.23732129	-0.034081757	0.30712295	0.33649388	-0.087090835	0.13609241	-0.38164565	-0.049743805	-0.41759518	-0.14059745	0.4259689	0.4431981	0.43803105	0.05663813	0.19126382	0.32729504	0.49753234	-0.09141938	-0.44849607	-0.071270406	-0.2512663	0.49089858	0.09125648	0.23928195	0.4118593	0.04044555	0.19788717	-0.23238206	-0.01365146	-0.27060077	0.4246447	-0.2793967	-0.4314111	-0.30148265	-0.24232246	0.019447617
-0.15949601	-0.3511153	-0.34335458	-0.24205667	-0.03455511	-0.16761386	-0.056369256	0.11818367	0.17688444	0.057260223	0.026318932	0.11517683	0.25530526	0.20264527	0.30993056	-0.043848224	0.045434207	-0.054971524	-0.052456148	0.07324937	-0.09592925	0.28560686	-0.08448886	0.14632703	0.15228254	-0.18061455	0.02125604	0.3020327	-0.34434643	0.18799955	-0.052831464	-0.068097815	0.05448847	0.1332848	0.20060793	0.17327985	-0.06593351	-0.04104149	0.01978442	-0.10304649	0.045895837	-0.11629957	0.23814496	0.059602454	0.04957316	-0.032977115	0.12175268	-0.11490751	0.20900024	-0.029372426	0.23126356	-0.36603415	0.09753486	0.077637605	-0.122521	0.1551129	0.23988742	-0.09839134	-0.13798366	0.14447993	0.04827529	-0.06639706	0.18144785	-0.24090658
0.15865995	0.09243223	0.04422454	0.00534157	0.05789958	-0.017177477	0.26956624	0.050345447	0.23868892	-0.13677564	0.0075504063	-0.035395835	-0.223539	-0.07636013	-0.20968093	-0.13773115	-0.09388809	-0.167607	0.16751657	0.06774092	-0.07865557	-0.071311764	0.23472317	-0.3496358	-0.093505085	-0.11922636	-0.0057755713	-0.14501853	0.014378541	-0.05876945	-0.10584258	-0.017376553	0.17845976	0.035311136	-0.04125458	-0.1871521	-0.100271866	0.2608375	0.11182571	0.11775437	-0.055288848	0.20300783	-0.054143157	-0.18210648	-0.02321802	-0.13601604	-0.120859906	-0.101153955	-0.2792298	-0.023687627	-0.08547857	0.10770874	-0.024706934	-0.26121897	-0.104851775	0.11149856	-0.06544304	-0.0089391	-0.028274141	0.008698255	-0.057504255	-0.092917055	-0.2762835	0.21432127
0.32982585	-0.05022819	-0.06554866	-0.17705397	0.2675334	-0.09591617	0.48225394	0.3270004	0.13126324	-0.33878326	-0.13463083	-0.27821195	-0.030394174	0.16512048	0.05275283	0.054484293	-0.36880922	-0.40231878	0.3699836	-0.17048803	0.17378116	0.08998916	0.4701434	-0.36998612	0.20945771	-0.24486941	0.26929542	-0.008761866	0.077524625	0.15354782	0.059395675	0.08164197	0.23876975	0.2866096	-0.15090945	-0.043416645	-0.3175804	0.06938806	0.36023962	0.3040277	0.1686877	0.36360374	0.109667584	-0.14928804	0.27654243	-0.26155996	-0.34646004	-0.07142163	-0.38959482	0.24328226	0.12869634	0.20832457	0.1266883	-0.36211342	0.0062788078	0.09215476	0.095713444	-0.29691643	0.17541613	0.106077895	-0.33310926	-0.36128187	-0.3649983	0.13590205
0.05627598	0.044204682	0.12142993	0.34702137	0.2514507	-0.16041546	0.14882796	0.23046082	-0.38820753	0.04917104	0.13533229	-0.2122063	0.28733924	-0.48081273	0.06880417	0.6882736	-0.11220478	-0.32683417	0.09164482	0.059807196	0.5226908	-0.19547816	0.19882703	0.36996087	0.24306789	0.21342751	0.038923882	-0.15673926	0.42141253	0.07279247	0.12427895	0.033940736	-0.17735481	0.011025305	-0.15046248	-0.4930698	0.19023827	-0.40135953	0.27355412	0.016355982	0.012136069	-0.2189627	0.025501644	0.6003899	0.0016468671	0.63081324	0.030799875	0.58338714	0.29580313	0.20513703	-0.08895568	0.27188313	-0.043821517	0.23349206	0.0985647	-0.24677922	-0.47671235	-0.26495275	0.14348972	0.022365566	-0.016241003	-0.39465746	-0.034428798	0.24266304
0.17521964	0.37523594	0.48866588	0.33458596	0.1762426	0.472987	0.06639279	-0.42244884	-0.44111308	0.031420205	-0.41763794	-0.0350333	-0.3641684	-0.2497696	-0.53383374	0.21136819	0.12150608	0.24872907	-0.11244375	-0.2977212	-0.0494622	-0.38752455	-0.069072336	-0.05843736	-0.3842049	0.39098877	0.024484787	-0.43544233	0.39023146	-0.48731533	0.35968554	0.40486568	-0.3319804	-0.42182744	-0.3549166	-0.1619215	0.12357915	-0.2312191	-0.156819	0.045809545	0.14889742	-0.076574184	-0.33680794	0.15795046	-0.0690102	-0.05410638	-0.059105378	-0.18537946	-0.16640987	0.11120715	-0.34267524	0.28418756	0.107137546	0.08025354	0.40094617	-0.44291985	-0.3226345	0.31177542	0.09000432	-0.54503655	-0.047137383	0.23435014	-0.26208842	0.25223973
-0.32032827	0.5400156	0.59081125	0.49419367	-0.43948525	0.03086079	0.3060467	-0.4888736	0.46721533	0.30988225	0.3733083	0.34601107	-0.51686937	-0.46586332	-0.5878756	-0.5313949	0.38325593	0.2640034	-0.22138937	0.40923098	-0.41530418	-0.60704553	-0.07768215	-0.5753641	-0.5419135	0.087775394	-0.4550422	-0.6388212	-0.2558542	-0.49118793	-0.3288308	-0.35755205	0.42568138	-0.58144605	0.39718008	-0.4959441	0.34885642	0.54261625	-0.3909381	-0.2982935	-0.42590976	0.46717238	-0.5460587	-0.5463906	-0.44514138	-0.31722417	0.26395592	-0.23362981	-0.5953559	-0.42493743	-0.57027024	-0.058215354	-0.44691512	-0.5441052	-0.38556612	0.40663397	-0.59279966	0.4738323	-0.36792898	0.04482184	0.31637648	0.35999593	-0.4788494	0.44647348
-0.034321476	-0.15427181	-0.16786316	-0.16144367	-0.049264275	-0.1688153	0.14264	0.17098622	0.32340354	-0.032060705	0.080270596	-0.009463296	-0.05898042	0.17510957	0.058837987	-0.23035163	-0.01996424	-0.104387105	0.14135334	0.029580323	-0.13385159	0.1142334	0.05058632	-0.1288703	0.08950522	-0.25684318	-0.0058471444	0.15290019	-0.2830954	0.19611199	-0.18808573	-0.11540282	0.21842378	0.115082406	0.11763144	0.107338436	-0.16858323	0.154348	-0.00984231	0.007852511	-0.0112216575	0.13001995	0.08899937	-0.19278732	0.04199188	-0.24944517	-0.04339107	-0.11205703	-0.11935787	-0.03258816	0.17474104	-0.21282755	0.073303886	-0.170553	-0.18922955	0.20543446	0.2046141	-0.075379156	-0.10316141	0.25369328	-0.028396491	-0.065204054	-0.030329201	-0.07117357
0.04924898	-0.0881729	-0.2149577	-0.2293694	-0.051975552	-0.057745993	0.16741078	0.03818923	0.38149375	-0.13077961	0.046907388	-0.01610501	-0.17798945	0.15944943	-0.06984481	-0.29131854	-0.10312282	-0.08043645	0.11024194	0.038465872	-0.14210564	0.08578358	0.055117644	-0.23904824	-0.008381195	-0.24043281	0.066015214	0.119276084	-0.38179246	0.058377586	-0.15330423	-0.0797583	0.19465502	0.066959836	0.12730122	0.090183586	-0.13176742	0.2704515	0.016589865	0.054730017	0.04534533	0.25821736	0.037801154	-0.34185243	0.09642163	-0.28229868	-0.0850877	-0.20666651	-0.26250103	-0.07198213	0.09858504	-0.20914783	0.06716972	-0.20585634	-0.15497021	0.28477204	0.22103234	0.013642659	-0.09531501	0.18808489	-0.07831814	0.019317888	-0.14299151	-0.044668872
-0.012900329	-0.06897731	0.01701997	0.042982846	-0.016441382	0.17405054	-0.08471285	-0.13231905	-0.03142348	0.038439978	-0.069297925	0.093218036	-0.010284714	-0.010752918	-0.030731164	-0.003172377	0.09022472	0.10030406	-0.13960649	-0.11980508	-0.11776763	-0.01938506	-0.14207615	0.09257113	-0.060937807	0.017163841	-0.03197447	0.023634933	-0.07840202	-0.09644746	0.020091219	0.043781757	-0.04769587	-0.0608596	-0.070464306	0.034628518	0.0057882075	-0.021006342	-0.14566636	-0.085605845	0.114715904	-0.09176811	0.031538468	0.005454555	-0.0601972	-0.049492925	0.0040422627	-0.13675071	0.032689888	-0.013843179	-0.03970778	-0.048801668	0.08946514	0.10330838	0.071003385	-0.10938195	0.08705422	0.0985934	-0.019036742	-0.10015431	0.08583216	0.11545599	0.03294481	-0.09327857
0.02037766	-0.44339484	-0.56390613	-0.18964817	-0.10004987	-0.5322113	0.30424845	0.52548015	0.61741793	-0.11229467	0.3512008	-0.09460387	0.15988852	0.054612346	0.40435356	-0.09057314	-0.22845533	-0.4529366	0.27296194	0.21028456	0.052716896	0.2673361	0.33130798	-0.21394232	0.48116225	-0.46757376	0.0117268665	0.41238433	-0.51097256	0.52460766	-0.4587205	-0.384896	0.5715639	0.3736846	0.3482412	-0.13384366	-0.19547252	0.3432151	0.37309808	0.05623148	-0.19813494	0.3259177	0.3327972	-0.18376419	0.11195282	-0.12694554	-0.06937959	0.10932841	-0.0043010437	-0.150394	0.34828672	-0.22411402	0.0032318658	-0.258228	-0.48816782	0.5394394	0.16299881	-0.4714471	-0.1414456	0.6190507	-0.06341175	-0.45489582	-0.048475426	-0.11191425
0.061106294	0.12116451	0.20716488	0.2981763	0.17162614	0.14020716	0.10860012	-0.031770557	-0.34547943	0.0376234	-0.10626929	-0.066173084	0.0048353747	-0.2984394	-0.13486014	0.43272257	0.022079712	-0.050820965	-0.02404476	-0.1194023	0.23320086	-0.27961013	0.036015894	0.14985955	0.023149237	0.31383964	0.014236437	-0.18259849	0.23627792	-0.10179609	0.22316468	0.1380709	-0.16220993	-0.13161516	-0.17858984	-0.2792338	0.11804448	-0.27481034	0.06664355	0.022018384	0.119180426	-0.15315944	-0.070234604	0.32427657	0.029560644	0.28436464	-0.030709064	0.19797355	0.07383981	0.15821862	-0.20861597	0.22009245	0.038994644	0.26596713	0.19625479	-0.21423799	-0.3338154	-0.040508885	0.1470896	-0.19313657	-0.072704844	-0.10060903	-0.14867397	0.104352124
-0.13853203	0.07500994	0.08157935	0.12908961	-0.07864089	0.029106194	0.012616647	-0.02512614	-0.07582528	0.17088902	0.09573065	0.13654278	-0.035789475	-0.16233565	-0.03235633	0.09551669	0.11237195	0.010826912	-0.15771794	0.09079491	-0.16574138	-0.15305352	-0.10067333	0.1325684	-0.009169403	0.07613475	-0.22791524	-0.09718756	-0.031573024	-0.020636007	-0.08817266	-0.08307669	0.0034171992	-0.16473405	0.163608	-0.13307525	0.15528768	-0.11556242	-0.14689077	-0.20193943	-0.09173234	-0.105871156	-0.1262245	0.16567083	-0.14456671	0.1623756	0.17997716	0.030992601	0.100044	-0.13872285	-0.12547842	-0.08655567	-0.1258592	0.12426578	-0.032576256	-0.006751416	-0.16452438	0.11886176	-0.1804878	0.01611331	0.12419127	0.025314	0.033856314	0.011368091
0.19504002	0.24718796	0.23906426	0.15871061	0.15175913	0.09933969	0.12877828	-0.12354883	-0.19546443	-0.11959891	-0.17405225	-0.14442226	-0.19821565	-0.14777337	-0.23388821	0.12764639	-0.09796487	-0.030254394	0.013959332	-0.16792509	0.04287119	-0.15745403	0.072309844	-0.036885727	-0.13909118	0.16599661	0.083028644	-0.2670072	0.21941976	-0.1606336	0.145264	0.15456529	-0.079480946	-0.10528134	-0.18232764	-0.15989938	0.014511543	-0.042708546	0.04359326	0.06149184	0.11507066	-0.020365149	-0.1737452	0.085373946	0.06643865	0.047088996	-0.10589923	0.027423576	-0.14227752	0.16067071	-0.12691633	0.1861496	0.01707231	-0.039902233	0.09072392	-0.18855828	-0.15040009	0.08336482	0.11222259	-0.17983854	-0.15518044	-0.049124666	-0.17973956	0.20949103
0.1605992	0.18442197	0.21982025	0.19419657	0.11760379	0.07846809	0.2167313	0.0043517123	-0.20022286	0.006318226	-0.012329492	-0.12720281	-0.1766809	-0.21360691	-0.13929744	0.2694078	-0.04260615	-0.12037663	0.11196863	-0.07145828	0.11175868	-0.2701102	0.12216187	-0.09038927	-0.020891512	0.16784416	-0.019171797	-0.20581953	0.28590482	-0.046991255	0.07079789	0.104286686	-0.05079576	-0.122813374	-0.12246631	-0.22204334	0.011057165	-0.0899485	0.105907194	0.10068198	0.0047401837	-0.04212165	-0.18374705	0.15974388	0.005658437	0.1269908	-0.02430335	0.114329055	-0.10861103	0.0746649	-0.1313725	0.19185275	-0.014712427	-0.024378832	0.08337364	-0.19986138	-0.20127921	0.007333918	0.05636549	-0.1787927	-0.02502768	-0.08751763	-0.19846731	0.22561882
-0.36138383	0.19376701	0.26361775	0.30012405	-0.33849666	0.26769555	-0.115753144	-0.44243774	0.19126067	0.31406057	0.08110493	0.42570487	-0.365301	-0.11103248	-0.32927594	-0.39118594	0.3640615	0.33469117	-0.37521484	0.17444716	-0.36666775	-0.27908087	-0.277304	-0.22711463	-0.47506887	0.14838655	-0.4109094	-0.26983967	-0.26722312	-0.3376161	-0.16080788	-0.1785343	0.13157453	-0.45738807	0.2227424	0.018961856	0.37744159	0.23235525	-0.47814247	-0.25421718	-0.27563304	0.061864194	-0.3727987	-0.31820783	-0.38671708	-0.21311405	0.32039484	-0.33711982	-0.14817679	-0.3657923	-0.37807482	-0.17508212	-0.2981317	-0.07098773	-0.169479	0.20593883	-0.17579193	0.5194469	-0.3410181	-0.1595411	0.3613316	0.365736	-0.036911715	0.100406736
0.11345352	0.032103643	0.01280136	-0.09253484	0.101021275	0.053800266	0.073461965	0.004939114	-0.0018938743	-0.092837796	-0.1008103	-0.07508813	-0.08183953	0.046396922	-0.029263346	0.018567972	-0.11863216	-0.024315795	0.13203807	-0.13929059	-0.021455891	0.07131308	0.0550846	-0.0802512	-0.015428819	0.0122207645	0.14593372	-0.024572669	0.030023193	0.04307386	0.062620156	0.122028776	-0.044769514	0.07094491	-0.13033961	0.05362826	-0.11798681	-0.025455903	0.055457037	0.09043756	0.13915066	-0.0008021151	0.023357822	-0.05794042	0.07340473	-0.10870316	-0.115861356	-0.072759315	-0.086062364	0.17881775	0.044924513	0.027536366	0.11218628	0.00745926	0.059895515	-0.03503455	0.0837103	-0.05649297	0.081901655	-0.038108233	-0.14487132	-0.072940566	-0.13472667	-0.03295398
0.10647768	-0.012919791	0.0053481883	-0.050835036	0.1631697	0.030254176	0.1738983	0.04122315	-0.09349511	-0.13913426	-0.15605809	-0.12632127	-0.00045101112	0.05693544	0.03276156	0.18897526	-0.10195169	-0.17643104	0.0905844	-0.18304063	-0.0029431432	0.023323381	0.081861675	-0.049844254	0.06779351	-0.06421986	0.12308647	0.036258403	0.08159035	0.023651736	0.13583957	0.18682759	-0.016272627	0.12591644	-0.06494549	0.0028070542	-0.08585597	-0.22799045	0.08867658	0.13754553	0.14200194	-0.03148659	0.092719056	0.17579867	0.096608534	-0.014256489	-0.097411126	-0.058609992	-0.015006027	0.14863798	0.10184673	-0.05215188	0.16036712	-0.034744464	0.09350484	-0.05722113	0.0619745	-0.0784876	0.06565499	-0.0750622	-0.055206276	-0.14811073	-0.10095343	-0.032440532
-0.15977481	0.13715641	0.19048768	0.10587097	-0.07405963	0.24322551	-0.060400937	-0.3250002	-0.02209466	0.12795138	-0.10816485	0.2604625	-0.05090816	0.03300123	-0.17406075	-0.07185245	0.21327648	0.30956995	-0.27056304	-0.06654576	-0.21739285	-0.09902443	-0.21873017	-0.0022688787	-0.24855712	0.10030613	-0.21198581	-0.064843126	-0.12488148	-0.20444599	-0.011172918	0.017200591	-0.09320653	-0.29568732	0.089461535	0.05047768	0.20205045	-0.082315825	-0.3280954	-0.14943221	0.024966521	-0.1379895	-0.07721178	0.02547593	-0.16500485	-0.09018342	0.17387922	-0.27169472	-0.024870215	-0.033933666	-0.10578036	-0.14612313	0.042438988	0.06430419	0.067123234	-0.0771083	-0.020082016	0.40826756	-0.12576534	-0.19099835	0.16222747	0.31885934	0.00026984638	-0.075433016
-0.0038815553	-0.03566023	-0.09992169	-0.015759422	-0.12547418	-0.2530507	0.16862382	0.1602974	0.30378836	-0.004559316	0.17274447	0.044746354	-0.04960221	-0.05183987	0.042206854	-0.11115136	-0.022699235	-0.1937164	0.12538755	0.22302277	-0.040593997	0.032802943	0.15100686	-0.19315352	0.031463157	-0.14742261	-0.064426824	0.033612523	-0.2200208	0.15021731	-0.28858945	-0.2737513	0.32324928	0.06437098	0.18110842	-0.15274765	-0.024614418	0.2953271	0.050890423	-0.0036512373	-0.21442856	0.19018461	0.040725302	-0.21734661	-0.037905023	-0.090085715	0.014855799	0.054515935	-0.064198196	-0.1387582	0.056845967	-0.06115067	-0.10519779	-0.17794363	-0.27236158	0.32790205	-0.027588105	-0.14527196	-0.17464034	0.25008512	0.007346552	-0.17526904	-0.10258481	0.102182984
0.30528772	-0.51620674	-0.5863952	-0.34825447	0.1945209	-0.4537	0.3679915	0.6145131	0.48123392	-0.28645056	0.07051361	-0.33344898	0.46137875	0.26355824	0.52681655	0.14351141	-0.4243111	-0.61775845	0.4990583	-0.054664366	0.4016737	0.4424941	0.49836072	-0.15486759	0.6581699	-0.42782813	0.30669	0.53491116	-0.24854985	0.6195284	-0.07255227	-0.020483045	0.46935812	0.5575836	0.0009363684	0.11278632	-0.37149394	0.1931483	0.5829607	0.26148963	0.13833581	0.3685763	0.6558179	-0.020220729	0.3619418	-0.12865813	-0.28783172	0.036506332	-0.09380042	0.27135023	0.51095873	-0.065779194	0.22233637	-0.20855136	-0.1988859	0.3845497	0.31074893	-0.6367431	0.22581647	0.43211985	-0.26652536	-0.56236136	-0.112930164	-0.3553131
-0.31853122	-0.6021175	-0.5115574	-0.19120838	-0.11510643	-0.16077508	-0.23311394	0.14775313	-0.047627408	0.15780626	0.103050664	0.25734484	0.66559947	0.09999726	0.5811459	0.39108387	0.25872046	0.12817799	-0.23967424	0.083029956	0.04358546	0.31471065	-0.2731667	0.5237658	0.26706457	-0.041369114	-0.098197415	0.6178917	-0.47378963	0.34647635	-0.041171134	0.022735277	-0.18788083	0.09481715	0.30336255	0.24527569	0.1601729	-0.4177866	-0.06101701	-0.34036028	0.046136882	-0.3704581	0.54225	0.49123156	-0.019099873	0.25837466	0.29693645	-0.007096294	0.48429376	0.04334324	0.35439733	-0.54491955	0.19296652	0.41433966	-0.055935167	0.027126005	0.32047796	-0.022945354	-0.15987413	0.21230452	0.2554275	0.01939634	0.5079415	-0.49925727
0.26015887	0.008444582	0.06454551	-0.05291243	0.2573395	-0.06306216	0.24754845	0.17159787	-0.22816436	-0.23478837	-0.08563606	-0.32162207	0.12844785	-0.08950655	0.06896505	0.3764954	-0.24712113	-0.27109104	0.25910467	-0.08329378	0.32345578	0.015232258	0.26451597	0.03130982	0.26079178	0.008763687	0.19742067	0.021384653	0.20754981	0.123270154	0.10632864	0.19610037	-0.0025274495	0.20144872	-0.13904558	-0.18338265	-0.19897313	-0.23093706	0.28578863	0.16720518	0.1853182	-0.048002154	0.20099755	0.2919518	0.20523421	0.03746284	-0.19111598	0.15002285	-0.022593098	0.32892793	0.12615009	0.111802466	0.17644142	0.035997674	0.14673252	-0.124384016	-0.04820565	-0.2529019	0.20189714	-0.027822388	-0.22765036	-0.34500015	-0.1484398	0.024019506
0.7115592	0.7401607	0.7718655	0.68866324	0.65623075	0.72905165	0.6414061	-0.59024054	-0.8324792	-0.5168298	-0.6661956	-0.6058806	-0.5885125	-0.6792901	-0.70868164	0.7383983	-0.45361173	-0.34746596	0.41267526	-0.6826337	0.51136255	-0.7045215	0.63557273	-0.13667005	-0.5308561	0.6517405	0.58599997	-0.7609631	0.7142895	-0.6060041	0.6212739	0.6447281	-0.61846983	-0.42618734	-0.71000415	-0.7143826	-0.2153959	-0.7474867	0.41460678	0.5655198	0.6054379	-0.13039036	-0.67289734	0.66175634	0.33932656	0.39524972	-0.60432076	0.35060254	-0.65661025	0.7590534	-0.6057743	0.6251011	0.45751232	0.28664848	0.6913551	-0.7002637	-0.7344401	0.14758147	0.5090808	-0.7487095	-0.61402327	-0.3099668	-0.6983055	0.73733145
0.19387284	0.24813884	0.3192342	0.4354857	0.22429198	-0.0061482955	0.33535746	0.11503962	-0.37777165	0.016611818	0.02724706	-0.19184108	-0.01950014	-0.60913664	-0.19490232	0.5012678	-0.15830664	-0.41592774	0.1350948	0.02974936	0.35797313	-0.43702492	0.3632836	0.07900362	0.08027454	0.27322057	0.0033507887	-0.31663835	0.40324408	-0.031189958	0.111143276	0.13453485	-0.030262565	-0.11901493	-0.17697015	-0.71483755	0.06456282	-0.046596736	0.28562137	0.08677214	-0.12355343	0.047305577	-0.18951666	0.38049605	-0.014803494	0.48186713	-0.025225101	0.5272947	0.075654715	0.16724518	-0.19326743	0.33465603	-0.18789662	0.090897195	0.058812488	-0.26497957	-0.67464423	-0.24208151	0.14714235	-0.16854122	-0.062982075	-0.38252777	-0.23768601	0.4523627
0.06572286	-0.28416657	-0.2394653	-0.22312477	0.060045976	-0.17114328	0.054592445	0.25982985	0.16296615	-0.09439958	0.03331898	-0.06110438	0.13500908	0.16536903	0.1884341	0.08860075	-0.09559819	-0.18044236	0.19233532	0.03864058	0.034631874	0.2588898	0.090360194	0.009242458	0.26094618	-0.17012914	0.13706164	0.23757057	-0.17774619	0.2694818	-0.07450211	0.013051438	0.06853745	0.2223734	-0.00081512466	0.06775586	-0.16586487	0.007709224	0.13188885	0.026825506	0.122041285	0.010976237	0.30526042	0.025224766	0.12877755	-0.10332273	-0.10734062	0.0046352493	0.00939469	0.12355669	0.26765513	-0.10388068	0.14459118	-0.0056524044	-0.029855506	0.10453059	0.22878733	-0.18871923	0.08842327	0.21991372	-0.08045793	-0.17367406	0.027573071	-0.1653011
-0.11463595	0.115212284	0.08616214	0.21061619	-0.094488844	-0.07028743	-0.0025360186	-0.038324676	0.069080584	0.10103706	0.16005932	0.13343206	-0.058663864	-0.19021022	-0.035373483	0.024136474	0.11215429	-0.020462357	-0.06314867	0.13821365	-0.061866544	-0.15077552	-0.009976156	-0.009679884	-0.012389939	0.08298481	-0.14705566	-0.10084313	0.038395837	-0.028423559	-0.09387468	-0.14278603	0.021874223	-0.16009183	0.109262355	-0.13890092	0.10858827	0.12878585	-0.093982436	-0.08243105	-0.13055044	-0.059297826	-0.051582918	-0.055283338	-0.14703715	0.09620996	0.15793905	0.074993305	0.012056693	-0.17153867	-0.06315742	-0.019335123	-0.15659755	0.026512146	-0.08533381	0.03620114	-0.15236859	0.027791865	-0.15574202	0.014399174	0.083856635	0.010253458	0.0055129817	0.080300026
-0.08129151	-0.013292969	0.0080592055	0.07332185	-0.050552003	0.051905576	-0.039178625	-0.11999051	-0.0051504434	0.039236695	-0.03709886	0.17211026	-0.030305339	-0.025065519	-0.13286345	-0.08226669	0.12091688	0.09457382	-0.12658012	-0.01775366	-0.15026699	-0.040212683	-0.16994968	0.02338877	-0.11185497	0.106092274	-0.10570673	-0.09189623	-0.13846453	-0.098843396	0.02735064	-0.021690398	-0.012832355	-0.14592102	0.07760783	0.017388644	0.071547054	0.010316118	-0.14534889	-0.08014328	-0.05361998	-0.073762804	-0.043388925	-0.03310981	-0.059084244	-0.033193525	0.1215259	-0.11101064	0.01909771	-0.091038294	-0.12289952	-0.030980222	-0.06900146	0.04849443	-0.02182796	0.0035406915	0.052752208	0.16068609	-0.083683245	-0.032537926	0.13794802	0.17148806	-0.0033337602	0.0017386458
-0.080343	-0.15033667	0.03527992	0.06074213	0.11743067	-0.02881736	0.029785044	0.08478524	-0.3248739	0.05207978	-0.019889686	-0.024756309	0.32743818	-0.14615823	0.19875285	0.4637411	-0.019171542	-0.053032033	-0.042592112	-0.09661461	0.31085694	0.015301066	0.027011279	0.3494665	0.1545118	0.052469965	0.07138005	0.025612472	0.13681352	0.08716559	0.07147326	0.11025092	-0.17436554	0.14174078	-0.06290249	-0.05780309	0.13053714	-0.36500907	0.11715219	-0.047049858	0.04661175	-0.1969471	0.17265083	0.5308638	0.022769162	0.28745273	0.11383743	0.13825218	0.28899413	0.22287679	0.08860833	0.03864206	0.081876785	0.28964105	0.045006208	-0.15417297	-0.06326227	-0.13027051	0.08119986	-0.06487006	0.02660972	-0.07491243	0.09526693	-0.08712648
-0.0061735986	0.21870632	0.19870721	0.21597634	-0.13960727	-0.039883465	0.25619042	0.03696653	0.14216913	0.121868394	0.17402858	0.07918352	-0.15714268	-0.27289075	-0.22867249	-0.10895968	0.028479852	-0.05980539	-0.019824564	0.18691579	-0.11016514	-0.24847336	0.14282846	-0.2059846	-0.15203063	0.023659747	-0.107031494	-0.19935735	-0.0025928414	-0.06601187	-0.16711505	-0.1853459	0.16976744	-0.14937443	0.12994564	-0.34136978	0.08468932	0.17512058	-0.009098735	-0.036389902	-0.24352634	0.11371556	-0.24336836	-0.10414412	-0.15192771	0.10265894	0.08134241	0.1322134	-0.11767214	-0.11165117	-0.2117567	0.1429565	-0.22872253	-0.15423843	-0.16329552	0.08248919	-0.29640582	0.086985	-0.07911916	0.080183096	0.016352216	-0.045245804	-0.15822728	0.22338973
0.2089255	0.31327173	0.37070042	0.40039212	0.3122045	0.21891023	0.21522924	-0.10176693	-0.41702968	-0.053605024	-0.15497032	-0.14962707	-0.09192688	-0.32491547	-0.17557134	0.46002403	-0.11005122	-0.12895317	0.050853044	-0.101965286	0.21113327	-0.3374928	0.112669155	0.12852916	-0.09597838	0.24780382	0.026832256	-0.31004488	0.37775496	-0.15102257	0.25747976	0.22407699	-0.20944406	-0.16149996	-0.25034004	-0.36474842	0.1471452	-0.32749587	0.122857444	0.14282076	0.15333204	-0.2628765	-0.1550521	0.44824597	0.0012492436	0.17076643	-0.02768419	0.079945505	0.054039594	0.27117515	-0.2644117	0.28262782	0.15014355	0.31163207	0.22721128	-0.36847863	-0.34889957	-0.009178344	0.17035058	-0.25432125	-0.11145499	-0.22264588	-0.25791767	0.27558175
0.44027492	-0.1737467	-0.07881575	-0.24664007	0.514564	0.10379391	0.33131588	0.15738869	-0.04647954	-0.37324646	-0.34532285	-0.41945732	0.07593991	0.3206464	0.031135906	0.2580238	-0.38011107	-0.26567954	0.36653507	-0.448401	0.33616197	0.29045752	0.3869354	-0.15400793	0.16921091	-0.16780695	0.40831542	0.14066547	0.12534985	0.16588622	0.27073917	0.37230396	-0.0054617785	0.2564773	-0.4305638	0.20107682	-0.43578935	-0.1782393	0.33542472	0.3996811	0.4431156	0.20404226	0.24751998	0.11428509	0.37637836	-0.27513888	-0.40886518	-0.20940134	-0.31095803	0.51839876	0.20757374	0.13501541	0.44800374	-0.11613705	0.29886484	-0.18126956	0.27960977	-0.29958713	0.424588	-0.054558307	-0.43661642	-0.25318027	-0.23018277	-0.1357496
-0.45029703	0.1670162	0.08952338	0.42485788	-0.5403933	-0.18551454	0.013374619	-0.08680968	0.53868806	0.47993034	0.44030744	0.47577274	-0.21552661	-0.4700105	-0.24236034	-0.3757671	0.5359254	0.15415339	-0.38738084	0.46658963	-0.38769832	-0.34886542	-0.33444554	-0.2568238	-0.27682775	-0.05842461	-0.48720995	-0.2600241	-0.4789308	-0.18028119	-0.43132207	-0.41538805	0.41723546	-0.3858948	0.5193588	-0.42644238	0.4389696	0.45157033	-0.48773366	-0.42929268	-0.46277165	0.239411	-0.29561725	-0.51066667	-0.51355654	0.100845635	0.51248	0.017617168	-0.10950136	-0.5178314	-0.249553	-0.3041811	-0.5052714	-0.33339927	-0.41177925	0.5001194	-0.42441744	0.25671184	-0.421794	0.32108024	0.48991686	0.2238159	-0.033080194	0.24928528
0.37722537	0.43003017	0.45229763	0.4261695	0.37007096	0.31628746	0.4389281	-0.13560441	-0.46432614	-0.17739663	-0.2727055	-0.38352576	-0.28655502	-0.55364096	-0.32847694	0.63196075	-0.33441472	-0.41226947	0.2916191	-0.24846677	0.43645093	-0.4564023	0.44590005	-0.022270916	-0.09676755	0.29676262	0.2800832	-0.48558396	0.48178735	-0.22226392	0.29637146	0.37937325	-0.26589677	-0.08045134	-0.33276826	-0.54139763	-0.025140204	-0.3356439	0.33550268	0.31261575	0.19299544	-0.07319186	-0.27563506	0.55811775	0.138664	0.28136963	-0.24672614	0.29533708	-0.14937939	0.42306477	-0.327497	0.43226647	0.086896464	0.13236398	0.2590798	-0.376757	-0.5843961	-0.10975092	0.25405198	-0.34109738	-0.29441416	-0.42257452	-0.40106294	0.45160684
-0.02793792	0.042364296	0.22506066	0.18680087	0.40119135	0.6375451	-0.09322665	-0.5732379	-0.68445104	-0.12085583	-0.6604484	0.028989848	0.013705351	0.117096655	-0.050115913	0.45333967	0.1884435	0.23828295	-0.2004269	-0.61374515	0.08249832	0.022201028	-0.1784195	0.22740069	-0.49994665	0.41907758	0.14867112	-0.10082356	0.19361138	-0.47363928	0.5636168	0.6406273	-0.54118884	-0.14190607	-0.3120059	0.22452644	0.08396863	-0.36128667	-0.024235042	-0.09672144	0.434486	-0.36689326	-0.092566475	0.47898385	0.2106462	-0.03315986	-0.0041175047	-0.37949055	0.06473725	0.51237804	-0.14806055	-0.047016505	0.41779363	0.3793184	0.5797123	-0.6202665	0.06281637	0.23500253	0.3001079	-0.6411538	-0.09102843	0.24547301	0.11105493	-0.12599932
0.11645328	-0.13844503	-0.01850998	-0.06208789	0.22295246	0.06370606	0.11226408	0.0039810287	-0.21611021	-0.04548749	-0.09476087	-0.082845055	0.17630325	0.06782624	0.109941	0.3431245	-0.034065258	-0.13649474	-0.01446098	-0.21523874	0.047898117	0.08820311	0.03222183	0.12357209	0.15984957	0.0026616286	0.14898482	0.13178828	0.08418511	0.10927944	0.19482613	0.21425237	-0.16742007	0.049447164	-0.05336227	0.078328855	-0.090662494	-0.40208012	0.12894681	0.07039988	0.2646552	-0.21843322	0.18840255	0.36762372	0.16717023	-0.0007433304	-0.024997547	-0.08381256	0.059050173	0.23139274	0.16628486	-0.08976257	0.29115307	0.20751862	0.123854615	-0.1921358	0.14748783	-0.11503375	0.13765153	-0.032876387	-0.072290175	-0.13401091	-0.031052709	-0.15979257
0.12869926	-0.013736202	0.02567474	-0.08203777	0.09908951	0.19609456	-0.005769763	-0.1265899	-0.082492515	-0.10849421	-0.22549026	-0.10876725	-0.11696889	0.092230834	-0.058517925	0.027960066	-0.051853444	0.08689941	-0.0081958715	-0.19997893	-0.06283939	0.050032444	-0.00025909982	-0.0512851	-0.12272582	0.0006992733	0.058919605	-0.0077498094	-0.010416391	-0.048715085	0.1284747	0.13574454	-0.11788582	0.030555213	-0.0968792	0.07018928	-0.09818655	-0.07059501	-0.0095730005	0.04577517	0.12861279	-0.09577431	-0.0028418647	0.042345844	0.11980508	-0.13385212	-0.065524526	-0.25576034	-0.1429486	0.10059507	-0.0074677593	0.050773267	0.18206002	0.027552882	0.1055804	-0.08237686	0.13120201	0.056925062	0.054927073	-0.14051558	-0.124636345	0.0578445	-0.0428217	-0.10155483
0.4966018	-0.3265426	-0.27375138	-0.5063012	0.45123333	-0.0143062705	0.19785744	0.23052016	0.09751159	-0.4240106	-0.4940126	-0.4481379	0.18342176	0.6003842	0.20022392	-0.011368134	-0.36724243	-0.19446747	0.3933876	-0.47237742	0.19888881	0.5212864	0.3260801	-0.16977914	0.3034839	-0.28819835	0.5195723	0.34784684	-0.06269381	0.3366417	0.36091048	0.47060266	-0.08041553	0.4145674	-0.39684728	0.46215004	-0.4792215	-0.20149101	0.3658458	0.4219766	0.6226073	0.16456327	0.47519484	0.015262982	0.53126866	-0.48655394	-0.42643958	-0.5064391	-0.32754356	0.5720071	0.46116313	-0.083498105	0.6383506	-0.08847221	0.27285334	-0.13179836	0.5849654	-0.22049834	0.43101865	-0.032473672	-0.47396725	-0.19371863	-0.12003928	-0.3837977
-0.48421302	-0.1494222	0.16548958	0.07691603	-0.015956074	0.7940595	-0.47264507	-0.7915153	-0.6402794	0.4499826	-0.56308347	0.48597494	0.079921454	0.47348744	-0.12044446	0.049568128	0.66097695	0.6738244	-0.7420832	-0.4763879	-0.28296366	0.09539347	-0.6499107	0.4863179	-0.68570536	0.6057422	-0.33727837	0.15068321	-0.20635052	-0.6399358	0.4739874	0.5146498	-0.6957584	-0.6218231	-0.07584019	0.5290669	0.5534774	-0.4904651	-0.6958508	-0.5719758	0.35521957	-0.61681426	-0.05926537	0.39171022	-0.15073174	-0.043175578	0.5667113	-0.7015452	0.3540082	0.12275883	-0.18406823	-0.50881994	0.34692279	0.5491101	0.53507197	-0.5563321	0.48893595	0.8209854	-0.030058833	-0.7824544	0.45029956	0.6587712	0.4754394	-0.4385579
-0.44173694	-0.041983735	-0.039394513	0.36439678	-0.31767616	-0.21411072	-0.021480285	0.029296989	0.12098174	0.38295755	0.39121	0.34319067	0.07339441	-0.36381426	0.06465092	0.05335314	0.28024283	0.039476722	-0.33262107	0.38020796	-0.059513822	-0.31579727	-0.15807323	0.12603597	0.026469449	0.09654092	-0.38985807	-0.06544394	-0.200024	0.0486798	-0.3167031	-0.3469599	0.23756896	-0.16566275	0.43018672	-0.2870381	0.4299948	0.14472863	-0.2413647	-0.33821326	-0.36545286	-0.10819285	-0.10111804	0.024529375	-0.3945553	0.3766129	0.43851632	0.22695802	0.24555397	-0.4048967	-0.1546439	-0.16692841	-0.33550858	0.09651583	-0.36533964	0.1957111	-0.33601576	0.05851072	-0.39720637	0.22788678	0.37775278	0.009021458	0.20840172	0.1133986
-0.15721914	-0.081061006	-0.051393982	-0.11581721	-0.10015075	0.21226572	-0.047207657	-0.26713324	0.059008747	-0.014087423	-0.08184018	0.1291096	-0.0888641	0.20354718	-0.05600651	-0.23202649	0.23115808	0.2499349	-0.14017335	-0.09060123	-0.18768243	0.03755553	-0.15493695	-0.0908324	-0.1659855	-0.043963533	-0.052926417	0.012111539	-0.35559413	-0.083495386	0.021091215	0.0970616	-0.0713187	-0.063762724	-0.01467233	0.22165191	0.029336749	0.023668306	-0.23188901	-0.071043245	0.07042052	-0.104475275	-0.0322133	-0.07551696	-0.055899497	-0.23163496	0.06203161	-0.41050434	-0.1529012	-0.026087577	0.017563801	-0.26560798	0.11401329	0.068876565	0.02463515	0.080225736	0.18690448	0.24181609	-0.066891134	-0.123873	0.13517958	0.22765426	0.04299372	-0.09147481
0.0486482	0.5202094	0.48334572	0.45992878	-0.15792225	0.14789829	0.4957425	-0.27839968	0.30925572	0.08074499	0.23552787	0.10950726	-0.5100807	-0.6002547	-0.6033591	-0.23954877	0.106544845	0.049785323	0.05811266	0.29670933	-0.23218288	-0.55839115	0.270264	-0.5107723	-0.3742579	0.092548326	-0.29236686	-0.5438502	0.013603517	-0.40821064	-0.25665724	-0.24664232	0.38787708	-0.3640961	0.06832692	-0.58455855	0.19533473	0.52533746	-0.20378989	0.026875444	-0.3534158	0.4161857	-0.50489634	-0.47432542	-0.33002928	-0.17296472	-0.019013723	-0.074585445	-0.54834646	-0.26812306	-0.5298128	0.2583587	-0.35104194	-0.48418513	-0.26698932	0.2651569	-0.64005953	0.23265462	-0.16084367	-0.04221314	0.06469124	0.10405316	-0.604428	0.52756256
0.18581104	-0.24889545	-0.1437469	-0.3139224	0.213662	0.039512087	0.051129453	0.092293166	0.003359734	-0.24559644	-0.1733384	-0.2537133	0.101759985	0.2780114	0.13673043	0.009606882	-0.23054895	-0.05120172	0.2115459	-0.25638816	0.15118994	0.2654452	0.08461118	-0.008619004	0.20353112	-0.20215306	0.24935672	0.18186286	-0.09423507	0.20943087	0.17344067	0.16363733	-0.05794738	0.22945254	-0.19647251	0.20830491	-0.27725372	-0.118618205	0.19072653	0.25320464	0.34040225	9.473105e-05	0.3280053	0.055950332	0.25681373	-0.24609546	-0.25889453	-0.25599676	-0.13963856	0.30324176	0.25217786	-0.08297509	0.32983902	0.029378703	0.092157684	0.008809782	0.3489004	-0.15218288	0.2564407	0.038537707	-0.18890049	-0.085639276	-0.04346153	-0.22896488
-0.23026739	-0.40389264	-0.49757603	-0.05307377	-0.25220177	-0.4727666	0.2292637	0.47833294	0.30411157	0.124345444	0.44582787	0.104095295	0.35133427	-0.27232623	0.47194737	0.2319905	-0.028147226	-0.41849554	0.14399984	0.42423812	0.08295788	0.121698044	0.14570652	0.15036573	0.44579482	-0.23066504	-0.17410412	0.4041591	-0.5427808	0.45385513	-0.4643992	-0.46715954	0.47607258	0.25034633	0.38159555	-0.29211655	0.09492301	0.21467072	0.24030131	-0.16904065	-0.27396104	0.039967135	0.3581745	0.043626677	-0.009862392	0.19126676	0.19898479	0.37947732	0.26730245	-0.2268893	0.26107675	-0.21570516	-0.14339522	0.06802436	-0.5273318	0.49371967	-0.07228798	-0.4360014	-0.26364157	0.56121135	0.21681963	-0.4348332	0.19903874	-0.074814714
0.5671289	0.45051375	0.42677543	0.23889138	0.56280315	0.39797226	0.49715748	-0.24682084	-0.45286882	-0.37434778	-0.5065938	-0.5500181	-0.38424486	-0.15012684	-0.4780446	0.47506404	-0.4371967	-0.3370055	0.39346746	-0.546141	0.39831328	-0.2813322	0.57221085	-0.34850565	-0.1525394	0.16886285	0.44477305	-0.47405496	0.5289127	-0.24400392	0.4499485	0.5465166	-0.3209669	-0.033155452	-0.53802913	-0.3977995	-0.25078273	-0.32365277	0.34413448	0.4727564	0.42776075	0.18923631	-0.2912822	0.3155065	0.28351247	0.053152304	-0.524251	0.028273765	-0.54335135	0.57233185	-0.22956464	0.4495469	0.30409327	-0.10659834	0.4325239	-0.48684397	-0.3229986	0.0039212545	0.44159266	-0.42766866	-0.53204143	-0.30805057	-0.59876287	0.40948382
-0.12547421	-0.23647927	-0.22974078	0.0944118	0.07289198	-0.29282507	0.05339965	0.3775886	-0.13323651	0.06657356	0.26640666	-0.052433483	0.4042744	-0.2947842	0.3309692	0.5170793	-0.11012698	-0.43299022	0.10142174	0.24757862	0.4544284	0.09726134	0.16936639	0.27803126	0.4505676	0.021541981	-0.024524728	0.20390698	0.03799159	0.3653636	-0.13482493	-0.16442813	0.098827064	0.20875454	0.0917937	-0.27894974	0.049513284	-0.15034021	0.30449277	-0.13060759	-0.13566267	-0.19621189	0.34727892	0.4337889	0.08187474	0.39461574	0.062291726	0.34470958	0.29696986	0.030921867	0.1936355	0.069736645	-0.044144474	0.19923943	-0.17017633	0.093849756	-0.20001398	-0.38185447	-0.048360523	0.21174338	0.060041174	-0.38928232	0.11131415	-0.053204857
0.1133813	0.030653533	0.008842694	0.028177334	0.064290754	-0.18197867	0.2769403	0.22552402	0.15623169	-0.116489425	0.059582613	-0.1463376	-0.14949968	-0.090384744	-0.05036735	-0.06413959	-0.12767947	-0.3070938	0.29593027	0.07542788	0.01615672	0.005835497	0.31359732	-0.2843197	0.028520802	-0.18138598	0.08847845	-0.053635653	0.0133208	0.16365534	-0.069674835	-0.08427086	0.22921014	0.10495229	0.0039510555	-0.16650167	-0.13458443	0.28195432	0.15056695	0.13942167	-0.03910271	0.28132802	-0.025458224	-0.18455033	0.06298239	-0.079729974	-0.16057134	0.038886808	-0.21215293	-0.028613282	0.011431625	0.092584975	-0.022931345	-0.259175	-0.108834706	0.16066235	-0.07398775	-0.11949318	0.0033585208	0.16051096	-0.09054667	-0.20624141	-0.28416595	0.1324169
-0.3044722	-0.3711455	-0.2852587	-0.13599245	-0.03302386	0.005392322	-0.25274542	-0.041706245	-0.20017235	0.16015087	0.0028663753	0.22973375	0.3328755	0.081798874	0.38095263	0.10964058	0.2705537	0.20373991	-0.30155763	0.030877354	-0.038226955	0.28956777	-0.32291564	0.33776787	0.09423028	0.047241956	-0.16285375	0.32403868	-0.33677924	0.14084704	0.00029944835	0.059623316	-0.20880805	0.0077865827	0.20708472	0.2930766	0.2384968	-0.23565602	-0.21297184	-0.28255028	0.04613188	-0.32146913	0.30703914	0.30557144	-0.020032471	0.10428794	0.34132048	-0.0826856	0.3553972	0.022298388	0.21304467	-0.3184193	0.14276338	0.30642605	0.0530071	-0.052120205	0.2625403	0.11391979	-0.06653236	-0.013170318	0.25414127	0.20194007	0.38342425	-0.35114318
-0.33998585	0.10974418	0.13427033	0.20759095	-0.32448918	0.15657403	-0.08286631	-0.3453646	0.2579144	0.3252252	0.1064814	0.3324826	-0.16633661	-0.11842899	-0.22065015	-0.31917834	0.34309173	0.3564439	-0.40162715	0.15856747	-0.26445612	-0.17962924	-0.33680266	-0.12449798	-0.3811363	0.114409894	-0.31882596	-0.16975754	-0.29344553	-0.22703643	-0.16530523	-0.15421894	0.13623732	-0.39029685	0.29392228	-0.02243182	0.37478065	0.16140874	-0.4018044	-0.3321773	-0.20276944	-0.06672955	-0.2654719	-0.24554303	-0.27150473	-0.13620055	0.33666873	-0.312331	-0.100486636	-0.3209608	-0.21065453	-0.24465433	-0.2709036	-0.019096708	-0.20101728	0.20316046	-0.070928216	0.44562048	-0.29883638	-0.1013459	0.32458025	0.37766448	0.0063543697	0.042725366
-0.032065853	0.24937539	0.14660475	0.12830213	-0.24071935	-0.11518894	0.4307654	-0.07159273	0.42491385	0.059383817	0.25020385	0.10948489	-0.32312325	-0.21640451	-0.27903408	-0.27772754	0.08697885	-0.15884627	0.08741674	0.2122283	-0.29189596	-0.22236414	0.15521523	-0.42772424	-0.15175581	-0.09179046	-0.2322789	-0.24354996	-0.26462525	-0.13867837	-0.34477186	-0.31606248	0.47650734	-0.13161819	0.20258372	-0.31121075	0.0061370097	0.49709505	-0.053058654	-0.011506652	-0.2679291	0.47066513	-0.28463706	-0.5044755	-0.1479929	-0.15826704	0.031928185	-0.12731974	-0.36183217	-0.26152948	-0.2063877	0.032288607	-0.27853706	-0.43559203	-0.36314255	0.3196239	-0.23418792	0.054845877	-0.24966098	0.1949921	0.0907414	-0.04770375	-0.40554467	0.37742913
0.21094024	-0.08616443	-0.094961524	-0.18421997	0.17335764	0.072262116	0.21775442	-0.019942917	0.05272743	-0.2300495	-0.19085817	-0.18396519	-0.024554204	0.19021535	0.018420933	0.022308499	-0.12928984	-0.03934878	0.14778017	-0.22271	-0.10417635	0.15509522	0.11453857	-0.11889636	0.06093371	-0.11547026	0.15456635	0.049355876	-0.059352104	0.12258132	0.111476324	0.17090835	0.08180311	0.16533501	-0.15857853	0.14667808	-0.17349866	-0.013309225	0.14169784	0.15590274	0.23103307	0.06170154	0.050363395	-0.016067833	0.18676159	-0.24232157	-0.16867512	-0.27168992	-0.20653372	0.17638303	0.16577788	-0.042493023	0.17973903	-0.034093153	0.08426752	-0.050205663	0.15048182	-0.121278346	0.05931968	-0.018495532	-0.20048793	-0.050833076	-0.13535628	-0.036258284
-0.34883246	-0.19915098	-0.13552845	-0.047489177	-0.2050223	0.09000777	-0.22351645	-0.20608193	0.019959982	0.3201969	0.04706046	0.32290363	0.019982358	0.14265326	0.07082581	-0.07351249	0.36006817	0.31338236	-0.3424397	0.088401	-0.30917302	0.09892022	-0.3681611	0.13012902	-0.09944311	0.03160025	-0.30461666	0.14486986	-0.40429643	0.001608071	-0.08168449	-0.04393608	-0.13473521	-0.15842655	0.272965	0.18134554	0.29535246	-0.12453473	-0.3752737	-0.30710584	-0.01697751	-0.24797045	0.0060239695	0.02667644	-0.2363958	-0.026397273	0.3784232	-0.18707159	0.23767431	-0.23163763	-0.004847964	-0.34612918	-0.039176054	0.16598399	-0.05385948	0.0780882	0.1723722	0.24843399	-0.23601377	0.014426873	0.2883915	0.25057054	0.25826588	-0.21558489
-0.20304976	-0.13388202	-0.1804746	0.20321679	-0.086230114	-0.36452934	0.09974993	0.43324825	-0.009337862	0.124780044	0.40577656	0.072312325	0.48940706	-0.34407184	0.3609317	0.5726035	0.0013383414	-0.47226226	0.006427605	0.33091205	0.37733012	-0.10008847	0.09412801	0.32870662	0.49768353	0.078198634	-0.15054639	0.081380725	0.014314262	0.33688915	-0.33821115	-0.29850876	0.33354858	0.06041746	0.29255113	-0.44724765	0.13960947	-0.1049838	0.19226418	-0.13816132	-0.27612084	-0.13493504	0.1419892	0.4326262	-0.05335611	0.35906932	0.21062346	0.4895527	0.39866793	-0.1227198	0.10158214	0.0026139803	-0.1584438	0.16004366	-0.30709222	0.18567707	-0.2971057	-0.41547403	-0.20995682	0.3370485	0.1240155	-0.47225514	0.114212036	0.17194286
0.014081478	0.15678696	0.21071385	0.21738333	0.019579262	0.068417884	0.14241569	-0.038056362	-0.15280092	0.010934272	0.04845341	-0.004277955	-0.11490535	-0.20553814	-0.1270701	0.11743415	0.052722808	-0.049124293	-0.009613455	-0.021980556	-0.03065993	-0.24143344	0.029201658	0.04568983	-0.06519324	0.13164194	-0.022478336	-0.20857452	0.12608162	-0.11805723	0.031370908	0.048077654	-0.017249577	-0.03486262	-0.06412504	-0.14952582	0.12279959	-0.08343388	-0.037436694	0.010143986	-0.024678558	-0.054226417	-0.167332	0.15019001	-0.0347058	0.101171635	0.01820246	0.037667662	-0.025206344	-0.03835352	-0.1448239	0.12380561	-0.10070822	0.035900474	0.0042388826	-0.093916744	-0.19958551	0.022714153	-0.008492093	-0.09933447	-0.015864631	-0.01937549	-0.13579607	0.18964535
0.100421965	-0.62235886	-0.56689066	-0.3578994	0.10273154	-0.31199864	0.24443233	0.46488822	0.39537668	-0.17955086	0.034364015	-0.12910718	0.4643639	0.38316694	0.5492599	0.048000734	-0.18587509	-0.24213825	0.20469478	-0.12656759	-0.04037337	0.38311598	0.18433064	-0.10623177	0.44510838	-0.32831818	0.1765459	0.57444996	-0.51470226	0.50624	-0.19139074	0.005488318	0.34374002	0.38441208	0.024846662	0.252766	-0.2368747	-0.08401682	0.2690348	0.19119176	0.19749744	0.14087287	0.5294846	-0.07852579	0.25318357	-0.23932259	-0.21843795	-0.2646767	-0.076495245	0.16607405	0.4418051	-0.43706545	0.22713448	-0.10807411	-0.21172403	0.31250787	0.3923859	-0.378823	0.015277284	0.41585758	-0.120157965	-0.2955267	-0.040011365	-0.46015707
-0.18191339	0.3469916	0.43103772	0.34627146	-0.08469309	0.3736484	0.07421637	-0.54808646	0.006606828	0.1002837	-0.053257715	0.23089883	-0.3172646	-0.28260842	-0.5211752	-0.1052288	0.2854342	0.3583497	-0.32910347	-0.012034578	-0.25458315	-0.40298554	-0.20180736	-0.19445059	-0.43944773	0.32836607	-0.20708762	-0.40926284	0.001670904	-0.4512078	-0.036364462	-0.041239034	-0.021717055	-0.46097496	0.019516114	-0.13882296	0.2932375	0.057724897	-0.37518477	-0.14860517	-0.10891943	-0.0747046	-0.38927573	-0.11493125	-0.2701497	-0.15925318	0.11635839	-0.40747193	-0.27874628	-0.15912908	-0.42030233	-0.05268366	-0.12687549	-0.018992562	0.05148914	0.019422328	-0.31813467	0.5596334	-0.11059499	-0.3361376	0.21111092	0.3875885	-0.20585878	0.19445841
-0.43239653	0.64121693	0.5851892	0.5047729	-0.5338917	-0.20164205	0.33302647	-0.46157166	0.6958938	0.46141028	0.49629804	0.47856182	-0.60392386	-0.5334657	-0.6645788	-0.6494834	0.513285	0.40306762	-0.3656697	0.5537003	-0.5195768	-0.6238827	-0.2573881	-0.6565122	-0.57758003	-0.08559469	-0.5565328	-0.64457226	-0.43745193	-0.5687723	-0.52786654	-0.48181465	0.63364154	-0.6426927	0.5993944	-0.62159705	0.4434057	0.66075873	-0.6065935	-0.41861272	-0.5718813	0.67977226	-0.6388785	-0.71660274	-0.47909388	-0.47520757	0.43364015	-0.24958885	-0.60206926	-0.6482467	-0.6139756	-0.05981942	-0.51240283	-0.61974967	-0.5511065	0.59567523	-0.6181957	0.6021645	-0.50508827	0.47168276	0.5232993	0.5007107	-0.5013609	0.5838928
-0.2389501	-0.4730711	-0.49629664	0.056108024	-0.22370338	-0.4374709	0.15810452	0.56634545	0.2813868	0.10194863	0.38956803	0.09653974	0.42488274	-0.2598516	0.46544024	0.3953622	0.0075187664	-0.5159357	0.1271865	0.33991462	0.20943664	0.1159524	0.18591669	0.20733091	0.5721452	-0.226669	-0.12508503	0.47918236	-0.46192682	0.529209	-0.40927595	-0.3283879	0.5678091	0.25916824	0.36591196	-0.38497528	0.061988663	0.25418907	0.35588756	-0.16904296	-0.17794009	-0.080633335	0.4840113	0.16574013	-0.05392733	0.18984172	0.19955446	0.30440563	0.2965832	-0.13258953	0.31389475	-0.19273014	-0.06554861	0.09475376	-0.41147128	0.48263425	-0.07363987	-0.47015712	-0.28079367	0.48095387	0.14049864	-0.49612337	0.17326963	-0.12870242
0.19483222	0.3322639	0.4628151	0.5691592	0.317214	0.30892137	0.33086282	-0.23138735	-0.4285442	0.038128063	-0.22431216	-0.18974012	-0.27709934	-0.631956	-0.3550654	0.56602144	0.048935868	-0.29245004	-0.0738415	-0.095347166	0.23711486	-0.58813745	0.17694873	0.042236857	-0.20050533	0.48218852	-0.042743247	-0.4569148	0.4068937	-0.30318636	0.19506961	0.22782302	-0.21105762	-0.259832	-0.25447464	-0.657134	0.25403556	-0.30761147	-0.033915546	0.15507908	0.1265355	-0.37569278	-0.3657704	0.6006229	-0.105771646	0.37146685	-0.038940344	0.24472766	0.0093213795	0.24939336	-0.44091162	0.31113026	0.089923844	0.45863423	0.1933996	-0.36245847	-0.72455364	0.06884823	0.10769801	-0.42154178	-0.15689331	-0.24939503	-0.4187609	0.50057
0.12728128	-0.1965292	-0.16930115	-0.11246283	0.039063558	-0.07876236	0.115463324	0.14009364	0.119358376	-0.16907227	-0.013407724	-0.0467895	0.04623836	0.1430256	0.10241345	0.0042375354	-0.08039896	-0.11400892	0.16893755	-0.018364025	0.029232265	0.20028664	0.12946992	-0.08506867	0.118551254	-0.20446111	0.052978866	0.13621616	-0.18154861	0.16426237	-0.0025096654	0.0047802147	0.04585224	0.14736007	0.005917907	0.14310467	-0.16233552	-0.01674585	0.12263077	0.092675574	0.117582895	0.021037126	0.18646942	0.014595838	0.1001879	-0.104964346	-0.114418924	-0.09530847	-0.09634433	0.09568903	0.19384034	-0.07146496	0.16678931	-0.019635065	-0.060124055	0.11778994	0.1998255	-0.12288205	0.021847887	0.093727164	-0.124579445	-0.067399435	-0.012956251	-0.09124392
-0.2571646	-0.31152886	-0.31202736	-0.11021332	-0.2736504	-0.1551888	-0.07765441	-0.016098812	0.31081256	0.18205437	0.1411111	0.23170666	0.043811943	0.12697548	0.1988431	-0.16788128	0.21400513	0.075534865	-0.108770885	0.1620181	-0.2747994	0.10472226	-0.1520885	0.047353487	-0.009977881	-0.1341839	-0.17652419	0.3037971	-0.6159496	0.12914428	-0.23754568	-0.19047698	0.1496437	-0.037268948	0.42733306	0.16401455	0.06537618	0.01409983	-0.1646778	-0.19714007	-0.13321406	-0.054327365	0.14943293	-0.109096855	-0.0625188	-0.09783747	0.22477707	-0.19417791	0.07945689	-0.22489426	0.16019529	-0.47464094	-0.078620315	0.055268742	-0.21887925	0.29445946	0.22113696	0.05266127	-0.27179715	0.2432528	0.17664848	0.09747416	0.21475103	-0.18092158
-0.025867663	-0.3715099	-0.3879131	-0.043957688	-0.036850434	-0.41657007	0.1270972	0.4367723	0.19169924	0.028245814	0.27670482	-0.076524794	0.39688733	-0.059951093	0.39743003	0.4136951	-0.09391366	-0.4450938	0.16544457	0.24586317	0.32121095	0.10952711	0.21927808	0.115422316	0.49848944	-0.13258946	0.003203406	0.26350588	-0.18774575	0.43715984	-0.30618554	-0.23795673	0.29226977	0.25882685	0.28536314	-0.200644	-0.005736695	0.007705529	0.29986447	-0.07080894	-0.13358358	0.00229724	0.29889178	0.29062095	0.074475914	0.21594347	0.066704035	0.3097061	0.23930879	-0.044332094	0.18939456	-0.08016373	0.012157569	0.026689546	-0.35376248	0.3142879	-0.0902956	-0.47541294	-0.14995943	0.38514844	0.029988006	-0.44805568	0.06496397	-0.098667495
0.059268616	-0.15614736	0.013347361	-0.04181242	0.23178354	0.013395332	-0.0017432956	0.08524877	-0.316894	-0.031419795	-0.06922674	-0.109489925	0.20545213	0.025094375	0.13151348	0.38590518	-0.045937784	-0.05628957	-0.034650594	-0.14887036	0.14597015	0.036932103	0.039103583	0.19067436	0.12986873	-0.0045167836	0.04433577	0.10884972	0.107239366	0.14372835	0.12508975	0.15846954	-0.13527517	0.16405606	-0.08707655	0.012155116	-0.014225908	-0.35036814	0.13005157	-0.040481262	0.17742415	-0.2307625	0.16242866	0.37539357	0.16520989	0.1299039	0.044831257	0.07673211	0.17874652	0.24317794	0.13157515	-0.00896629	0.15585004	0.2991875	0.092978396	-0.17431825	0.008575271	-0.11864572	0.13322254	-0.0052733067	-0.075114205	-0.14439848	0.061561957	-0.18546137
0.16515091	0.016974285	0.045469213	-0.07023499	0.14398475	-0.08649396	0.23514701	0.1481749	0.15480837	-0.15215749	-0.07321002	-0.14869724	-0.103136815	-0.012254583	-0.04347769	0.01450507	-0.20679086	-0.17818612	0.2722578	-0.0690598	-0.013180443	0.013390377	0.28488603	-0.19144544	0.037197422	-0.11020579	0.15218516	-0.07290768	0.013414888	0.051147178	-0.023390112	0.034608692	0.115904614	0.11030351	-0.062336594	-0.030211579	-0.17849511	0.17373689	0.17407975	0.19907747	0.0440692	0.20626156	-0.012156535	-0.07584121	0.13475347	-0.16942473	-0.19430512	-0.044963356	-0.20064716	0.11115667	0.09872127	0.06022128	0.0688627	-0.1368285	-0.015731735	0.10380999	0.029401578	-0.091751635	0.088158965	0.080649406	-0.13861938	-0.20622063	-0.18731616	0.051680584
-0.045496214	-0.17888023	-0.100958526	-0.1940607	0.04149548	0.09978576	-0.056177467	-0.09264126	0.08508034	-0.08533626	-0.17418154	-0.0145619	-0.024116788	0.31277236	0.09649174	-0.124233805	0.08765359	0.17131405	-0.025723768	-0.13131958	-0.15418099	0.1547217	-0.1421534	-0.019560998	-0.0120292315	-0.07654579	0.047130793	0.18936491	-0.307293	-0.0098842485	0.039090198	0.083630264	-0.022747219	0.040308233	-0.017767878	0.32113218	-0.012396616	0.026348356	-0.07271696	0.040984794	0.19560608	-0.07349696	0.1964499	-0.021503197	0.09279993	-0.23938654	-0.023335794	-0.3769441	-0.09107574	0.09758603	0.1086146	-0.23866236	0.20829365	0.06260576	-0.015344348	-0.00085925474	0.28711045	0.0523205	-0.015551329	-0.050284527	-0.046851303	0.124461494	0.114645526	-0.17087321
0.31053707	-0.41145474	-0.44140294	-0.4131256	0.26686674	-0.5074791	0.37420112	0.51933366	0.50212705	-0.3714672	-0.034091394	-0.2950296	0.17754954	0.37165204	0.38246495	-0.21934721	-0.41236797	-0.46687743	0.41433293	-0.22587858	0.014921242	0.4201574	0.44774568	-0.34973124	0.42929664	-0.40236706	0.30909917	0.39528325	-0.37513274	0.4521727	-0.18602666	0.04858288	0.53828585	0.3322124	-0.113473006	0.15576957	-0.37859824	0.20791401	0.36109176	0.3030015	0.24057406	0.4142417	0.47004133	-0.24462251	0.38279194	-0.3424305	-0.37970158	-0.28435245	-0.37603816	0.19694851	0.3847757	-0.29522163	0.28416473	-0.45867455	-0.30198553	0.46656558	0.37105957	-0.43171844	0.13046782	0.55088884	-0.32003367	-0.46602693	-0.25061706	-0.25919396
-0.20436941	-0.42055124	-0.23459625	-0.13782965	0.112754434	-0.064867474	-0.137497	0.13691814	-0.2824044	0.058075298	-0.077242896	0.056154896	0.5049353	0.17245781	0.3628511	0.43378124	0.11391013	0.05022676	-0.17830294	-0.05291873	0.05835125	0.37639698	-0.15310286	0.48744497	0.25645372	0.04429397	0.012509917	0.44530007	-0.101823546	0.24230842	0.11044949	0.12115485	-0.22086637	0.13382654	0.044754762	0.18947004	0.07823008	-0.4623613	0.0026621097	-0.13951862	0.29935184	-0.42886764	0.46122915	0.5671524	0.10972179	0.09379841	0.13322927	0.027404679	0.44421366	0.24836735	0.34798416	-0.29210925	0.33920473	0.4403938	0.14042167	-0.16666535	0.2693855	-0.05795198	-0.009628811	0.015365147	0.119369455	-0.07427236	0.3770266	-0.48100156
-0.10492284	-0.20615	-0.13574201	0.12226983	-0.030546522	-0.2810538	0.14188386	0.27594793	-0.13400225	0.06990376	0.23289186	0.015583669	0.38534653	-0.27371895	0.31229457	0.48194543	-0.08726322	-0.28943557	0.03774074	0.1883706	0.30705032	0.028376268	0.16014229	0.27472472	0.4084901	-0.022103949	-0.049564864	0.20321181	0.0875251	0.34209365	-0.13181642	-0.16315629	0.069143645	0.14362574	0.14080931	-0.26192418	0.032595396	-0.096127614	0.18725339	-0.06395423	-0.09758634	-0.051516555	0.19983947	0.45201883	0.0122803	0.28587002	0.07518136	0.3506454	0.25984064	-0.0020381294	0.13479383	-0.020630835	-0.019774823	0.19241403	-0.13953443	0.06805145	-0.2140821	-0.26974067	-0.026105806	0.21870343	0.10535682	-0.28312454	0.09035007	-0.020870231
-0.11086865	0.13555583	0.14336404	0.06251298	-0.11322303	0.1521757	0.032869924	-0.18859097	0.07665604	0.04006522	-0.06451571	0.16252059	-0.21148829	0.030163031	-0.27956966	-0.18191586	0.17794588	0.17900476	-0.1415959	0.020501906	-0.22913854	-0.17921832	-0.176575	-0.15158571	-0.23036441	0.09185723	-0.11283366	-0.17966999	-0.08528902	-0.21114376	0.008775998	0.029744714	0.031372048	-0.16303504	0.039374113	-0.02108445	0.1031833	0.115240276	-0.28178003	-0.096472494	-0.059337456	0.047814164	-0.15849756	-0.2122735	-0.14796332	-0.20771395	0.07999999	-0.1827107	-0.15501387	-0.070777744	-0.1831164	-0.06969638	-0.019565895	-0.054574836	-0.040938996	-0.0048672613	-0.04326353	0.30336344	-0.15345578	-0.049782787	0.07496497	0.19274765	-0.049858738	0.053994328
-0.52968967	-0.5769365	-0.5818306	0.3263828	-0.3901742	-0.4976424	-0.09842049	0.5493989	-0.0188944	0.53255284	0.5755383	0.31413135	0.69910914	-0.5661106	0.6455911	0.5434867	0.1616754	-0.41260615	-0.10440102	0.54810333	0.3674753	0.22994368	-0.06084582	0.64258957	0.61833274	-0.07281081	-0.47464412	0.61421067	-0.39507237	0.57279295	-0.51539034	-0.531442	0.2552125	0.23100673	0.5122528	-0.39886624	0.4529947	-0.20686217	0.28683448	-0.5150575	-0.5012206	-0.34463775	0.5129361	0.6231438	-0.25375223	0.7353813	0.5659286	0.6050073	0.66365266	-0.3149799	0.43000853	-0.30882198	-0.30592406	0.38757226	-0.4847833	0.34154108	-0.3021028	-0.46813157	-0.38064066	0.5725069	0.5196579	-0.39090353	0.5739551	-0.29746625
0.48721027	-0.48822537	-0.44144592	-0.48426497	0.3145475	-0.34230223	0.39652628	0.49348804	0.47486997	-0.46461856	-0.29044566	-0.41552165	0.15258133	0.52613324	0.29466757	-0.2410794	-0.4052126	-0.4104173	0.46788624	-0.31566733	-0.012788375	0.5224788	0.47218856	-0.42037952	0.40777123	-0.427237	0.4085814	0.46045142	-0.38649988	0.43747526	-0.021359835	0.21287547	0.3850077	0.46705806	-0.22904661	0.4096311	-0.52341557	0.1851146	0.41542697	0.45674825	0.38622227	0.41458634	0.50411904	-0.36937442	0.42755088	-0.5751121	-0.5088376	-0.5519482	-0.49329647	0.4147276	0.4709753	-0.20599157	0.43753758	-0.38944763	-0.19042817	0.3629745	0.56348515	-0.4080109	0.31485692	0.38486546	-0.43573782	-0.4279904	-0.34708065	-0.3919865
-0.26769686	0.092510976	0.056820877	0.23741375	-0.228016	0.052333772	-0.09845624	-0.1492612	0.08570205	0.22735535	0.14467923	0.24700277	-0.1407956	-0.09070769	-0.16013037	-0.17915566	0.32288024	0.24802269	-0.28126037	0.17161286	-0.28201842	-0.20704141	-0.20353144	-0.029717125	-0.170691	0.10748141	-0.3031862	-0.1402422	-0.15173753	-0.07748782	-0.15699567	-0.12285908	0.030211084	-0.2438836	0.17351495	-0.01703403	0.29744035	0.07277562	-0.29129428	-0.25474766	-0.10922352	-0.029831367	-0.18529393	-0.102838926	-0.2341295	0.061093878	0.27734083	-0.058418963	-0.04189598	-0.23325565	-0.24211937	-0.14146963	-0.13321224	-0.04793589	-0.079457	0.14418983	-0.077196166	0.32673675	-0.24003896	0.020451082	0.28417236	0.24573691	0.03833547	0.04121101
-0.24597688	-0.4260406	-0.5369699	0.13307537	-0.22492121	-0.58083004	0.221511	0.7010359	0.13271631	0.28409874	0.6043365	0.12619662	0.58268535	-0.47762147	0.6744715	0.54926187	-0.116422884	-0.7155774	0.23816225	0.45954016	0.46705985	0.050941195	0.33195645	0.46088955	0.698298	-0.22267742	-0.18388212	0.44387507	-0.16025096	0.61588055	-0.51883304	-0.5409759	0.5581391	0.3696769	0.42470792	-0.61289394	0.19696899	0.087896526	0.507665	-0.2715673	-0.37175402	-0.15961765	0.4462758	0.5326478	-0.11484987	0.6021906	0.28870043	0.6020069	0.5336582	-0.15144326	0.3894902	0.033295188	-0.27554652	0.190313	-0.4727201	0.44437248	-0.3626196	-0.66752166	-0.2125905	0.5939104	0.22764069	-0.71173495	0.3077494	-0.020734532
0.11032208	0.07081679	0.015857741	-0.03643467	0.06950459	-0.015278954	0.16928068	0.09186603	-0.0022682063	-0.112298794	-0.040510155	-0.011979104	-0.10881939	0.04041447	-0.042124316	0.026220113	-0.098406	-0.12930083	0.12557927	-0.06590388	-0.08680682	-0.053206857	0.08014425	-0.14353396	0.06283786	-0.060858235	0.00042946747	-0.0318366	0.061677314	-0.024714977	-0.03694908	0.01705793	0.03653696	-0.008967708	-0.023845963	-0.022984592	-0.020568913	0.043318603	0.01294038	0.13165325	0.035637897	0.16349672	-0.041500263	-0.087780185	0.08125051	-0.057550076	-0.071898915	-0.037902046	-0.18780103	0.012827325	0.041566286	0.03518542	0.049217775	-0.16570257	0.033617828	-0.010025057	0.020297233	-0.03440537	0.06730168	0.04100201	-0.11635007	-0.08331589	-0.17727514	0.12818713
0.024633579	-0.021063419	-0.08664599	-0.116922714	0.01479207	0.13429907	0.13416204	-0.05822474	0.20212221	-0.062828496	-0.077889815	-0.026832134	-0.08685738	0.23980515	-0.021256112	-0.16843498	-0.06522824	0.06750723	0.008204021	-0.12978715	-0.10558033	0.14067312	0.018775405	-0.09047671	-0.088032514	-0.11682922	0.059666067	0.024851765	-0.19001979	0.008502482	0.029010436	0.09847117	0.079480045	0.026972594	-0.019360654	0.17661119	-0.117608935	0.0858073	0.0105889	0.08360105	0.13695762	0.015309552	0.021999903	-0.09737191	0.03962663	-0.29082492	-0.03858026	-0.32823408	-0.16092074	0.052679095	0.10347663	-0.13016097	0.09956961	-0.028633373	-0.0010741722	0.061190795	0.17014992	0.04796359	0.014043415	-0.056039296	-0.007520194	0.056822907	-0.06382454	-0.05586499
0.63501555	-0.69100285	-0.76868546	-0.7031466	0.4994153	-0.55183023	0.5280493	0.70076704	0.66572696	-0.60783315	-0.22001372	-0.5718762	0.40774703	0.717155	0.5792933	-0.30206433	-0.58012086	-0.56957084	0.6265243	-0.40325505	0.18500173	0.6766415	0.6632588	-0.5955398	0.56732094	-0.66544014	0.64973134	0.682499	-0.6363794	0.63302755	-0.07279638	0.17965753	0.626748	0.5986634	-0.33949026	0.5614788	-0.6224707	0.17730938	0.62795275	0.6112442	0.4559134	0.55558205	0.7333658	-0.53594756	0.5365527	-0.6175851	-0.6581077	-0.51140904	-0.5611956	0.55324215	0.6807196	-0.2598814	0.5274671	-0.53544617	-0.23359476	0.5466519	0.7352521	-0.65725356	0.40368882	0.64117736	-0.58509177	-0.54579747	-0.40553433	-0.5985158
0.1590787	0.25276005	0.25891274	0.17370719	-0.073089175	0.16181631	0.19187579	-0.20314753	0.12389312	-0.059160657	-0.024756834	0.0026294636	-0.3720625	-0.10697984	-0.36246118	-0.15751466	0.008981206	0.032772645	0.066117816	0.021269279	-0.12257652	-0.19853279	0.16811855	-0.38943046	-0.22416165	0.06674871	-0.0094015775	-0.31084305	0.03519931	-0.20802307	-0.07633929	-0.06946125	0.088898286	-0.123415254	-0.09191353	-0.16376176	-0.0919938	0.26500186	-0.056544404	0.16126183	-0.09099621	0.26023164	-0.24326143	-0.23425767	-0.091289155	-0.21746168	-0.12272873	-0.1490208	-0.40920302	-0.1266232	-0.29456615	0.18247835	-0.14722562	-0.27836096	0.010701705	0.013825798	-0.19330186	0.19074664	-0.052159652	-0.08794773	-0.08026699	0.062503435	-0.2858444	0.30543664
0.092810325	0.08591908	0.21752019	0.20316994	0.26819345	0.012645444	0.04178178	-0.012340579	-0.46340534	0.0036994708	-0.04781133	-0.11745674	0.19800381	-0.19669704	-0.038728613	0.539559	-0.0060678865	-0.112453744	-0.041066553	-0.12886865	0.32116064	-0.15647036	0.040078115	0.25529245	0.13619077	0.2700974	0.06480646	-0.09501849	0.32502288	0.013875654	0.1861157	0.18976498	-0.2178052	-0.077479646	-0.17635188	-0.20404471	0.06866632	-0.41907507	0.09392697	0.029957587	0.1555332	-0.2130501	-0.04369851	0.54454935	-0.009437886	0.33991694	0.026359614	0.21587902	0.24477664	0.27874583	-0.024893073	0.1519575	0.1599053	0.28502342	0.22463052	-0.2651068	-0.23676945	-0.043760054	0.13991737	-0.1297305	-0.03670708	-0.16601099	-0.04657256	0.028343491
0.044134554	-0.17604133	-0.10607356	-0.097277924	0.120566286	-0.13071771	-0.0023393994	0.11363704	-0.006595543	-0.09096582	-0.014973663	-0.040496625	0.20168827	0.11450459	0.13180776	0.21624862	-0.0724562	-0.06948476	0.061986793	0.008716515	0.054948486	0.11517916	0.03824727	0.07643221	0.15677892	-0.050406568	0.096931525	0.18440378	-0.01917049	0.18139963	0.0708558	0.04372985	-0.00089987105	0.099389724	-0.042438436	0.017235383	-0.08689641	-0.11037097	0.16330448	0.0096295	0.099695764	-0.082879506	0.23659049	0.123335704	0.1272729	0.0075000855	-0.084070265	-0.011106561	0.07939742	0.12892638	0.19983213	-0.07750899	0.17791146	0.023253601	0.02020952	0.003829335	0.16734871	-0.12956963	0.07547858	0.13648877	-0.08353118	-0.18019646	0.055079076	-0.12947135
0.19294779	-0.35753864	-0.33417228	-0.37922913	0.20693064	-0.0149046285	0.09095884	0.15724866	0.07274201	-0.19749011	-0.23108761	-0.20561442	0.22897868	0.36407813	0.24161239	-0.034396693	-0.11141531	-0.13044226	0.1948336	-0.23605813	0.046087854	0.32455066	0.12059129	-0.029590335	0.18780275	-0.18957281	0.24009934	0.30672935	-0.2109044	0.27810702	0.09874261	0.14724375	-0.03220429	0.21265759	-0.08962357	0.33762488	-0.2653066	-0.17815956	0.1567369	0.17479452	0.283377	-0.04204806	0.4153485	-0.03217771	0.29276356	-0.2983141	-0.17793806	-0.3585265	-0.030452102	0.29097503	0.33730695	-0.1916757	0.37393102	0.056208313	0.051537085	0.052867673	0.4104385	-0.14546472	0.10292104	0.14461234	-0.21621825	-0.08391636	0.0076453327	-0.2830462
0.56429195	-0.07695219	0.0656615	-0.17115602	0.5907341	0.12604563	0.46158597	0.1403762	-0.021443807	-0.4084112	-0.5635846	-0.40549693	-0.21914035	0.1826349	-0.0665034	0.25668657	-0.3930435	-0.32994142	0.32907578	-0.59604824	0.17376868	0.14522691	0.45851013	-0.43821445	0.12091951	-0.14080334	0.38399857	-0.016020702	0.19824502	0.13557501	0.3886261	0.5178704	0.09133306	0.26221877	-0.59334546	0.072801955	-0.38563773	-0.214727	0.29477555	0.4350972	0.45307627	0.23665725	0.123756014	-0.0021730838	0.32859594	-0.37749183	-0.44432905	-0.41335192	-0.5886023	0.5196525	0.18448235	0.18585843	0.48566324	-0.27173722	0.24557175	-0.17451996	0.101902865	-0.2695375	0.32123443	-0.144143	-0.46630862	-0.35446218	-0.602893	0.052862532
-0.070738085	-0.11998463	-0.060941547	-0.16602008	-0.046058897	0.1077007	-0.08917918	-0.08851152	-0.068481594	0.045291413	-0.11596447	0.11706703	0.085254334	0.16048665	0.016512107	-0.048935086	0.063086845	0.1583768	-0.15183382	-0.14221402	-0.14831427	0.15780084	-0.1214671	0.07334143	0.018388303	-0.019001938	-0.05413318	0.16888507	-0.18536177	0.024101805	0.04843987	0.055446446	-0.1327416	0.01243451	0.0054639284	0.19796538	0.0008705618	-0.17610773	-0.13148594	-0.09497522	0.120568536	-0.14015548	0.074686185	0.012152486	0.018128306	-0.104058415	0.022040628	-0.28268346	0.020706544	0.074865274	0.11304932	-0.23776758	0.11338408	0.14242902	-0.012018124	-0.05791222	0.25246564	0.10826817	-0.016114712	-0.0710554	0.09783364	0.07835648	0.1579152	-0.16612248
0.6255203	0.6026709	0.60890174	0.62140584	0.5009072	0.5862483	0.5612257	-0.48762676	-0.62324715	-0.37192783	-0.5784276	-0.5416281	-0.5583322	-0.6069659	-0.652882	0.6084826	-0.31747964	-0.26714465	0.33871415	-0.4895285	0.35274032	-0.59069455	0.49214432	-0.21184072	-0.4765826	0.52059937	0.2903129	-0.66958016	0.54371476	-0.49342215	0.4658995	0.55984133	-0.3895974	-0.28707746	-0.5161074	-0.5844662	0.028951842	-0.46356583	0.19663154	0.4799879	0.39430878	-0.21397713	-0.56657356	0.5777246	0.21280703	0.26442575	-0.40393475	0.09510021	-0.47619814	0.5348943	-0.53717065	0.5201843	0.3203626	0.33349937	0.49836075	-0.60856694	-0.61186415	0.17845675	0.30080032	-0.60172266	-0.47188106	-0.32040432	-0.61958826	0.65348125
-0.5339714	-0.34564865	-0.26041013	0.046084914	-0.2856945	-0.18102321	-0.2756736	0.060801823	-0.17055997	0.42531225	0.18828093	0.3939597	0.35579354	-0.12462853	0.32322744	0.2853524	0.3973619	0.044447765	-0.3311442	0.22183052	-0.08042101	0.0904143	-0.32661387	0.41354138	0.20027149	0.08356356	-0.429667	0.35504445	-0.43443874	0.2621385	-0.14095688	-0.110809065	-0.11443194	-0.083229706	0.42742306	0.050317608	0.42947888	-0.20985945	-0.20380063	-0.44955543	-0.10972601	-0.3790308	0.1606865	0.33133155	-0.18882056	0.3549125	0.54056364	0.1358629	0.5061055	-0.16314635	0.17242108	-0.3960055	-0.04463252	0.32484362	-0.17959613	0.03954198	0.07084529	0.014635406	-0.27775982	0.22589204	0.50883645	0.048463337	0.4178558	-0.30039555
0.032452926	-0.07815661	-0.1311105	-0.03998597	-0.0673187	-0.17470549	0.17268431	0.17921206	0.16164346	-0.07239603	0.17946284	-0.051299084	0.0019622932	-0.02007198	0.048874572	-0.045828745	-0.023035247	-0.14065337	0.05765828	0.12922296	-0.028947175	0.011118756	0.12773135	-0.093068965	0.0979697	-0.18022527	-0.035536405	0.078225106	-0.14998326	0.13280696	-0.13267654	-0.09343874	0.22437716	0.15363255	0.12927625	-0.15028615	-0.029774338	0.1776459	0.0870635	0.031874467	-0.109130226	0.07401502	0.044142906	-0.13317168	0.014108618	0.044895932	-0.015658746	0.039618656	-0.060947508	-0.11654734	0.05941058	-0.006799502	-0.11703047	-0.051227003	-0.22359627	0.21213813	-0.051993508	-0.1838024	-0.048735913	0.19078785	0.012431376	-0.155591	-0.082514405	0.08341373
-0.29620713	-0.28754485	-0.3618366	0.19743508	-0.31069922	-0.4481409	0.20579363	0.43645528	0.36706558	0.23541681	0.4577897	0.13301526	0.22322375	-0.3016726	0.32007772	0.08479305	-0.011665814	-0.3323482	0.08118761	0.42599428	0.039429568	-0.018226344	0.15274249	0.04466016	0.2544545	-0.27454174	-0.2603978	0.22180338	-0.3646559	0.32182863	-0.47205192	-0.4774733	0.483151	0.22008537	0.43245342	-0.4065509	0.21074557	0.30259618	0.1403869	-0.27301311	-0.3830313	0.06356665	0.13635123	0.041383136	-0.16258568	0.35515788	0.31585324	0.34630919	0.24160737	-0.27376533	0.113304146	-0.11462931	-0.29532877	-0.061801057	-0.5164326	0.42594665	-0.3509583	-0.36093313	-0.37424248	0.50554085	0.19377626	-0.32431108	0.12894392	0.109369725
-0.5064528	-0.27620926	-0.12498713	-0.20335543	-0.00433195	0.51910985	-0.37035716	-0.6058298	-0.44949344	0.32737306	-0.46821836	0.37898943	0.22103865	0.47057152	0.2096173	0.09364078	0.5623965	0.5351394	-0.53682446	-0.47171852	-0.22735164	0.29395005	-0.56642437	0.49661782	-0.40380666	0.28807428	-0.30900112	0.30494457	-0.2692449	-0.32235408	0.37337536	0.39064333	-0.56148154	-0.29344627	0.024157383	0.4726215	0.46567893	-0.4820266	-0.57409835	-0.49674925	0.4142097	-0.5050847	0.18770866	0.41344756	-0.094562456	-0.003938079	0.4177162	-0.5870886	0.410776	0.13689415	0.09482004	-0.41239217	0.34466287	0.5255854	0.39609784	-0.4412868	0.47654718	0.5682223	-0.07721008	-0.54290086	0.37646788	0.57798237	0.38083482	-0.47510976
0.22292541	-0.08321944	-0.08086947	-0.116926	0.18632215	0.00042508976	0.15934667	0.02082716	0.04858126	-0.26067242	-0.18460646	-0.23436284	-0.12954989	0.24044752	0.008499937	-0.0054033874	-0.24320443	-0.17712696	0.26898044	-0.20913182	0.040649742	0.113072656	0.19754133	-0.22670679	0.11081805	-0.127129	0.20811404	0.02289575	-0.07337945	0.062259234	0.12719214	0.19717084	0.061262608	0.18415427	-0.18693474	0.013469394	-0.19939882	0.062270004	0.19146445	0.2522489	0.2286438	0.10663201	0.13061373	-0.09008273	0.19660994	-0.21130359	-0.25222665	-0.23703434	-0.24991672	0.12607795	0.144131	0.02899341	0.15481922	-0.17125517	0.028015142	0.02476895	0.12019876	-0.10087317	0.10885769	0.018064415	-0.23628758	-0.15794666	-0.160668	-0.020335907
0.24775374	0.030663224	0.07531619	-0.11762711	0.27885398	0.1661086	0.16678806	-0.06274072	-0.09084844	-0.29196486	-0.2850254	-0.20148751	0.01275771	0.11411128	-0.10662893	0.1593541	-0.20242824	-0.038477447	0.16395497	-0.34199813	0.10783104	0.0596095	0.20263575	-0.03915233	0.01853433	0.024551012	0.19767395	-0.025879432	0.16518612	-0.002150006	0.27520046	0.26856393	-0.17836036	0.12946042	-0.21984243	0.040322807	-0.1960698	-0.105792396	0.19460453	0.226754	0.3936258	-0.052594177	0.053768683	0.12732454	0.25264776	-0.14535697	-0.26044628	-0.15000464	-0.22625606	0.26039964	0.08683797	0.110642545	0.31859764	0.07887373	0.18258898	-0.1837407	0.15313369	-0.08165395	0.2109063	-0.13247925	-0.25655863	-0.04491822	-0.16638693	-0.07635071
0.03238011	-0.03866269	0.048919775	0.05127609	0.11662249	-0.035282437	0.12106843	0.068707615	-0.18370946	0.033294436	-0.058757007	-0.106553346	0.14827265	-0.040825304	0.061314903	0.3047998	-0.09878099	-0.13953702	0.0756296	-0.03726432	0.1216313	0.037531704	0.08561874	0.09046291	0.12534916	0.06842395	0.026518017	0.0106039345	0.06718431	0.10069799	-0.0076100565	0.07450499	-0.008786983	0.10978758	-0.037405193	-0.11493049	-0.0049480707	-0.19012552	0.10410886	0.017915007	0.047108427	-0.102745004	0.051772807	0.17513095	0.094171695	0.07182431	0.0036675152	0.1157349	0.10089628	0.05449985	0.08141212	0.018717825	0.030989047	0.06708347	0.034416232	-0.104116336	-0.100217	-0.12708335	0.06342679	-0.016053848	-0.014383093	-0.1179618	-0.0034807415	-0.011052794
-0.054890275	-0.33014503	-0.38779753	-0.07552321	-0.08270256	-0.44924688	0.14803171	0.48805436	0.27410078	-0.031819366	0.30340856	0.038886808	0.39337903	0.008403807	0.47765365	0.27981028	-0.13979176	-0.38979068	0.09980936	0.16251002	0.19535443	0.11751269	0.21292453	0.0639555	0.48425654	-0.23387007	-0.052061137	0.3120589	-0.28962824	0.4674827	-0.2617703	-0.2663916	0.41781172	0.22399068	0.20424421	-0.16277856	-0.05689926	0.041989263	0.2580288	-0.07188244	-0.09651938	0.011783643	0.33135098	0.19296513	0.06514324	0.106922776	0.0279565	0.13049962	0.12289918	-0.0970788	0.30630657	-0.19693016	-0.027561344	-0.048797876	-0.37926483	0.36445254	0.03252427	-0.427501	-0.07793529	0.47239977	0.061817	-0.4506322	0.03396537	-0.11104935
0.43403614	0.024534883	0.0015699967	-0.23582648	0.24332547	0.16198124	0.27980727	-0.08556698	0.19142869	-0.34873965	-0.32964724	-0.28781313	-0.2817277	0.35584617	-0.21999693	-0.23771419	-0.24905139	-0.035610117	0.34062037	-0.34019884	-0.08339638	0.15530543	0.30490267	-0.39178288	-0.07641298	-0.25795358	0.3133857	0.017322203	0.0404385	-0.0732413	0.21966018	0.22433245	0.08902755	0.19777833	-0.24963145	0.16191447	-0.3748834	0.16150099	0.2108702	0.39512748	0.34021854	0.20464048	0.09490704	-0.21086061	0.30851933	-0.4528176	-0.41425213	-0.41441482	-0.44188708	0.29203686	0.08213022	0.04764873	0.2459392	-0.24237762	0.12458557	-0.048781924	0.29986322	-0.036431737	0.23256743	-0.14938502	-0.37493926	-0.10415072	-0.3450144	0.009423338
-0.2450682	-0.5053242	-0.49024987	-0.07176899	-0.023699766	-0.343904	-0.13246728	0.31311703	-0.043815088	0.18466744	0.19734168	0.0016383962	0.63062155	-0.031387422	0.61797935	0.49687517	0.020264115	-0.12893803	-0.008074804	0.16370304	0.4147828	0.2981151	-0.028757483	0.4369993	0.545572	-0.153996	-0.005944655	0.47954732	-0.15841156	0.4314391	-0.16819112	-0.1602948	0.06183108	0.34279352	0.25568536	-0.022231795	0.11522949	-0.24163839	0.24118756	-0.17963488	-0.049174976	-0.2664752	0.62412375	0.56480944	0.11936881	0.39331007	0.24584241	0.24774298	0.53155243	0.061426915	0.4860154	-0.23562822	0.09374736	0.35691717	-0.22314955	0.10932894	0.066244744	-0.34164807	-0.036111787	0.35237965	0.21924026	-0.21229076	0.40282726	-0.35578132
-0.15303728	0.24292658	0.18219991	0.24000771	-0.12927295	0.04052128	0.045398608	-0.13204229	0.034603797	0.12231431	0.10309236	0.1257901	-0.15275514	-0.2320618	-0.22974746	0.0040635522	0.13807361	0.00029032686	-0.09490734	0.18257904	-0.15710047	-0.30290148	-0.013169533	-0.10146869	-0.099543676	0.14815356	-0.23889259	-0.2383761	0.096282355	-0.13487951	-0.06324603	-0.15681419	0.089639075	-0.19960165	0.0903417	-0.19446442	0.18934606	0.20037277	-0.19176453	-0.12021062	-0.22449005	0.06491252	-0.30982932	-0.13457227	-0.24467537	0.06774257	0.17271794	0.115677	-0.039844386	-0.24036692	-0.20227	0.073408514	-0.2505512	-0.08162216	-0.122154266	0.06385954	-0.27521372	0.12898085	-0.16124757	-0.0028353073	0.13496529	0.08971122	-0.06259155	0.23566912
0.21759142	0.14466836	0.15596312	0.1647867	0.28027403	0.09591724	0.2823606	0.16902015	-0.29910514	-0.15786634	-0.167909	-0.27537978	0.05366354	-0.14112604	-0.04695391	0.46002552	-0.21610387	-0.25362027	0.24161617	-0.15974657	0.40014112	-0.1401908	0.34168336	-0.00061374647	0.13162035	0.1000481	0.1731123	-0.19290519	0.27373654	0.023347815	0.13002008	0.21967044	-0.0742994	0.11913116	-0.24733496	-0.31746843	-0.15242195	-0.18026894	0.28332177	0.23896162	0.14202572	0.0030730986	0.04128787	0.35308978	0.2016537	0.10365788	-0.16948067	0.17954029	-0.03197874	0.32246286	0.02622508	0.30931112	0.14804077	0.07089193	0.11256451	-0.23042406	-0.2709345	-0.29515153	0.17149106	-0.14310919	-0.15837663	-0.30565077	-0.21801755	0.24278739
-0.4072554	-0.22639513	-0.15668158	0.12648019	-0.30345762	-0.16107638	-0.1409768	0.074161485	0.049872085	0.30676803	0.29794165	0.3463286	0.14283621	-0.16778302	0.18162788	0.041619368	0.31459454	0.07628837	-0.25740314	0.23322748	-0.18714055	-0.026902977	-0.2559234	0.17073685	0.06488644	0.06818623	-0.31606948	0.14585435	-0.36463162	0.13744247	-0.2324294	-0.25037172	0.03207741	-0.097672224	0.3204492	-0.061502114	0.33317587	0.058698	-0.19523776	-0.34413382	-0.19824171	-0.2323405	0.048240837	0.012379951	-0.19527748	0.2117715	0.42423645	0.10678722	0.2418103	-0.24182896	-0.013467138	-0.30930844	-0.22436444	0.11273503	-0.2576567	0.20834258	-0.063992165	0.07924601	-0.29761067	0.19748975	0.40341341	0.12438105	0.26709414	-0.1070518
0.36697614	0.28623605	0.25094622	0.10322501	0.18415461	0.09484711	0.43380317	-0.029107325	0.066092364	-0.30278987	-0.18143207	-0.26215005	-0.36314112	-0.14471506	-0.33513767	0.013571902	-0.18974316	-0.22091365	0.30220002	-0.19849165	0.031375267	-0.14224151	0.37955114	-0.3903201	-0.09083713	-0.010676819	0.11705477	-0.29431686	0.19092679	-0.11863428	0.081216134	0.1284585	0.08841156	0.014332491	-0.21894139	-0.30278692	-0.20913433	0.25559866	0.16816318	0.30132517	0.01688933	0.2948825	-0.16680431	-0.1471515	0.13499711	-0.16342509	-0.32892725	-0.12611674	-0.5424733	0.11067451	-0.14767265	0.25388202	0.0396613	-0.2513303	0.012761675	0.017716749	-0.13678503	-0.079598166	0.1857983	-0.18505758	-0.2645419	-0.1404017	-0.5216765	0.24366242
0.20745075	-0.027358774	-0.081658	-0.21810257	0.12266581	0.036048084	0.21035911	-0.07350291	0.21870261	-0.24699047	-0.216403	-0.13939586	-0.20908867	0.33934474	-0.12005414	-0.19443391	-0.12237468	-0.05424631	0.1263991	-0.17034915	-0.20714912	0.12740089	0.0961094	-0.29653585	0.010520289	-0.21074477	0.13465571	-0.016191343	-0.14154403	0.038956784	0.081020445	0.11266785	0.13271235	0.104315735	-0.154851	0.09617332	-0.25346565	0.074814655	0.10262371	0.24029976	0.102478676	0.21720195	0.07659334	-0.19294795	0.13207291	-0.4643976	-0.22456175	-0.46327698	-0.37602824	0.06039549	0.08581914	-0.116017364	0.09445425	-0.19626398	0.015869394	0.10184584	0.16979109	0.003447327	0.02790574	0.036806658	-0.17775097	-0.019202188	-0.27142593	0.016387265
0.1672272	0.04144514	0.085501894	0.19047205	0.13292032	-0.18812156	0.38285735	0.32933232	-0.1833803	-0.08847872	0.14522424	-0.20389357	0.10473194	-0.37464556	0.079606585	0.4375284	-0.2528521	-0.58972204	0.28953454	0.100508	0.29117158	-0.21783458	0.39215845	-0.0074772206	0.3299321	0.06642763	0.09016404	-0.1520993	0.2920656	0.17090084	-0.060335662	-0.025950678	0.12836899	0.15667225	0.0089940755	-0.49676424	-0.04572985	-0.007956785	0.3358113	0.06559931	-0.11402432	0.107714646	-0.054153603	0.32342243	0.041221913	0.24252251	-0.03480398	0.37592185	0.100635126	0.0705413	-0.033107884	0.25762936	-0.04035287	-0.07557183	-0.104834445	-0.087711774	-0.40133145	-0.4976919	0.021030543	0.13798873	-0.13282649	-0.5536694	-0.22476913	0.3119507
-0.30605426	0.01722646	-0.11428455	0.21790482	-0.4352207	-0.23968007	0.055185635	0.039325558	0.40106338	0.23793666	0.37873048	0.31185034	-0.21058719	-0.27128983	-0.082073495	-0.24933882	0.26426777	0.09766023	-0.22768061	0.30428967	-0.3664194	-0.17000592	-0.20439923	-0.14902675	-0.078485735	-0.055620085	-0.37918496	-0.08940556	-0.43167803	-0.04169159	-0.37446177	-0.40612346	0.36185893	-0.18397711	0.41808674	-0.24068889	0.22487962	0.34528401	-0.25578544	-0.30116045	-0.36145943	0.14663106	-0.18837364	-0.36263883	-0.29751527	0.01686964	0.34140268	0.043685354	0.02847261	-0.426069	-0.14426874	-0.22933285	-0.28645906	-0.15733504	-0.3898982	0.4169292	-0.1998977	0.13540885	-0.36346164	0.32820097	0.3570729	0.12882842	-0.0036849868	0.13798246
-0.070378706	-0.087181136	-0.05096704	0.23103686	-0.024469124	-0.18327545	0.11458008	0.23954163	0.022988645	0.14280787	0.2920316	-0.0074040275	0.15759519	-0.4326382	0.121090084	0.31234762	-0.10865735	-0.2748266	0.1364228	0.19469705	0.21594384	-0.06197638	0.14441213	0.134978	0.25802556	-0.013933262	-0.087475896	0.03729797	0.07869678	0.18181264	-0.17079388	-0.17783181	0.1097975	0.16016106	0.1551234	-0.3033418	0.15290084	0.006728297	0.2568945	-0.07272009	-0.1716694	-0.067934096	0.0555137	0.24309282	-0.024895582	0.44040492	0.08525125	0.32751504	0.2355812	0.002653079	0.058290213	0.0352244	-0.13769695	0.07460195	-0.12129475	0.045508042	-0.366693	-0.30522656	-0.09186931	0.16361575	0.06219444	-0.27253556	0.00052528566	0.07368413
-0.7056882	0.057264794	-0.21434669	0.51979905	-0.560353	-0.5527735	0.08966932	0.341938	0.5279593	0.61461246	0.6884566	0.5178986	0.02415029	-0.7174336	0.03688096	-0.087306276	0.4247278	-0.23013958	-0.30767867	0.6919962	-0.17941955	-0.45999822	0.0059088212	-0.12050853	0.089947954	-0.1273376	-0.6550928	-0.040542427	-0.4932224	0.20023729	-0.61013633	-0.6980086	0.6777638	-0.18758193	0.7155593	-0.68269736	0.5811593	0.4464876	-0.14130063	-0.6295356	-0.73122114	0.24711582	-0.19839555	-0.25310072	-0.5509618	0.49831828	0.64502454	0.43628395	0.23967713	-0.63907266	-0.1814865	-0.28535756	-0.6460487	-0.20548816	-0.67190707	0.5890987	-0.69737935	-0.1347487	-0.5938749	0.54022086	0.67515486	-0.18440464	0.04035879	0.31794903
0.24613674	-0.13715963	-0.15712601	-0.15183908	0.15290238	-0.17703845	0.27319142	0.25677577	0.21824877	-0.25178355	0.013216372	-0.18356287	-0.0071594506	0.11214029	0.11471435	0.020759583	-0.25239006	-0.25030506	0.2341198	-0.08163758	0.044621877	0.1406049	0.27979195	-0.22211926	0.2501768	-0.2109872	0.18764472	0.12544036	-0.13046806	0.22149348	-0.11147408	-0.053542797	0.27761784	0.19599712	-0.04041916	0.018255332	-0.24235131	0.16998436	0.25623542	0.24195114	0.101355985	0.13667259	0.24692717	-0.066469274	0.21144992	-0.1654406	-0.2344888	-0.09876634	-0.1475073	0.1263947	0.23325652	0.012637648	0.20257838	-0.1692026	-0.14230429	0.17422342	0.17888166	-0.2810022	0.14575471	0.22778648	-0.20400226	-0.2126837	-0.19065219	-0.12243313
0.112760864	0.103677996	0.122213274	0.053184163	0.12101286	-0.06387915	0.18588415	0.14588882	-0.23401494	-0.10688034	-0.058414906	-0.1546238	-0.03508661	-0.20202024	-0.037644845	0.28570637	-0.15611456	-0.24197674	0.09747697	0.015280504	0.18691038	-0.12224313	0.18457495	0.022603624	0.16426055	0.07905926	0.10141775	-0.08187541	0.23261267	0.05291049	0.021466436	0.105706014	-0.062741734	0.082710326	-0.13006791	-0.19010045	-0.09128726	-0.12623905	0.22413766	0.087526105	0.06319081	-0.029462582	-0.047764834	0.22339085	0.08607586	0.1350711	-0.07224762	0.13340425	0.045215108	0.19519769	-0.02444469	0.15607347	0.029263644	0.04680263	0.10501731	-0.1049906	-0.16319327	-0.1388069	0.12469358	0.01267044	-0.08778992	-0.23054712	-0.13687174	0.059176728
-0.3029441	-0.066521645	-0.14941248	0.12805973	-0.21911319	-0.109371945	-0.020564696	-0.01417901	0.16412729	0.19470751	0.17183508	0.18990958	0.046670254	-0.1004732	0.015549707	-0.06930259	0.23728347	0.08600212	-0.114429094	0.17731553	-0.1711345	-0.03705346	-0.14674416	-0.0073315687	-0.010196828	-0.052323796	-0.25225344	0.090066634	-0.2981369	0.023437621	-0.17745426	-0.12755431	0.09116116	-0.0699244	0.29384	0.029753702	0.24035014	0.10827771	-0.11826748	-0.2780112	-0.19873057	-0.03472365	-0.014937658	-0.06253435	-0.20688024	0.08511247	0.27031702	-0.03798335	0.1153582	-0.22438098	-0.026990835	-0.1899411	-0.16288078	0.058587167	-0.1319873	0.14678422	-0.08719988	0.05749048	-0.20166957	0.11589551	0.19102564	0.12864767	0.1196281	-0.036880486
0.005357885	-0.60617703	-0.67473066	-0.4227971	-0.064046025	-0.46541753	0.16722101	0.54049146	0.5878369	-0.16409431	0.20527211	-0.13103576	0.39589924	0.26015583	0.59519905	-0.05771249	-0.24746375	-0.38599396	0.24694228	0.14517874	-0.027081538	0.5255373	0.23115864	-0.049257964	0.4594167	-0.49031407	0.10128291	0.67142177	-0.7144199	0.61668235	-0.3441508	-0.2079414	0.50911254	0.42725697	0.27291104	0.20782876	-0.24260531	0.21613665	0.29545602	0.12502709	-0.008010335	0.102880105	0.5540543	-0.17140327	0.24172156	-0.19755702	-0.13160662	-0.09437215	0.062407915	-0.011678347	0.51350033	-0.47112593	0.13552462	-0.15439758	-0.47382537	0.58376604	0.3963476	-0.4983141	-0.13778323	0.5983478	-0.043915227	-0.36543798	0.053828493	-0.4298985
-0.2164321	-0.3401169	-0.25071955	0.03304087	-0.08998412	-0.30566624	-0.078588285	0.27368793	-0.116133	0.1949391	0.27179584	0.12670667	0.4895692	-0.24364851	0.43077844	0.42830983	0.07506645	-0.1869671	-0.14949164	0.23938356	0.19395006	0.0974275	-0.05326381	0.45054272	0.32711068	-0.0054166196	-0.15029144	0.24001391	-0.058278084	0.3387641	-0.14424428	-0.16685303	0.08615586	0.13689223	0.22781815	-0.15731102	0.1702195	-0.22397785	0.04677203	-0.2036773	-0.16570072	-0.31016645	0.31976375	0.41616532	-0.039934274	0.29716182	0.2881049	0.3271555	0.44720674	-0.05598526	0.24440257	-0.17996779	-0.049245857	0.34587753	-0.20341304	0.06115185	-0.03429561	-0.23806967	-0.17025976	0.26507366	0.19681631	-0.27952632	0.27804914	-0.15398431
-0.28472027	0.13095737	0.12866136	0.502783	-0.11076653	-0.15117432	0.029354336	0.16752946	-0.27393293	0.34005854	0.2787664	0.25127405	0.099665344	-0.65667945	0.025836617	0.34727773	0.14270945	-0.2814061	-0.18347335	0.3343281	0.12302752	-0.38492653	0.006698255	0.26102364	0.1026391	0.2650338	-0.33985057	-0.13467254	0.21708205	0.06378448	-0.18026917	-0.19694765	0.05357016	-0.17269868	0.15105055	-0.59756726	0.39093718	-0.03575125	-0.058140747	-0.2975555	-0.41096148	-0.1339312	-0.12344439	0.21384728	-0.31438583	0.51660895	0.32565215	0.52726823	0.35424635	-0.20287019	-0.1917667	0.16652413	-0.3355858	0.1532173	-0.150813	-0.022249985	-0.5985687	-0.122457415	-0.18104757	0.14740591	0.3085101	-0.2436321	0.03869543	0.35288662
-0.6855593	-0.5911716	-0.69139254	0.46244174	-0.6070467	-0.77736783	-0.024116686	0.8394656	0.2835602	0.5443971	0.82865745	0.44295356	0.78337705	-0.74007064	0.78415865	0.73007	0.14622909	-0.7331464	-0.08213595	0.75435287	0.5648188	-0.089641266	0.19622773	0.6686556	0.7592311	-0.17128952	-0.5869344	0.60396135	-0.41748008	0.6779841	-0.7742585	-0.7815921	0.7389324	0.33156276	0.7178296	-0.8046735	0.503376	0.18375002	0.4273083	-0.5552308	-0.7278668	-0.21619573	0.490097	0.6937078	-0.4280952	0.8684214	0.6522147	0.8584954	0.80481553	-0.5373936	0.4150676	-0.21866582	-0.6260562	0.40603524	-0.7854115	0.6606084	-0.6185933	-0.7855752	-0.5458675	0.78426844	0.5465572	-0.72499734	0.6372196	0.08530426
0.16089264	-0.54959536	-0.5078177	-0.32041433	0.15460868	-0.25910714	0.15465498	0.407524	0.25504434	-0.18257348	0.0042293277	-0.24674605	0.3677415	0.28536507	0.51254594	0.09049771	-0.24303846	-0.31877753	0.29585382	-0.04638567	0.19103532	0.40572727	0.2627706	-0.054553274	0.40474528	-0.32241252	0.19107951	0.52172333	-0.34261173	0.47611192	-0.024970427	0.046611324	0.21143314	0.33753636	0.0045018164	0.15367812	-0.30574784	-0.08069785	0.28457886	0.1884907	0.20074812	0.17164755	0.5057083	-0.015292308	0.30236414	-0.20027852	-0.169271	-0.101357244	-0.030711925	0.21187428	0.4461935	-0.23440178	0.23478477	-0.068200216	-0.1524791	0.23987713	0.36376762	-0.4367342	0.10157542	0.3404369	-0.14641622	-0.35095683	0.018881274	-0.3829813
-0.48311436	0.46104938	0.27614397	0.40975857	-0.59067714	0.03100655	0.13617635	-0.467953	0.6804945	0.39295816	0.4793314	0.55732954	-0.52682096	-0.35443267	-0.5775146	-0.61353636	0.48885643	0.3996377	-0.3761623	0.45590717	-0.5899398	-0.45920476	-0.29864672	-0.5056296	-0.5791647	-0.03871316	-0.47968477	-0.41353363	-0.6372867	-0.47572255	-0.5087483	-0.50128305	0.43165633	-0.5203517	0.54794794	-0.3039378	0.41168445	0.5913881	-0.5906034	-0.42862323	-0.52011293	0.3322243	-0.507388	-0.6612844	-0.4616093	-0.3653961	0.37858173	-0.44183955	-0.4450613	-0.5644357	-0.48856804	-0.24984777	-0.4816086	-0.48792925	-0.49261343	0.57791287	-0.3616718	0.5322899	-0.50121397	0.20875098	0.47111315	0.5190653	-0.28964645	0.43651518
-0.20940332	-0.3229925	-0.332024	-0.033611007	-0.13673261	-0.39551115	0.04544722	0.4174198	0.19293985	0.07210973	0.39389715	0.07105318	0.337861	-0.1666979	0.46901044	0.16311735	-0.040635906	-0.27362648	0.09276059	0.31174612	0.18244743	0.115817726	0.16019803	0.18823664	0.4274556	-0.23960255	-0.1336108	0.27946177	-0.20498547	0.38141808	-0.25928476	-0.34628054	0.29728606	0.23416758	0.32727748	-0.14242443	0.050340634	0.12199347	0.25050566	-0.13292341	-0.26784712	0.052269973	0.3451005	0.086652055	-0.05341656	0.22185425	0.112496875	0.28815925	0.26091585	-0.15568946	0.23889554	-0.17914629	-0.06494782	0.04164532	-0.39460737	0.3141631	-0.08632175	-0.38880065	-0.19754861	0.40786064	0.15719627	-0.33932194	0.16362272	-0.12875815
0.036417633	0.17647837	0.23756501	0.21005565	0.120253906	0.20725939	0.12316021	-0.2578943	-0.26878172	-0.01705378	-0.14385584	0.02725044	-0.16462658	-0.19718489	-0.22712053	0.09259407	0.099713355	0.08092349	-0.116577074	-0.1384867	-0.04709182	-0.20217283	-0.040542692	0.018987572	-0.15073934	0.2521387	-0.045726467	-0.20382865	0.16481844	-0.20562936	0.13169079	0.17480671	-0.20811386	-0.20264037	-0.115711115	-0.09964822	0.14431511	-0.072120376	-0.106314756	-0.016001195	0.07052832	-0.13247004	-0.21103494	0.13810961	-0.08964989	0.087320626	0.03684988	-0.057958227	-0.0853118	0.033828035	-0.24005073	0.04853847	0.028375661	0.030717349	0.10548025	-0.14546297	-0.17635494	0.21725315	0.043330338	-0.25301582	0.016162405	0.08042758	-0.08661758	0.16070254
0.31490654	0.16532442	0.24466752	0.044658657	0.44541615	0.2083085	0.2517813	-0.025390722	-0.45905918	-0.32473302	-0.34187055	-0.40588546	0.06051114	-0.018936701	-0.066103585	0.5577952	-0.28075925	-0.17995484	0.20371847	-0.32679632	0.32982236	-0.04041378	0.29599985	0.0659276	0.15809987	0.10281623	0.41450286	-0.21587938	0.41648424	-0.030170377	0.36038965	0.36989105	-0.28164145	0.117941804	-0.34978294	-0.136677	-0.27421954	-0.39867076	0.31960994	0.26855427	0.37708652	-0.082089424	0.09322254	0.5217523	0.3081419	0.06400313	-0.2937459	0.09998465	-0.10709464	0.4785776	-0.0059384825	0.278321	0.35279927	0.17148668	0.36940065	-0.44570744	-0.15336084	-0.16802375	0.35977402	-0.27084565	-0.36918667	-0.24819906	-0.24868086	0.090333425
-0.68974966	-0.49426717	-0.51201296	0.54369235	-0.5828496	-0.50998497	-0.048441194	0.5322487	0.12554803	0.5370985	0.62116235	0.4964527	0.61198646	-0.71722245	0.6098132	0.546655	0.25335863	-0.5144187	-0.22498976	0.6296369	0.27150464	-0.254203	0.008258534	0.61530024	0.5491676	0.016212871	-0.62099004	0.41170967	-0.41145077	0.48261634	-0.65630525	-0.62733555	0.50916946	0.17240925	0.61198074	-0.6897594	0.5859216	-7.861958e-05	0.24967974	-0.58862096	-0.69818455	-0.51521504	0.39881188	0.5657153	-0.461478	0.6954284	0.5681774	0.59477365	0.654994	-0.5267294	0.27062926	-0.37762818	-0.5599522	0.53772765	-0.6249858	0.5224507	-0.6283871	-0.65084416	-0.51839834	0.60720944	0.60672534	-0.553046	0.5447321	0.15361792
0.1294116	-0.28462264	-0.24430488	-0.23528668	0.13076343	-0.05804775	0.090925045	0.16818014	0.038920306	-0.19978665	-0.038538132	-0.09216162	0.1240247	0.24273251	0.18371488	0.06619964	-0.09852713	-0.12731948	0.12557457	-0.14750904	-0.07423722	0.30939454	0.093729205	-0.029921928	0.21302436	-0.1244769	0.16250779	0.32615632	-0.30205584	0.16963728	-0.06871283	0.08128466	0.06866589	0.12418079	-0.028683925	0.141116	-0.21997543	-0.16586454	0.1320615	0.08092513	0.26079696	-0.0038280755	0.2418942	0.009636706	0.18774463	-0.227316	-0.09138358	-0.19015425	-0.037625916	0.16068189	0.28582463	-0.27246207	0.24371341	-0.012388233	0.004830545	0.061494894	0.28210902	-0.1373935	0.008330223	0.20653135	-0.054957174	-0.11580862	0.017068636	-0.33325958
0.19845086	0.21424106	0.19212317	0.17329648	0.19326302	0.08257235	0.2824298	-0.0029034487	-0.30012432	-0.09500224	-0.096901454	-0.2117315	-0.12761986	-0.21109709	-0.17378294	0.2917662	-0.13052875	-0.2054656	0.07544721	-0.07648507	0.12122124	-0.21226649	0.19879867	-0.04971948	0.054759827	0.18706623	0.11070555	-0.27943516	0.2714493	-0.10739166	0.17837736	0.16714492	-0.059275318	-0.035068408	-0.26355273	-0.21714073	-0.03720106	-0.14891931	0.17296603	0.15819617	0.045826837	0.06647208	-0.11176788	0.19200546	0.00696438	0.12236765	-0.105803184	0.17752068	-0.05061953	0.16482411	-0.09274611	0.2929983	0.022940971	-0.037919626	0.14485294	-0.24407507	-0.2015738	-0.09645035	0.1891089	-0.17083983	-0.122870445	-0.12969576	-0.22823116	0.2513286
-0.3130193	0.4526062	0.38726503	0.38406253	-0.40376887	-0.13182344	0.29080442	-0.39687708	0.6711338	0.36565453	0.38385877	0.39543593	-0.55103385	-0.44782835	-0.5373197	-0.5273947	0.33727705	0.1954543	-0.18694165	0.43974578	-0.43297702	-0.48778844	-0.12416299	-0.54988366	-0.48679438	-0.030163236	-0.435766	-0.55198675	-0.35412642	-0.3976788	-0.4065812	-0.4647759	0.49986136	-0.4168429	0.42495486	-0.45997706	0.29491913	0.64015853	-0.40132073	-0.3248284	-0.4781787	0.49052745	-0.46858734	-0.60463405	-0.36230132	-0.17634857	0.2957023	-0.20243089	-0.45143354	-0.46632168	-0.47792265	-0.04532086	-0.4474285	-0.55421656	-0.4781848	0.4821188	-0.4366344	0.424178	-0.36799356	0.21805744	0.3765642	0.34663394	-0.38984165	0.5225647
0.39199492	-0.34699398	-0.448487	-0.44857508	0.20075135	-0.22548304	0.34355587	0.375518	0.3372959	-0.33794147	-0.14782126	-0.33456734	0.14196911	0.44293547	0.33358344	-0.1744492	-0.35743028	-0.27421907	0.32326645	-0.2517785	0.0038134686	0.39816982	0.3108456	-0.35404122	0.3103407	-0.4119567	0.37862414	0.32562634	-0.28283632	0.36018193	0.045317613	0.17483652	0.3008282	0.37337562	-0.110583104	0.30549243	-0.3573985	0.05170137	0.2660033	0.30125648	0.3104239	0.33372822	0.37704527	-0.30789325	0.3601081	-0.48240966	-0.3296156	-0.37573665	-0.35888302	0.26829675	0.38437265	-0.1417032	0.3323185	-0.36759156	-0.08314121	0.23423697	0.42645004	-0.34714565	0.24516316	0.3515849	-0.32529095	-0.24907729	-0.23454642	-0.23913476
-0.090809576	-0.17393075	-0.31469378	-8.23131e-05	-0.15573372	-0.26749447	0.18042253	0.22384515	0.33780396	0.051057626	0.26496738	0.13219684	0.08318245	-0.03611962	0.13936742	-0.021881372	-0.0567982	-0.19273262	0.06490374	0.2363734	-0.07845394	0.0059154206	0.08944708	-0.04392481	0.17056932	-0.18541019	-0.1304381	0.10078469	-0.37298194	0.24311441	-0.30020264	-0.2658831	0.34003225	0.10544352	0.32688054	-0.09327242	0.03678118	0.1788278	0.08824152	-0.08322613	-0.22099675	0.13184164	0.029724963	-0.16755442	-0.07623844	0.016001223	0.09074489	0.06317686	0.07218602	-0.19170798	0.1362586	-0.20628513	-0.1004734	-0.15418582	-0.36773378	0.35528713	-0.067008	-0.23644473	-0.23147707	0.36693725	0.044961236	-0.2099939	0.03537882	0.012151082
-0.081206575	0.1939504	0.061040387	0.14321975	-0.20574005	-0.07999217	0.21980062	-0.060852684	0.32516584	0.015578441	0.12577468	0.20394874	-0.3082018	-0.10724708	-0.22114857	-0.31823412	0.13203613	-0.013598473	0.023172459	0.18829307	-0.23028788	-0.14853574	0.0022341951	-0.33692202	-0.1575739	-0.11848792	-0.15830828	-0.23548688	-0.19405647	-0.16910742	-0.2280886	-0.24436685	0.24247442	-0.106574446	0.22674681	-0.19829628	0.083552666	0.31598553	-0.19274615	-0.07691375	-0.2468031	0.22421941	-0.2594853	-0.35178173	-0.15121976	-0.19283406	0.07582969	-0.09733438	-0.23552297	-0.2452927	-0.15876795	-0.06828374	-0.16959573	-0.24994367	-0.26909226	0.2358475	-0.10313116	0.1054754	-0.22460167	0.15337119	0.13825104	0.07660623	-0.1817873	0.23391409
0.024094597	-0.009237822	-0.015716633	-0.023338435	-0.021050654	0.113726884	0.17241633	-0.13211812	0.25862938	-0.053383622	-0.028831767	0.038749944	-0.20900403	0.066515416	-0.19635053	-0.26427206	-0.014009392	0.11688622	0.015396673	-0.049726702	-0.26378596	0.041657817	0.021214347	-0.23849174	-0.14934407	-0.1822263	0.031740285	-0.037829567	-0.2430141	-0.07868723	-0.076667376	-0.005815323	0.078992054	-0.06903391	0.03282416	0.08736819	-0.056982655	0.16276994	-0.11137158	0.051539987	0.008473653	0.1222173	-0.12035266	-0.3242676	0.031449124	-0.29472297	-0.004564614	-0.26979432	-0.27388528	-0.066473566	-0.0070681977	-0.091829464	-0.000954512	-0.13357487	-0.10191494	0.1712428	0.08588751	0.13052061	-0.055483043	0.029543716	-0.038622007	0.11700177	-0.109803565	0.054872632
0.30670574	0.088603735	0.13950495	-0.14512303	0.3144112	0.216402	0.15933847	-0.08181381	-0.15567341	-0.28127053	-0.3072488	-0.2759578	-0.025810026	0.1895403	-0.10235471	0.14373283	-0.20192617	-0.04053039	0.21332747	-0.31850034	0.15099396	0.10197813	0.19612859	-0.06318674	0.063151315	-0.013084881	0.23919371	-0.071999505	0.15731457	-0.01896368	0.24165644	0.32501486	-0.12624364	0.07304564	-0.27577543	0.060097743	-0.2620626	-0.102558136	0.21048415	0.22465542	0.36754513	0.0009933859	0.09162285	0.17498685	0.23161325	-0.13548195	-0.2129581	-0.16880254	-0.14157835	0.28378445	0.09542038	0.15492472	0.32691938	-0.008869949	0.20078646	-0.22636516	0.15805043	-0.10434912	0.2096331	-0.15246287	-0.20207506	-0.12180883	-0.18315914	-0.052718394
0.2780182	-0.12507337	-0.06752257	-0.30690318	0.33833525	0.055395126	0.10309184	-0.005871903	-0.037220243	-0.26655617	-0.31206656	-0.32210585	0.1456494	0.29705077	0.14453608	0.116512425	-0.26012212	-0.05218907	0.2403947	-0.3611943	0.13570377	0.31477565	0.10082709	0.03133753	0.16202505	-0.12265177	0.30031976	0.1868488	0.075233184	0.16519125	0.32686567	0.2906171	-0.19324857	0.23024273	-0.31554928	0.293229	-0.25474465	-0.19817331	0.21931973	0.21478923	0.39756605	-0.008999165	0.3217661	0.11031306	0.37865487	-0.22184016	-0.27942103	-0.21054853	-0.15426624	0.40190926	0.2386883	0.00602847	0.4474602	0.095057085	0.19492064	-0.1243471	0.36715797	-0.078822196	0.30588645	-0.096690685	-0.32509476	-0.12400661	-0.076980084	-0.31486186
-0.015838834	-0.20136304	-0.21883324	-0.0448128	-0.049986172	-0.20083775	0.09282829	0.22329824	0.20684971	0.026545856	0.14889279	0.06324817	0.028800165	0.012989097	0.1243294	-0.044294704	-0.044104632	-0.14499745	0.0948591	0.11551793	-0.11623531	0.112246074	0.044112977	-0.02453828	0.103147216	-0.19503756	-0.04280143	0.10392667	-0.1846688	0.20618248	-0.15413624	-0.11202498	0.22089858	0.074937865	0.16145158	-0.014989488	-0.013328199	0.08727454	0.050575215	-0.024223326	-0.08556785	0.08913248	0.13450283	-0.09771778	-0.029473742	-0.014299492	0.059691086	0.033207327	-0.014568129	-0.116455406	0.15805003	-0.14902513	-0.03930438	-0.066289805	-0.23087424	0.21502791	0.044181187	-0.09567948	-0.14365809	0.20887811	0.077884085	-0.11389906	0.051072583	-0.08365785
0.031777598	0.0074522616	0.08642859	0.14681192	0.09516327	-0.041391153	0.13759977	0.13673134	-0.25337937	-0.017000137	0.030246982	-0.043965038	0.2178073	-0.21267867	0.090682745	0.49208334	-0.07390472	-0.16936484	0.08475967	0.06212199	0.20695378	-0.07823527	0.15864766	0.1527006	0.18259883	0.08000052	-0.008438137	-0.038082592	0.16395804	0.12582205	0.02829016	-0.014873661	-0.0052562845	0.040904053	-0.049195983	-0.2389021	0.07499368	-0.20440657	0.13252865	-0.011670822	-0.014462985	-0.044775676	0.061942868	0.42183357	-0.022252832	0.25069702	0.040757626	0.18211836	0.15698738	0.098720305	-0.033885486	0.12755585	0.031973537	0.12199137	0.0067754798	-0.10309068	-0.16373633	-0.19201133	0.0089679	0.050486032	-0.04088893	-0.236217	-0.06776865	0.099179216
-0.3195795	0.0048703784	0.089117646	0.23137338	-0.124478616	0.21199699	-0.29697543	-0.34281462	-0.18133979	0.35135502	-0.03753358	0.28692767	0.03855833	-0.0680245	-0.07299592	0.0050870036	0.33481374	0.37775242	-0.40899926	-0.008891863	-0.14038858	-0.16212782	-0.32727465	0.24159425	-0.30872762	0.27942702	-0.29109457	-0.042008474	-0.12389093	-0.18611327	0.064452775	0.024010582	-0.23866534	-0.32932937	0.060454078	0.1306556	0.35293296	-0.23499304	-0.35224357	-0.3090564	-0.0217524	-0.3417291	-0.16944788	0.08973627	-0.27184328	0.15719214	0.3533888	-0.14882848	0.21793066	-0.0640056	-0.14776948	-0.26168036	0.0048812507	0.25363222	0.080625385	-0.12925611	0.037724007	0.37509283	-0.18464403	-0.23063093	0.2782186	0.3016843	0.19512713	-0.09547092
-0.14698645	0.32766184	0.28205055	0.39992198	-0.15963523	0.046415225	0.2525696	-0.17520106	0.072618864	0.23607914	0.17479584	0.14487453	-0.3343772	-0.46248183	-0.3724686	-0.13075401	0.12165545	-0.05394858	-0.12887901	0.24112672	-0.09768906	-0.3930474	0.12173995	-0.23971477	-0.20254071	0.17630926	-0.25104555	-0.43477058	-0.009299555	-0.26506707	-0.13387805	-0.23668788	0.2396115	-0.34013546	0.11940701	-0.5027533	0.23711012	0.31180263	-0.14918493	-0.14859238	-0.33197942	0.26696074	-0.3524461	-0.2238161	-0.27743354	0.16411035	0.12509724	0.16452946	-0.26323646	-0.25547147	-0.3386873	0.13769382	-0.3548108	-0.3091594	-0.13959356	0.17249404	-0.5756044	0.1887186	-0.1957623	-0.013866046	0.1350148	0.06957019	-0.30041796	0.43926254
0.12100393	0.15281846	0.21160279	0.3551632	0.15987132	-0.07999943	0.47366557	0.27334088	-0.23035371	0.009112741	0.16327295	-0.22053243	0.1625597	-0.54686576	0.016062269	0.6220017	-0.33033887	-0.57212484	0.2654843	0.1549895	0.4278188	-0.34863997	0.46669063	0.16447268	0.2702695	0.09807869	0.020634832	-0.23882352	0.28757304	0.12274306	0.03968893	-0.038998585	0.079604596	0.14709185	-0.050277743	-0.61475384	0.02497686	-0.073063046	0.44456533	0.14317755	-0.22670925	-0.03033935	-0.011603586	0.54854286	-0.0041725067	0.40026808	-0.03737469	0.49567267	0.22618242	0.13520078	-0.021002466	0.35877582	-0.08241131	0.0892544	-0.09107283	-0.09688174	-0.59341323	-0.4107261	0.101181865	0.03791028	-0.07974916	-0.5068179	-0.23769066	0.36392584
-0.025417201	0.041350443	-0.035882425	0.03500515	-0.08265744	-0.018960528	0.12325011	0.00030008392	0.096108235	-0.0063787573	-0.00422209	0.08501055	-0.15051839	0.12780942	-0.1253722	-0.110360615	0.042344723	0.023283906	-0.02200241	-0.0073497524	-0.1667057	0.017435567	-0.037801642	-0.14692703	-0.017865324	-0.020703716	-0.060412087	0.015191037	-0.15225361	0.017936723	-0.051305857	-0.016735466	0.059314292	-0.053627927	0.09751514	0.025700195	-0.019891834	0.08821402	-0.015752006	0.026084853	0.03759011	0.035038836	-0.057658084	-0.08601614	0.03594104	-0.15303403	-0.041659962	-0.1925406	-0.18485327	-0.030191587	-0.024370676	-0.1601702	0.0039410517	-0.086943544	-0.04182495	0.052613117	0.032110058	0.035765547	-0.090297066	0.025483051	0.009251068	0.029080179	-0.10423753	-0.00036346246
-0.49226144	-0.48539698	-0.10157151	-0.14041531	0.0017260875	0.5325787	-0.5398616	-0.548933	-0.5276727	0.40623552	-0.6090856	0.45854932	0.53579813	0.6039471	0.22948223	0.1426438	0.55129194	0.54731965	-0.5867378	-0.5581489	-0.21462879	0.38772765	-0.5936805	0.6708686	-0.4591619	0.39268187	-0.23997319	0.43027753	-0.34035796	-0.31583259	0.4203554	0.5363403	-0.6759513	-0.31354344	0.004905318	0.68681717	0.48034838	-0.7290165	-0.52028733	-0.5142557	0.79720277	-0.60093296	0.34154388	0.64727086	-0.12380659	0.07420841	0.5343058	-0.68990386	0.5799014	0.2871868	0.14299864	-0.5144157	0.6470693	0.56570524	0.48002657	-0.45699438	0.6298098	0.6057691	-0.03403966	-0.5140754	0.41702816	0.62410414	0.5268762	-0.64074606
0.06983706	-0.06651363	-0.09990292	0.073456645	0.05805042	-0.26704216	0.31796366	0.35198832	0.012305846	-0.038802315	0.20807149	-0.17256443	0.1890104	-0.21286197	0.24778983	0.37440413	-0.2032182	-0.49459016	0.31652418	0.1897907	0.3389226	0.026905887	0.3260628	0.05909389	0.3899733	-0.09198156	0.07715511	0.122704834	0.06592486	0.26814267	-0.14375746	-0.20606335	0.27748865	0.18023632	0.04770978	-0.36498085	-0.011777057	0.034640163	0.3553487	0.017932765	-0.15236512	0.108071186	0.15873697	0.20178562	0.046128068	0.2110522	0.025210954	0.2812468	0.17466937	0.030939609	0.100761	0.19100046	-0.015038195	-0.040889163	-0.17602555	0.11944506	-0.22424777	-0.39943522	0.013157571	0.24861844	-0.014390016	-0.45960712	-0.109423295	0.132587
0.1986784	-0.43468994	-0.4102064	-0.2869524	0.15292183	-0.31690624	0.21541992	0.4609061	0.25250933	-0.20601057	0.06800488	-0.22958586	0.444949	0.20064066	0.41815335	0.15762077	-0.28161377	-0.40385154	0.25115776	-0.07888077	0.23742726	0.3172421	0.2899367	-0.024341123	0.46549252	-0.28006542	0.27778995	0.3957349	-0.17562227	0.4046305	-0.096543886	0.043711595	0.30319944	0.35776198	0.026073212	0.10413857	-0.22634271	-0.034475103	0.3286838	0.16462564	0.17792282	0.14557561	0.47521314	0.16131866	0.2763365	-0.085936934	-0.15681054	-0.0161268	-0.008246967	0.1760707	0.42351443	-0.15784675	0.22876078	-0.13058285	-0.19519554	0.21902873	0.22330935	-0.38144216	0.072502576	0.36869958	-0.14377126	-0.3431294	-0.020854348	-0.32369593
-0.32931748	-0.2023204	-0.26699534	0.2972979	-0.17822535	-0.30531475	0.03693638	0.34477913	-0.024353987	0.30738312	0.39772627	0.20022891	0.3961059	-0.40686256	0.45708916	0.4648036	0.0019782153	-0.24447122	-0.02667523	0.37237924	0.19987501	-0.017614976	0.05437575	0.38459772	0.42608362	-0.009368557	-0.26550868	0.25147265	-0.058974355	0.35063434	-0.25033802	-0.3309881	0.169758	0.21112736	0.4095874	-0.32578096	0.3207045	-0.082598045	0.16905862	-0.30249944	-0.36490417	-0.13247184	0.24786413	0.37438467	-0.20423654	0.6049764	0.4099984	0.42269945	0.5415964	-0.1509672	0.14830111	-0.1572339	-0.307747	0.16957831	-0.2701422	0.16605967	-0.30563423	-0.29014972	-0.25067857	0.34442225	0.26580778	-0.2854611	0.3142977	0.03937374
-0.0049968096	-0.11168964	-0.017660871	-0.05645843	-0.012889355	0.09020205	0.03907268	-0.11770363	0.06862758	-0.0065022744	-0.04420412	0.05389918	-0.030604267	0.093438916	-0.03886734	-0.10592561	0.08019997	0.05403873	-0.063296095	-0.035035897	-0.15936439	0.051521562	-0.08812856	0.011364475	-0.079361	-0.059364613	-0.02313832	0.07879769	-0.16799101	0.029893162	-0.014141772	0.03893243	0.013195786	-0.018293327	0.01742222	0.071248956	-0.03006975	-0.036957104	-0.0767889	-0.03237276	0.045664992	-0.08140273	-0.030905785	-0.0053609936	-0.014800749	-0.079952545	0.07576302	-0.1441164	-0.011185931	-0.036926553	0.025591807	-0.17109513	0.051486097	0.060671594	-0.05044298	0.04350294	0.13880889	0.108218804	-0.11012753	-0.035003424	0.058923226	0.094480194	0.063509166	-0.10674097
0.12146267	0.0843687	-0.0041489694	-0.025083879	-0.014954392	-0.030613312	0.27743328	0.00075848814	0.37837052	-0.092543215	-0.06601605	-0.047222678	-0.35730955	0.121883094	-0.20129341	-0.3723284	-0.06574993	0.011950263	0.16545773	0.026488459	-0.17579669	0.03828227	0.20308463	-0.4125805	-0.10656956	-0.28298768	-0.013219972	-0.08511926	-0.21589501	0.0143679	-0.10758049	-0.014926629	0.31227097	-0.021542387	-0.022752123	-0.0025229899	-0.16795212	0.35656777	-0.008091259	0.1185604	-0.027352406	0.23048045	-0.08132667	-0.43864778	0.007288651	-0.29735646	-0.12438982	-0.26600006	-0.39670572	-0.06136407	-0.0041978867	0.025590494	-0.033177763	-0.2610522	-0.10208127	0.26250565	0.0827719	0.10245531	-0.025701858	0.070758455	-0.13278519	0.030196358	-0.2649496	0.060727477
0.26224107	-0.025492772	0.08541553	-0.17773438	0.36326602	0.1651754	0.1455025	0.043212716	-0.20857596	-0.23140976	-0.25533617	-0.27639103	0.16951026	0.15185142	0.06934349	0.3041592	-0.26982588	-0.15544425	0.23912707	-0.26046124	0.27374604	0.16066344	0.1782284	0.12739152	0.13796392	-0.043650124	0.2520337	0.0010515555	0.19770594	0.055409797	0.22935113	0.32101694	-0.15080671	0.18627372	-0.31262037	0.06643801	-0.21616508	-0.30576316	0.22214314	0.24922347	0.36945885	-0.13247226	0.19734722	0.28764832	0.33690086	-0.069329105	-0.2995317	-0.121759966	-0.015492425	0.4140863	0.17240408	0.08262322	0.32936466	0.17992389	0.21647787	-0.26944888	0.14771274	-0.1030194	0.2666562	-0.16891108	-0.22089055	-0.1968438	-0.12518981	-0.16735986
-0.6065255	-0.49914598	-0.53039926	0.5173146	-0.5138623	-0.47803724	0.022089386	0.60815597	0.1448854	0.47104162	0.5768667	0.44257942	0.6214232	-0.6441375	0.6643128	0.5504346	0.17925633	-0.5609457	-0.20955962	0.5567404	0.3465808	-0.13066387	0.07545833	0.514936	0.5647525	-0.10466842	-0.5491724	0.4974021	-0.40223348	0.5164421	-0.59881204	-0.5370365	0.5601441	0.24753535	0.5799493	-0.57757634	0.48883846	0.017455025	0.35026056	-0.5127497	-0.5301594	-0.4921787	0.42568162	0.47562972	-0.45010003	0.67634636	0.5960302	0.59580696	0.5865809	-0.4320803	0.36252278	-0.37378696	-0.49204487	0.41651934	-0.5749365	0.49713942	-0.48098856	-0.6151049	-0.42165324	0.5233821	0.4911952	-0.576128	0.52010995	-0.060052354
0.055433728	-0.098685	-0.17220354	-0.10781022	-0.060876597	-0.24310131	0.28963166	0.2074935	0.49497038	-0.11744736	0.17750672	-0.050426476	-0.12778823	0.046350382	0.0041922065	-0.19029185	-0.11817357	-0.18013047	0.17902409	0.086545326	-0.15937042	0.028600557	0.2630934	-0.25651526	0.04752673	-0.24393484	0.021288974	0.053276684	-0.28304413	0.15979289	-0.25646424	-0.15781853	0.43916884	0.11427361	0.1878431	-0.14228104	-0.08220612	0.39840662	0.11146192	0.11703415	-0.12464048	0.33262664	-0.0192561	-0.2906371	-0.023911612	-0.17685387	-0.1001883	0.014136944	-0.19164819	-0.15776685	0.020153929	-0.0346579	-0.0540018	-0.3096953	-0.22673593	0.32332286	0.08364615	-0.092848495	-0.1177553	0.26307255	-0.019102585	-0.12577114	-0.21654327	0.10391205
0.09112431	0.22318116	0.17805812	0.08853212	0.01997351	0.03771373	0.1720035	-0.10437358	0.13968179	-0.0045835692	-0.04941464	-0.01708707	-0.24748841	-0.13737002	-0.21034174	-0.035832334	-0.028732264	-0.0038616604	0.024391545	-0.027469158	-0.108081	-0.13748887	0.06313798	-0.23435289	-0.13604413	-0.022737911	-0.07198245	-0.18300074	0.0019188202	-0.11543851	-0.08984895	-0.08997073	0.12132192	-0.14064553	0.037954632	-0.17203422	-0.032365136	0.22790915	-0.07489606	-0.007009794	-0.0418112	0.17258902	-0.14266758	-0.1756806	-0.110874616	-0.16199057	-0.07786587	-0.105053484	-0.18085802	-0.08111997	-0.17828259	0.1297132	-0.11768417	-0.10540789	-0.043585654	0.089105524	-0.12012063	0.11564176	-0.090542264	-0.026583107	-0.03356781	0.06200452	-0.25755832	0.13485698
0.18070038	0.10719584	0.08465862	0.023549765	0.16958848	0.08194504	0.1810659	0.015048006	-0.11265327	-0.13574485	-0.12951231	-0.108895786	0.015054559	-0.08226542	-0.0087801125	0.1701168	-0.14530516	-0.20581196	0.11256801	-0.05288271	0.16371338	-0.07384376	0.21094087	-0.07134531	0.07829517	0.023958497	0.12537503	-0.07767566	0.17813405	0.04862993	0.07665742	0.11731385	0.00638072	0.108296774	-0.097042926	-0.1037469	-0.07374801	-0.064825125	0.16822976	0.14387757	0.06872785	0.05021414	0.010501996	0.13083707	0.083093405	0.03554836	-0.109255135	-0.0065975464	-0.0028289033	0.16670546	-0.039905105	0.20766884	0.053982858	0.008265257	0.08537707	-0.10103761	-0.13911468	-0.1793261	0.11690607	-0.11600598	-0.13068597	-0.2051202	-0.17998087	0.05242832
0.1839784	0.089552775	0.07324587	0.057365794	0.16774769	-0.037091456	0.23904046	0.0964841	-0.06717872	-0.07436903	-0.02395454	-0.11882193	-0.014615207	-0.04694923	-0.065655775	0.11327341	-0.132968	-0.17004645	0.13230585	-0.015155701	0.108249746	-0.08492132	0.23343733	-0.09129491	0.07586155	-0.07005492	0.05907041	-0.08694	0.14761391	0.067562886	0.046073277	0.03150093	0.07553749	0.14260127	-0.07175233	-0.113077454	-0.05838281	-0.0039104847	0.23110373	0.090556614	0.026419297	0.08158973	-0.036295727	0.048600513	0.06551956	0.02211149	-0.10637794	-0.0091231065	-0.08105811	0.123120636	0.04007722	0.12494476	0.08115599	-0.015081806	0.04845155	-0.04123811	-0.06513757	-0.15469877	0.048057776	-0.030997049	-0.14084564	-0.20819114	-0.20512286	0.091167435
-0.17836285	0.20935604	0.20298196	0.3684479	-0.17539486	-0.08076167	0.13672951	-0.025653787	0.1317683	0.21716203	0.25406557	0.21203141	-0.18399496	-0.37369174	-0.24766956	-0.106989436	0.11329678	-0.06451759	-0.13457361	0.27095553	-0.13080522	-0.29660788	0.0091179935	-0.20457904	-0.16135603	0.11605881	-0.20710711	-0.24570575	-0.05854357	-0.1434836	-0.18886994	-0.21458584	0.12817341	-0.19688144	0.2364552	-0.3114639	0.22654124	0.18447177	-0.12274929	-0.17388497	-0.2233804	0.074007414	-0.31227875	-0.16307107	-0.22635035	0.18980037	0.16111983	0.090160236	-0.075474456	-0.22013316	-0.28893113	-0.02404406	-0.2577704	-0.14440581	-0.18932717	0.11382841	-0.38956302	0.099112205	-0.2098869	0.073033005	0.18298672	0.04415677	-0.19219927	0.27365556
0.36493456	0.54166144	0.5705407	0.51691574	0.39783368	0.43887722	0.27578324	-0.29806885	-0.5899713	-0.24429527	-0.41333124	-0.3310723	-0.3238785	-0.56249714	-0.51910836	0.4507359	-0.19386819	-0.15704851	0.1722961	-0.32760715	0.34777132	-0.56894	0.3378095	-0.07588467	-0.30662343	0.48063758	0.2589285	-0.54444844	0.56687325	-0.41022554	0.3950967	0.3336748	-0.38391167	-0.32276207	-0.47318238	-0.47085297	0.004265702	-0.3317846	0.15907897	0.29194474	0.15408765	0.055571683	-0.43089265	0.43149614	0.06136036	0.33358905	-0.30766165	0.27231145	-0.25612763	0.33165443	-0.4385977	0.4680511	0.07723821	0.024120916	0.37779146	-0.4520943	-0.6125931	0.058078926	0.32283613	-0.5359827	-0.25821087	-0.102910005	-0.342999	0.40873635
-0.21106532	0.22373217	0.1810245	0.31445542	-0.23010181	-0.037864897	0.124505095	-0.15901424	0.15105194	0.33008945	0.17392719	0.2959918	-0.23168015	-0.3341291	-0.21826614	-0.16621879	0.19760229	0.14418967	-0.25079018	0.21256728	-0.17846455	-0.32333207	-0.08913067	-0.14770511	-0.24248667	0.096598655	-0.3005298	-0.26351827	-0.061315678	-0.13579981	-0.21108876	-0.21786852	0.18296856	-0.25245222	0.20722604	-0.3220299	0.31748196	0.2362037	-0.26475087	-0.20760812	-0.26249662	0.10505383	-0.25047407	-0.20080277	-0.28579575	0.14504859	0.3012338	0.0032039713	-0.121677734	-0.2964531	-0.26509252	0.010279221	-0.311557	-0.20028073	-0.19573721	0.16324848	-0.33603615	0.26566648	-0.22704367	0.0640978	0.2894449	0.11406979	-0.16792059	0.17815498
-0.11072048	-0.1765495	0.014976513	-0.024233755	0.15228368	0.32536358	-0.23172107	-0.22993593	-0.4325132	0.008408463	-0.37229076	-0.01051371	0.30882326	0.19112402	0.14315078	0.3544914	0.15187885	0.18343472	-0.26197016	-0.37280393	0.1013955	0.1310057	-0.24482602	0.30464727	-0.056576435	0.22707695	0.07006369	0.19555874	0.09714737	-0.04801241	0.29243726	0.34600627	-0.37807614	-0.039373334	-0.17311469	0.25750875	0.1236793	-0.43186927	-0.15123254	-0.1296655	0.2963672	-0.3966764	0.24647747	0.45351532	0.1133281	0.08911756	0.17063148	-0.237784	0.272563	0.25660768	0.062932	-0.12610081	0.36206824	0.39438263	0.36361164	-0.32308814	0.27999973	0.21233732	0.16263723	-0.29820302	0.101608485	0.21730505	0.24947579	-0.31000647
-0.078522615	-0.016917296	-0.06148274	0.04254727	-0.21168284	-0.20236406	0.07457572	0.16373554	0.19409785	0.13444033	0.17584933	0.12663059	0.020361602	-0.16959438	0.02825536	-0.073989	0.058909148	-0.09522337	0.05593116	0.22410631	-0.06416047	-0.08657788	0.03200186	-0.12177426	0.023078917	-0.08060005	-0.1694288	0.015975174	-0.18715768	0.115258776	-0.20345381	-0.222719	0.17838007	-0.04860677	0.23966691	-0.16487302	0.10031699	0.19047263	-0.023965806	-0.064505614	-0.16482347	0.107842155	-0.013417779	-0.075471595	-0.12786847	0.11872303	0.088567495	0.060707558	0.0020528936	-0.12783948	-0.03199758	-0.102089085	-0.123029135	-0.12180805	-0.22581099	0.23525195	-0.15668073	-0.071570374	-0.16474178	0.25202972	0.14568387	-0.00044426514	-0.038221646	0.07560908
0.19422336	-0.06408925	-0.09843911	-0.10429852	0.18272726	-0.078015305	0.1021486	0.10833839	0.014194246	-0.19801763	-0.07830882	-0.21219358	0.117433764	0.08796006	0.14986782	0.21449536	-0.17305404	-0.18792652	0.17555647	-0.059969608	0.16353211	0.1540503	0.16039275	0.030895323	0.16422905	-0.066195615	0.12880804	0.035881575	0.07830898	0.14385684	-0.0018395047	0.09696992	0.08432556	0.20139863	-0.09111934	-0.027873164	-0.09498198	-0.07256167	0.24463762	0.1083731	0.06266582	-0.011031969	0.19511807	0.1083673	0.19664624	0.015197406	-0.09331568	0.036702156	0.041102458	0.12873185	0.14671005	-0.025607651	0.13803543	0.003295617	-0.012704048	-0.030558275	0.030204082	-0.1670904	0.12321448	0.084670916	-0.11493814	-0.25580192	-0.03514409	-0.11392901
-0.084835045	-0.15522453	-0.10583085	0.09272736	0.05161533	-0.08875979	-0.10846071	0.12285706	-0.22954527	0.0933744	0.046924714	0.051644992	0.39749914	-0.14171395	0.26458502	0.584402	0.015293928	-0.107440285	-0.037741344	-0.010913846	0.34293675	0.04026433	-0.072802745	0.4482799	0.18885885	0.099654526	-0.050008167	0.13727032	0.13192795	0.15586416	0.10475791	0.086924486	-0.14521071	-0.0012989581	0.061723147	-0.097017534	0.13789457	-0.4330542	0.030515688	-0.19330177	0.06422993	-0.24667133	0.16760705	0.6158006	-0.035611015	0.34255642	0.18961415	0.21403997	0.3923106	0.18175691	0.064535156	-0.042547144	0.0709635	0.31165102	0.046738673	-0.18892129	-0.09088147	-0.09941062	0.0622293	-0.005800676	0.1190482	-0.08267087	0.1611213	-0.17186405
-0.1391727	0.21383277	0.14900945	0.33775377	-0.15036806	-0.13778812	0.17997213	0.00669917	0.19421722	0.17256221	0.25190437	0.1427486	-0.16220966	-0.38659564	-0.2011062	-0.08251106	0.12203255	-0.032971565	-0.020386765	0.21946673	-0.08317608	-0.36562878	0.11638223	-0.25146097	-0.109822996	0.053476583	-0.2460676	-0.2775252	0.0023186416	-0.14715436	-0.23871294	-0.25204113	0.2575322	-0.11669185	0.22117065	-0.3535066	0.13319126	0.32641506	-0.016395424	-0.091716975	-0.33879095	0.19850245	-0.24301182	-0.16014612	-0.16851613	0.18055303	0.09979176	0.11967869	-0.08819782	-0.23540668	-0.2258095	0.099875376	-0.32946867	-0.21235602	-0.20831028	0.20599116	-0.44191438	0.023502171	-0.20115916	0.13291489	0.12801486	-0.061550997	-0.1301313	0.3186721
0.09077682	-0.11660413	-0.12556843	-0.17681438	-0.016207106	-0.13003057	0.23832093	0.2111249	0.41340947	-0.19112056	0.04622665	-0.026224896	-0.0017024219	0.22053413	0.054522343	-0.22575505	-0.15343411	-0.16968197	0.23330024	0.030567063	-0.11640783	0.15011011	0.13616015	-0.23011246	0.045902204	-0.23341829	0.10702028	0.12861213	-0.19083714	0.11978994	-0.090036266	-0.067340545	0.24565436	0.16927496	0.1128962	0.08192022	-0.20373812	0.31174588	0.16417757	0.08772358	0.05015287	0.22911596	0.19382867	-0.195756	0.09224205	-0.2731128	-0.12304391	-0.199724	-0.2302279	0.015407258	0.12490151	-0.10129864	0.079122685	-0.2265565	-0.1399445	0.20415655	0.22754665	-0.11338352	-0.037964966	0.16801289	-0.062473964	-0.0953614	-0.14467238	-0.09557336
0.24819355	0.45825624	0.5095682	0.37256402	0.22615948	0.497911	0.2292836	-0.41050974	-0.35565716	-0.16940698	-0.31604913	-0.20718718	-0.34742048	-0.33193797	-0.5285595	0.26986623	-0.08509087	-0.017655924	0.15305239	-0.27288544	0.11610016	-0.39788035	0.24937718	-0.2033121	-0.37102318	0.34079865	0.13659953	-0.54264224	0.42826644	-0.4843497	0.29357997	0.256573	-0.2702315	-0.27271447	-0.32999024	-0.29072383	-0.07715037	-0.13068405	0.13379465	0.2540692	0.16102995	-0.0108160265	-0.37437618	0.13434741	0.025043046	0.1572792	-0.21193638	0.041259076	-0.38008517	0.1818493	-0.43473592	0.40272266	0.09154736	-0.0064950334	0.3063701	-0.3948543	-0.45926377	0.17501618	0.24977334	-0.4614412	-0.22758937	-0.022289699	-0.33618188	0.33908007
0.2099995	-0.28744423	-0.14898118	-0.255919	0.29885945	0.08792025	0.10703053	0.012783631	-0.048505027	-0.17904359	-0.2943428	-0.2087566	0.14184193	0.3349713	0.15163414	0.052935492	-0.08410819	-0.08962553	0.07024566	-0.40979022	0.021010753	0.36039227	0.083274774	0.08208655	0.18765843	-0.12405231	0.25503	0.30038545	-0.09891895	0.16773607	0.2725718	0.2993758	-0.0917685	0.18302746	-0.2596434	0.33244902	-0.21166399	-0.37547055	0.13686435	0.12734416	0.40048668	-0.095074266	0.29715335	0.14060447	0.2928076	-0.28735635	-0.16663402	-0.31309703	-0.122447364	0.33826667	0.2865795	-0.1332146	0.401352	0.12508193	0.25003448	-0.16997233	0.3889612	-0.062363412	0.19551077	-0.042754162	-0.18568212	-0.042310394	-0.0496176	-0.3820242
-0.024305368	-0.14256908	0.015534174	-0.14621864	0.10771333	0.3714953	-0.08706368	-0.24866197	-0.19113085	-0.061916582	-0.3851486	0.032306165	0.03682765	0.3785634	0.023265328	0.08863292	0.04543507	0.14288887	-0.12646265	-0.40857738	-0.15197234	0.17565082	-0.07840962	0.19346318	-0.11163975	0.017862149	0.058664743	0.065344185	-0.06353525	-0.04972417	0.2740119	0.3288383	-0.3076106	0.016108835	-0.15921229	0.27078137	-0.044648282	-0.34543034	-0.14691538	0.0574635	0.44249752	-0.1830314	0.17822501	0.2406361	0.11142445	-0.19854705	0.01662987	-0.4896032	0.013457052	0.18893887	0.06560845	-0.12487882	0.36258465	0.21069735	0.34121582	-0.3018351	0.33944395	0.17951731	0.09812016	-0.23733364	-0.02900689	0.13009594	0.046834614	-0.2762964
0.10845005	-0.23175097	-0.30930737	-0.23750748	0.112528145	-0.14908607	0.10729401	0.1572039	0.20692858	-0.17271706	0.030740038	-0.11453567	0.06351951	0.2450048	0.19567813	-0.07774086	-0.13770337	-0.05363297	0.11922435	-0.040648993	0.015681492	0.26377538	0.12918623	-0.04330463	0.16502011	-0.22418237	0.20765908	0.281789	-0.25931972	0.22734737	-0.05803325	-0.039163884	0.18453968	0.23609868	0.028077621	0.24744084	-0.18385535	0.022840932	0.1231229	0.11180774	0.12137232	0.08875789	0.2792393	-0.08723037	0.23479947	-0.2644864	-0.12626523	-0.25815755	-0.052171398	0.1299465	0.27973533	-0.21301194	0.1878533	-0.01720843	-0.08779506	0.20820877	0.32955873	-0.18256997	0.060171485	0.15894976	-0.15361403	-0.1463163	0.01197401	-0.23394448
-0.15649483	-0.31836185	-0.34007853	-0.08603858	-0.08398339	-0.23189175	-0.006404275	0.31493667	0.040453482	0.13291533	0.22060326	0.070732206	0.3663658	-0.08409518	0.40017867	0.18498898	-0.008680156	-0.10904552	0.01932111	0.17469111	0.14208879	0.17235786	-0.0030343772	0.20276788	0.2958452	-0.07782579	-0.053727854	0.3464336	-0.18499695	0.3658732	-0.16115722	-0.13641997	0.1036451	0.14789458	0.26919565	-0.0446705	0.088944376	0.017840983	0.15509751	-0.10365179	-0.06651179	-0.06623065	0.33293512	0.15595219	0.06956718	0.17679204	0.12542163	0.23165187	0.22584309	-0.03659911	0.29725775	-0.13547796	-0.018843016	0.116317846	-0.25669166	0.107324965	0.057130385	-0.22277379	-0.100786306	0.28305423	0.12954773	-0.1510717	0.16950731	-0.17164256
-0.6298328	-0.50429744	-0.3746087	0.18304342	-0.32641214	-0.2954295	-0.2703856	0.2763134	-0.25481647	0.5238054	0.35809717	0.37717512	0.68121266	-0.32896966	0.51252145	0.6198343	0.30005848	-0.0974958	-0.25862983	0.33570924	0.28708658	0.12596132	-0.20441948	0.7203687	0.41616398	0.0850306	-0.43703	0.4502449	-0.1697171	0.33434078	-0.16923366	-0.2196086	-0.08047832	0.10680055	0.4473475	-0.07518963	0.5510991	-0.4236676	0.0023688963	-0.5101902	-0.16123617	-0.48769963	0.4225283	0.74191153	-0.2372783	0.62560296	0.6429278	0.37611476	0.7963331	-0.15941487	0.26854196	-0.35290444	-0.11632368	0.48921004	-0.24017607	-0.005102221	-0.15049246	-0.1477893	-0.29407507	0.22560884	0.46090457	-0.1537277	0.5369462	-0.3399329
0.22003771	0.29650497	0.3463496	0.3068567	0.17119226	0.08345761	0.27304155	-0.054644126	-0.19771959	-0.038142364	-0.015051746	-0.14977641	-0.22539063	-0.37384078	-0.19025318	0.17744245	-0.14461115	-0.14247136	0.1428609	-0.052591953	0.17446965	-0.37993723	0.2696846	-0.21423432	-0.064850196	0.23446254	0.104548246	-0.3352501	0.31385738	-0.11112729	0.113340095	0.0859851	-0.0021603857	-0.13137303	-0.1609297	-0.363395	-0.029504979	0.09896611	0.20857313	0.19991042	-0.04002665	0.17648871	-0.21995431	0.043590657	-0.004763259	0.14237812	-0.16893736	0.19303904	-0.1676819	0.13064027	-0.257448	0.3674907	-0.1458763	-0.13466956	0.02504922	-0.17656288	-0.4607115	-0.0761105	0.15405749	-0.15814598	-0.124590024	-0.21100214	-0.33378422	0.35392305
-0.037464872	0.08627479	0.09643203	0.2622621	-0.08661705	-0.1588277	0.1968171	0.26748648	-0.1380008	0.066884935	0.2272404	0.06655707	0.10175207	-0.26904264	0.014895246	0.20578124	-0.030843163	-0.31648225	0.06343665	0.17580228	0.11947614	-0.16026928	0.1370675	-0.0030202647	0.12085183	0.05485791	-0.104098395	-0.13122487	0.15913747	0.05925573	-0.11794853	-0.13173497	0.12134055	0.023421504	0.08974479	-0.38681227	0.12638463	0.06440967	0.17229033	-0.04984014	-0.18576057	0.0012812105	-0.0476408	0.16351515	-0.08341772	0.21891192	0.09384836	0.25552723	0.12765378	-0.10058258	-0.09183821	0.06492541	-0.17039917	-0.0065006176	-0.17641999	0.0853063	-0.29613328	-0.19504897	-0.053861346	0.12175393	0.008060514	-0.2669224	-0.10874061	0.25972635
-0.2776618	0.10480576	0.08950842	0.36424094	-0.17330152	-0.13626057	0.006765271	0.10259972	-0.12506014	0.3394778	0.31672186	0.19769947	0.026509373	-0.47171256	-0.031193662	0.29881462	0.18508397	-0.13118511	-0.1864669	0.2821291	0.103336826	-0.3640586	-0.015364907	0.15158094	0.073291	0.20008849	-0.33686906	-0.18972006	0.09058242	0.004809818	-0.1823372	-0.16365153	0.0427332	-0.17562811	0.22023237	-0.5202211	0.32312447	0.020629069	-0.048834126	-0.29232305	-0.31475607	-0.0755645	-0.14671071	0.13919716	-0.22111557	0.42639062	0.2687683	0.3876682	0.30752444	-0.21947484	-0.18705718	0.099901184	-0.2972063	0.06557264	-0.1489092	0.052828785	-0.51132375	-0.09510846	-0.17371367	0.14008266	0.2851413	-0.15945092	0.007854688	0.24341433
-0.18035074	-0.16174844	-0.12787418	0.12917659	-0.10395677	-0.22106381	0.0037205475	0.19165176	0.013256612	0.16966324	0.2309542	0.08048338	0.20846261	-0.15698647	0.19044231	0.17508696	0.12371158	-0.11890337	-0.10551604	0.18698986	0.08031609	-0.059785377	-0.024913583	0.11022715	0.12900557	0.044459075	-0.15043992	0.074114606	-0.03234194	0.14408407	-0.19662458	-0.14026265	0.07553855	0.07685963	0.17677875	-0.14612101	0.18853533	-0.025759963	0.0070098066	-0.1470213	-0.16656499	-0.10859558	0.12278119	0.11709525	-0.12048894	0.18093596	0.22416179	0.19679308	0.2496691	-0.14371777	0.04209567	-0.07996675	-0.06789139	0.09034351	-0.17629525	0.10866671	-0.09536043	-0.08412258	-0.12354929	0.20211239	0.1405276	-0.17630807	0.10137533	-0.055031948
0.043668915	0.015539859	-0.119002506	-0.059665225	0.011486182	-0.18461132	0.23235832	0.20824948	0.22449954	-0.09681918	0.101703554	-0.053106006	-0.025196858	0.0026483599	0.03996674	0.019903773	-0.1398379	-0.16909693	0.16874965	0.13254832	-0.06579786	0.057684973	0.21519177	-0.18401922	0.080054715	-0.12198856	0.042031012	0.0035940066	-0.08705742	0.16799654	-0.1760632	-0.14226075	0.18907137	0.07139892	0.065524414	-0.14373969	-0.08529863	0.22783665	0.13396458	0.004548618	-0.11621656	0.09604227	-0.012375933	-0.111926615	0.03940354	-0.01488323	-0.036237903	-0.01407141	-0.04225674	-0.018411366	0.024488425	-0.0026010214	-0.015982702	-0.14208618	-0.15181522	0.16629726	-0.05954515	-0.10595115	-0.09095611	0.18049401	-0.08208378	-0.15441413	-0.08640892	0.062409956
-0.7118878	-0.7041883	-0.24288705	-0.5963431	0.123315774	0.67826754	-0.60777664	-0.6431287	-0.7582626	0.44620755	-0.7412616	0.54893285	0.5241161	0.88422924	0.50178564	0.36223683	0.63527304	0.6130258	-0.80787003	-0.7723438	-0.31130877	0.72330606	-0.7541133	0.74284476	-0.5296483	0.5493634	-0.3462484	0.6338859	-0.4159899	-0.4424243	0.5923584	0.7253206	-0.70862603	-0.39749822	-0.08455466	0.69424254	0.61238885	-0.7587224	-0.7428479	-0.5868566	0.7778501	-0.7032973	0.4888703	0.6807456	-0.038688835	-0.099522285	0.6248739	-0.7629113	0.64052445	0.5115003	0.35783765	-0.6972784	0.7799916	0.6340259	0.69658047	-0.7232532	0.94322455	0.7378938	0.06339859	-0.6871242	0.52986956	0.66061205	0.64210975	-0.63463867
0.18517056	-0.45494702	-0.5183832	-0.3398174	0.11988716	-0.34485167	0.32380033	0.47606376	0.4369095	-0.2578815	0.056824874	-0.26534578	0.20795862	0.25009072	0.4090646	0.07560542	-0.2579525	-0.3620739	0.3090057	-0.0044459645	0.06634084	0.39701644	0.3960368	-0.20005119	0.4187724	-0.33538422	0.24402143	0.41045126	-0.40928274	0.49810272	-0.1745534	-0.056964915	0.45098898	0.33506426	-0.00529485	0.019137835	-0.29640022	0.14526127	0.37475678	0.15348601	0.13728394	0.19148675	0.44898868	-0.10388654	0.2355396	-0.21710256	-0.18886797	-0.1035486	-0.039020397	0.22409822	0.4334214	-0.18588074	0.27608037	-0.19604397	-0.20014596	0.3739075	0.3364654	-0.4728818	0.090838216	0.34201318	-0.21983413	-0.39203456	-0.15978168	-0.30380842
0.03757659	-0.12453281	-0.122830525	-0.019359957	0.03986029	-0.21084978	0.09795864	0.24523647	-0.11429216	0.04197092	0.1507667	-0.04653889	0.26422137	-0.14264195	0.20390445	0.33664557	-0.0755143	-0.25113893	0.08243009	0.115159206	0.2261021	0.0335247	0.085784525	0.20012549	0.29601133	-0.076688044	0.030578379	0.085777804	0.09947031	0.2079518	-0.08357232	-0.017033096	0.071612075	0.13449667	0.05766435	-0.15526734	-0.02246526	-0.1326006	0.22455384	-0.00026966794	-0.023708731	-0.01616848	0.18903762	0.22818294	0.0031930173	0.15604058	-0.00076130766	0.1723838	0.17309909	0.044030353	0.11116343	0.03947905	0.001301634	0.08427252	-0.08266485	0.036854524	-0.13628227	-0.31418607	0.034023266	0.11630783	-0.0003647937	-0.26227254	0.019117922	0.014201156
-0.50344604	0.729671	0.748839	0.5816019	-0.5485181	-0.0042571616	0.36709732	-0.73015875	0.75703096	0.5064082	0.5404405	0.57888156	-0.6481227	-0.5963491	-0.7464431	-0.721717	0.65606505	0.5656005	-0.51498353	0.56680906	-0.5119552	-0.64654636	-0.3733389	-0.73167694	-0.6282003	0.09355923	-0.5559479	-0.7028834	-0.5332656	-0.6497236	-0.52816784	-0.51427823	0.6166524	-0.70667446	0.6091173	-0.6531489	0.46121612	0.7869972	-0.69262576	-0.44207558	-0.6727422	0.69590765	-0.72215664	-0.82540053	-0.62400717	-0.81630665	0.45245415	-0.5774133	-0.7166872	-0.687819	-0.64927655	0.061668284	-0.5824725	-0.7270935	-0.53957975	0.6551983	-0.6961915	0.7569028	-0.46331033	0.36496288	0.5045705	0.6333219	-0.68167263	0.6637059
0.06747043	0.04730576	0.045249015	0.027391363	0.055971313	-0.033295788	0.117185354	0.06090019	0.023920918	-0.02581443	-0.05629488	-0.085500486	-0.027732855	-0.064517535	-0.022885052	0.11174342	-0.06652532	-0.06913583	0.14474618	-0.0246532	0.0400113	-0.077463344	0.09175416	-0.12348049	0.079168566	0.022005415	0.08761272	-0.05248388	0.08549261	0.013110915	0.06699994	0.058683097	0.003137571	0.005021969	-0.030700503	-0.12308563	-0.10077968	-0.02032338	0.09286556	0.022957454	0.0037565513	0.008967679	0.026959697	0.06847401	0.045849234	0.05562475	-0.064588495	0.09307238	-0.054844692	0.045819353	-0.062022533	0.053366534	0.038987737	0.0019900254	-0.03539016	0.027092082	-0.058296394	-0.049396608	0.073230095	0.005442127	-0.10851764	-0.15270628	-0.104430765	0.09621721
-0.41276878	0.44019315	0.55137616	0.4013054	-0.40013582	0.2749016	-0.040631827	-0.6268602	0.26961595	0.40688753	0.1449745	0.45628104	-0.5174178	-0.20368423	-0.59500414	-0.5434932	0.5475539	0.48353603	-0.49962276	0.1645812	-0.5209255	-0.46120146	-0.39564276	-0.29785988	-0.6015221	0.22495748	-0.440582	-0.46214876	-0.4445514	-0.53736067	-0.17134231	-0.2432922	0.10524119	-0.65108943	0.3696057	-0.06257387	0.40620917	0.38496658	-0.65843517	-0.38726166	-0.25119874	0.083892785	-0.5588272	-0.4469447	-0.41912386	-0.62112623	0.4418375	-0.53574437	-0.40932024	-0.44139677	-0.51811206	-0.30721703	-0.35691416	-0.20462012	-0.21976784	0.25993392	-0.18985656	0.70334184	-0.41326937	-0.14389876	0.49350205	0.5547819	-0.101358145	0.25234562
-0.22313875	-0.10611037	0.2393257	-0.03956632	0.16475219	0.7424534	-0.33256546	-0.59809977	-0.74732774	0.20468724	-0.8036064	0.20941451	0.1374066	0.3662463	-0.14991292	0.3981158	0.31144372	0.4967063	-0.48885107	-0.74838626	-0.2790116	0.02988234	-0.42765757	0.500747	-0.38084826	0.34397402	-0.07216998	0.034460682	0.09269941	-0.42262265	0.6764442	0.7330678	-0.70155126	-0.2646112	-0.33361587	0.45753384	0.31450027	-0.76406705	-0.43154255	-0.21855094	0.7432853	-0.5722154	-0.034251228	0.6660513	-0.0022986468	-0.09261904	0.2502363	-0.6411119	0.30248156	0.39860824	-0.095146716	-0.28848264	0.6042941	0.56548434	0.64177483	-0.66559327	0.35633224	0.49456134	0.052262492	-0.7199679	0.15576808	0.4695154	0.27026328	-0.44461942
-0.03941884	-0.052896477	-0.097918816	0.059326455	-0.028563125	-0.16800143	0.11539152	0.13436805	0.052258205	-0.03370468	0.13452658	-0.021600826	0.053714134	-0.114470944	0.115542546	0.112304546	-0.046216495	-0.16396873	0.11044682	0.1029299	-0.022742398	-0.036199264	0.08455252	-0.014604279	0.12995033	-0.10243797	-0.065924875	0.07288954	-0.07587713	0.19441405	-0.11423633	-0.088388324	0.18444061	0.061924852	0.09009942	-0.14943238	0.0068356055	0.089693464	0.1027166	0.015671594	-0.1296243	0.028225815	0.027911147	0.027009528	0.0017198354	0.12736991	0.04455345	0.1508961	0.031168113	-0.07812563	0.10223408	-0.024542445	-0.09424036	0.024771696	-0.16350427	0.11688862	-0.09541842	-0.16530794	-0.07095529	0.19806217	0.068045296	-0.19712538	-0.010351802	0.03653736
-0.07960515	-0.10873816	0.04300046	0.03040297	0.149659	0.24697629	-0.17704183	-0.27533114	-0.47389686	0.1103372	-0.27941072	0.047434706	0.21915558	0.077247456	0.028798997	0.34319216	0.14080636	0.1723185	-0.20670913	-0.32117826	0.09657742	-0.0023600403	-0.23231618	0.35509098	-0.11064882	0.1614876	0.006880167	0.0724568	0.14340541	-0.1253953	0.27587038	0.3793499	-0.42423293	-0.03151533	-0.1951258	0.24555553	0.14184454	-0.58474624	-0.2183308	-0.15753464	0.2819586	-0.36316055	0.03291837	0.48424417	0.0055242823	0.1477352	0.157982	-0.12066631	0.23988889	0.27114877	-0.04094672	-0.08738841	0.30940446	0.424043	0.30335805	-0.39952767	0.11245298	0.17258282	0.1137255	-0.26366624	0.10275348	0.18281013	0.15355456	-0.21425863
-0.10163308	-0.045129973	-0.0067553413	0.13865744	-0.015840584	-0.047334507	-0.033863984	-0.06450265	-0.16202408	0.10584994	0.030689264	0.086020395	0.1689037	-0.09244539	0.03250019	0.18350224	0.06815173	0.028132895	-0.1403236	0.047718912	0.02827911	-0.09706806	-0.0800551	0.18063867	0.003628498	0.13466646	-0.14622171	-0.02665968	0.030090787	-0.022378057	0.0037706385	-0.017375778	-0.030048294	-0.021358924	0.026080647	-0.080907404	0.19985272	-0.12513451	-0.044326987	-0.095234774	0.01417652	-0.15130663	-0.02383076	0.21828243	-0.030299962	0.17586571	0.1665175	0.04353491	0.23608461	-0.008453598	0.029460846	-0.017283827	0.039600547	0.16714425	-0.056201033	-0.04072516	-0.066592425	0.0036582868	-0.050794125	0.016544554	0.08516862	-0.019369362	0.06902714	-0.06620953
-0.31940323	0.35448182	0.2230172	0.27992663	-0.380813	-0.08932768	0.31177336	-0.22125687	0.4561923	0.19103995	0.327963	0.30917683	-0.36175334	-0.30109054	-0.40035775	-0.38582164	0.3131051	0.15812193	-0.16581538	0.3630399	-0.38396186	-0.3231998	-0.03770679	-0.37043464	-0.29579854	-0.14182132	-0.29174548	-0.3553878	-0.4050776	-0.268784	-0.31467426	-0.32759443	0.4461299	-0.27434564	0.39097065	-0.24510594	0.20416817	0.4465775	-0.25157672	-0.17917761	-0.33142576	0.3608953	-0.3034508	-0.47975868	-0.3320026	-0.23802425	0.24813482	-0.2638076	-0.4310564	-0.43362516	-0.35221747	-0.24381451	-0.30090246	-0.37094477	-0.40988046	0.38770568	-0.30095413	0.33471018	-0.2907761	0.29879543	0.23238036	0.19842336	-0.32535392	0.29058334
-0.06442041	-0.509057	-0.56367046	-0.18642335	-0.0774829	-0.4561446	0.11997564	0.57864046	0.3544614	0.08253315	0.3280824	-0.092565745	0.5118945	-0.12722886	0.5449298	0.3614975	-0.19604397	-0.4925306	0.25249508	0.2653272	0.36786672	0.32951477	0.35370946	0.1984422	0.502624	-0.3603883	0.016685914	0.53156555	-0.46090642	0.50427043	-0.38993564	-0.35808715	0.44053036	0.43353426	0.2960131	-0.20788237	-0.10345907	-0.03597969	0.4934475	-0.11121234	-0.1187995	-0.0205111	0.59233147	0.3297169	0.061193295	0.27414972	0.09078498	0.36220384	0.28445175	0.03475717	0.44181028	-0.1890753	-0.006445789	0.17462038	-0.3779742	0.4970446	0.11152779	-0.57193637	-0.10813676	0.51941156	0.02460652	-0.47048756	0.24719606	-0.29495245
-0.45038334	0.1325777	0.09166594	0.35321936	-0.40874615	-0.05779565	0.015962673	-0.07636051	0.21864696	0.3639402	0.33460212	0.3636894	-0.18554391	-0.32325703	-0.1394471	-0.2247676	0.3999235	0.113776036	-0.3399223	0.380506	-0.22097391	-0.29334533	-0.24596737	-0.13107443	-0.21284167	0.14021094	-0.46212402	-0.2487947	-0.20722888	-0.14066032	-0.31728086	-0.3025198	0.18612885	-0.23664613	0.37161908	-0.27066234	0.43822005	0.27254218	-0.36484727	-0.3721497	-0.381509	0.029327188	-0.29084748	-0.17461272	-0.3696961	0.1440299	0.380528	0.07634886	0.035945896	-0.4312573	-0.287392	-0.19252633	-0.35371676	-0.13401051	-0.3294965	0.25144196	-0.34692338	0.25130066	-0.32509276	0.13898328	0.42749456	0.19338451	-0.006438739	0.22838928
0.108388126	0.013340025	0.063295476	-0.0758504	0.21221973	0.107414894	0.03330056	-0.07940215	-0.1374727	-0.18202679	-0.14976253	-0.14378357	0.028581446	0.056370664	-0.024889192	0.13152198	-0.067088895	-0.01733503	0.105307676	-0.15640853	0.10934511	0.047935106	0.074964315	0.018465523	0.057398595	-0.027028415	0.22080009	0.009997591	0.1474351	-0.052076913	0.14656022	0.14702973	-0.10049833	0.013574975	-0.12027115	0.021313382	-0.094121695	-0.12214185	0.101974785	0.14347075	0.20246221	-0.10901134	0.08371655	0.12698723	0.18664855	-0.0652329	-0.17479631	-0.13489239	-0.041761488	0.22614622	0.069017954	0.04769501	0.22340417	0.08596436	0.10790354	-0.15782914	0.09247935	-0.031312034	0.19641255	-0.18280943	-0.11347645	-0.025003824	-0.040312573	-0.032795873
-0.42694646	-0.2355107	-0.0886457	0.1354307	-0.0852416	0.1849416	-0.37643245	-0.16713847	-0.54245657	0.37213492	-0.031474464	0.4050174	0.45682147	-0.032618076	0.2173674	0.45860407	0.4123898	0.2364721	-0.5355854	0.022508288	-0.04108355	0.03532954	-0.40002584	0.53898704	0.009438882	0.29227492	-0.36919278	0.16349323	-0.095584564	0.023725746	0.060358163	0.070440255	-0.35743856	-0.15945102	0.13620278	0.24199761	0.48181114	-0.58705574	-0.40011907	-0.4230656	0.08439786	-0.52554756	0.12550887	0.7085079	-0.2671513	0.4047867	0.49393046	0.016282447	0.57407147	-0.059302136	-0.001368701	-0.22997347	0.06172355	0.5252128	0.17375767	-0.30590647	0.09083492	0.25112763	-0.1444253	-0.09914522	0.37414733	0.22960003	0.44317213	-0.27373675
0.12671919	0.113184765	0.03732861	0.04947226	0.030605739	0.02353837	0.17903578	0.0023271635	-0.009411208	-0.09012704	-0.076913215	-0.047314297	-0.026945693	-0.067246184	-0.07462097	0.053140905	-0.050086893	-0.057041977	0.060417168	-0.051006544	0.01904765	-0.06093364	0.16105051	-0.12514333	-0.041627534	-0.0060257465	0.06293877	-0.1363655	0.08655269	0.028208595	0.037519585	0.028866976	0.005901344	0.026319582	-0.046344362	-0.067041926	-0.09515435	0.11996123	0.09935406	0.082723275	0.057031244	0.070027225	-0.027729357	0.0006193066	0.04614476	-0.033469874	-0.120668724	-0.009580865	-0.11248663	0.06831375	0.011324099	0.11049132	0.026774116	-0.11805245	-0.020646157	0.02696914	0.008187509	0.00083469995	0.084609665	-0.051675797	-0.15413211	-0.09929524	-0.16558999	0.0057320953
0.24281253	0.34036854	0.38904995	0.289042	0.2626832	0.3176941	0.18816878	-0.305241	-0.4595264	-0.16168866	-0.3007936	-0.18859658	-0.21108522	-0.15332414	-0.2754931	0.30007944	-0.15013629	-0.046069525	0.109411225	-0.30670646	0.15918392	-0.29806516	0.11202904	-0.014270331	-0.21478702	0.34261513	0.1719815	-0.3763946	0.34361133	-0.22342682	0.34687585	0.3337958	-0.28590706	-0.16162382	-0.35316616	-0.10230278	-0.0047733323	-0.3048181	0.117918365	0.19306748	0.24674442	-0.08699032	-0.26666343	0.2535916	0.15680702	0.08370642	-0.19197874	-0.016463472	-0.18709816	0.3241647	-0.29906505	0.2722513	0.18653296	0.1032101	0.32050577	-0.39434734	-0.25403467	0.034953706	0.24573012	-0.37786764	-0.15874796	-0.059822533	-0.19666316	0.13135865
0.019442145	-0.35180077	-0.4212236	-0.19285639	0.022621324	-0.30005863	0.23331144	0.3366217	0.53843814	-0.1417374	0.13218194	-0.115200885	0.013640708	0.11334095	0.187146	-0.10383463	-0.14120255	-0.28193912	0.23664935	0.1118571	0.056310523	0.2523157	0.2824852	-0.24242802	0.17456031	-0.42814177	0.13437851	0.37037382	-0.5646703	0.3383871	-0.16154766	-0.19642922	0.39919057	0.32682273	0.09292113	-0.0009876384	-0.13007587	0.29932263	0.27908078	0.045985706	-0.05961015	0.19105297	0.27369452	-0.25697678	0.11704525	-0.14036651	-0.061121922	-0.03249364	-0.1293663	0.027063297	0.3178696	-0.08294939	0.06473463	-0.25277144	-0.21680777	0.35441294	0.15696637	-0.26793516	-0.039264634	0.32750753	-0.05461355	-0.26788643	-0.12550102	-0.11453512
0.16256663	-0.40711558	-0.43416518	-0.22419791	0.060144383	-0.40216675	0.29112083	0.5426086	0.39633286	-0.1559439	0.1645526	-0.17352498	0.30324268	0.20885321	0.3833395	-0.006506585	-0.24602133	-0.36738887	0.23837447	0.009192075	-0.025069805	0.2563193	0.30009627	-0.1877796	0.46437708	-0.3434786	0.12694502	0.42840466	-0.33634117	0.4057121	-0.25709185	-0.15380275	0.54850763	0.3450774	0.092228435	-0.027592804	-0.26970384	0.3260762	0.36807388	0.197951	0.025190625	0.21676543	0.4005178	-0.1295801	0.16952594	-0.08268863	-0.10219466	-0.01455176	-0.13766819	0.013135506	0.37609714	-0.2940873	0.1482885	-0.21000503	-0.35627258	0.42362687	0.17494689	-0.49088603	-0.020711822	0.46950847	-0.15657623	-0.40605283	-0.12938768	-0.2130127
-0.11476683	0.07020879	0.064616434	0.20684798	-0.17117362	0.0013050929	-0.022041438	-0.1673795	0.05479888	0.09839432	0.1014357	0.1564317	-0.14429581	-0.12440471	-0.13430806	-0.08882295	0.17996775	0.05038934	-0.15339531	0.08990112	-0.13536416	-0.16050252	-0.04363966	-0.09660678	-0.1282777	0.13004729	-0.14174165	-0.15030837	-0.022555579	-0.07710784	-0.12074061	-0.13118185	0.052034512	-0.14693844	0.16690058	-0.097663835	0.1427799	0.084948264	-0.18227413	-0.16928175	-0.19446643	0.02773916	-0.23589796	-0.13040687	-0.13324457	0.112391695	0.109564684	0.0018497125	-0.03357947	-0.15130256	-0.16483916	-0.033260744	-0.11061547	-0.017462758	-0.08373614	0.07034507	-0.13163675	0.13789837	-0.20927748	0.03561385	0.16340211	0.07879173	-0.04662996	0.15643197
0.25738403	0.20393436	0.17385954	0.15833361	0.12597854	0.091190755	0.37248072	-0.06504597	-0.038357746	-0.15846953	-0.030616716	-0.11337413	-0.2514291	-0.1447059	-0.26311192	-0.012925038	-0.07346045	-0.10907017	0.11000704	-0.017824996	-0.020682668	-0.1361605	0.241172	-0.3141275	-0.10133054	0.044489563	0.077633664	-0.18660843	0.22631547	-0.08081225	0.10478791	0.022971384	0.0757034	-0.0264505	-0.14472517	-0.33066452	-0.06875805	0.16007182	0.034905296	0.2200487	-0.053702902	0.29040074	-0.2097972	-0.11565052	-0.003970706	-0.037081253	-0.17052999	0.062378876	-0.26036882	0.007349947	-0.10887095	0.26251128	-0.04881936	-0.256249	0.09023625	-0.06985856	-0.1599645	-0.002164295	0.040375266	-0.064335264	-0.14615738	-0.09678127	-0.38760114	0.30012757
-0.38458276	0.5719196	0.5412938	0.5453098	-0.42257816	0.15047571	0.19694296	-0.57652426	0.41405365	0.45201233	0.2668744	0.4193352	-0.61000454	-0.59955245	-0.66182923	-0.4517651	0.4374557	0.36236414	-0.39164433	0.40645927	-0.3805899	-0.6048288	-0.20816882	-0.55678827	-0.57463163	0.25920016	-0.450324	-0.632949	-0.21304716	-0.6229256	-0.34667638	-0.3147	0.3928487	-0.6404595	0.37458286	-0.48403376	0.4972176	0.5481651	-0.50632054	-0.38654038	-0.4830069	0.48791012	-0.6140653	-0.5265706	-0.52609706	-0.3250699	0.3583075	-0.28357732	-0.5412347	-0.5478299	-0.5778445	-0.065228485	-0.46551862	-0.47046733	-0.33031458	0.32608002	-0.6479649	0.6307424	-0.39578384	-0.07324539	0.40878454	0.45817366	-0.40735415	0.47517166
0.37058908	-0.54400265	-0.5313135	-0.43384433	0.33424363	-0.14285745	0.25189963	0.30124748	0.389248	-0.33319956	-0.39447302	-0.30269185	0.20211345	0.527974	0.40473524	-0.28886124	-0.34595802	-0.16337037	0.29980338	-0.43280178	-0.0645821	0.45628867	0.2357256	-0.16217005	0.31437644	-0.3316615	0.3382192	0.4609543	-0.44405684	0.40206283	0.17022575	0.29360244	0.18822727	0.31979135	-0.1599141	0.41658744	-0.3693168	0.00070857315	0.34074995	0.33875006	0.4125485	0.06402954	0.4611175	-0.17206518	0.41981596	-0.43112943	-0.3713407	-0.5591667	-0.25680554	0.39488536	0.39433765	-0.3510063	0.38119563	-0.13554852	-0.05787878	0.22608821	0.54181826	-0.2941591	0.31336555	0.25043404	-0.31635135	-0.21599519	-0.09492492	-0.43483022
-0.033829693	0.14603408	0.1521981	0.18048215	-0.01842227	-0.09929086	0.19707328	0.01615079	0.057526834	0.034639485	0.08787794	0.08660906	-0.1781909	-0.279306	-0.13929825	0.03275525	0.01426429	-0.112068854	-0.016606372	0.11873045	-0.040249452	-0.20886795	0.09908142	-0.10685551	-0.07765146	0.047169432	-0.14093508	-0.14140406	0.07093713	-0.03858898	-0.04791394	-0.09468102	0.115996316	-0.09459003	0.039688997	-0.27382556	0.12706746	0.15616705	-0.027785694	0.009122813	-0.16293696	0.14349554	-0.15353514	-0.13931938	-0.10486138	0.09899918	-0.00033905872	0.1922797	-0.045528654	-0.09911271	-0.18750371	0.16543522	-0.12374427	-0.13001867	-0.046508964	0.022718139	-0.25510988	0.04454231	-0.11271935	0.021606544	0.08821436	-0.05913595	-0.15004742	0.2623839
-0.24393359	0.0916267	0.18692425	0.20294951	-0.055417366	0.20862147	-0.11604164	-0.2692416	-0.20146033	0.21341236	-0.028813932	0.20754899	-0.066832885	-0.16071844	-0.10871196	0.08119278	0.24759056	0.16983539	-0.2971951	-0.009697352	-0.15513137	-0.19802824	-0.22821118	0.1343582	-0.14957151	0.21634108	-0.25521177	-0.15348046	-0.048905686	-0.16366589	-0.009673648	0.041672945	-0.1793005	-0.22287822	0.055111516	-0.04622069	0.3059888	-0.12118445	-0.259816	-0.2226679	-0.06948878	-0.23080243	-0.13189676	0.13919681	-0.21748412	0.23105164	0.25324416	-0.03888334	0.12750141	-0.109380156	-0.17824566	-0.07782703	-0.079567015	0.12449901	0.098485954	-0.09671614	-0.11043592	0.2002661	-0.121505916	-0.13057494	0.21415082	0.16896567	0.121807404	-0.0049556666
-0.025342094	0.22585791	0.2680719	0.30360445	-0.07485522	0.13292547	0.054155406	-0.22456335	0.00835319	0.07279814	-0.0103618065	0.075848795	-0.23427357	-0.17901121	-0.260177	-0.059787393	0.06554778	0.07671678	-0.10000939	0.037163273	-0.10208263	-0.25759378	-0.045968648	-0.111932196	-0.17489815	0.21431246	-0.1511358	-0.24303922	0.12065124	-0.23995475	-0.040237967	0.021741945	0.0035545328	-0.227943	-0.05734365	-0.12020783	0.10133025	0.1402285	-0.1430013	-0.03766537	-0.14018905	0.059024554	-0.26524118	-0.12027583	-0.11111044	-0.014509578	0.058976784	-0.046590764	-0.11554912	-0.06044341	-0.22193556	0.10456246	-0.1884509	-0.05822645	-0.022555353	-0.010748846	-0.2103342	0.17379493	-0.10316827	-0.12852539	0.048840217	0.11200931	-0.12451114	0.17007883
-0.36672133	0.11001242	0.10123098	0.12476153	-0.24106699	0.16375916	-0.03582786	-0.19776514	0.18117648	0.20665814	0.049709518	0.30930957	-0.18484369	0.036996704	-0.1552979	-0.29234904	0.31456763	0.24816707	-0.33914044	0.09227505	-0.30693132	-0.16645244	-0.23475288	-0.10171169	-0.24437077	0.06374341	-0.2746295	-0.076734014	-0.3166664	-0.171365	-0.10805328	-0.10187737	0.027315317	-0.27733514	0.26079416	0.007832248	0.21908413	0.07252454	-0.38332474	-0.25727266	-0.13610324	-0.055318743	-0.22797014	-0.15470539	-0.20346388	-0.06648616	0.29471982	-0.26443502	0.0059551555	-0.2337082	-0.13517821	-0.3060337	-0.12701976	-0.015819179	-0.10470887	0.15487841	0.018518945	0.33057132	-0.2642955	0.0014252189	0.34382585	0.22623432	0.060121857	0.010150272
-0.12449437	-0.2769677	-0.39852682	-0.19199334	-0.16316628	-0.31082383	0.038508244	0.24021903	0.24229227	0.06348751	0.23646262	0.07863523	0.14687306	0.09364439	0.34400064	0.024914304	0.005509828	-0.13491198	0.102704994	0.12141771	-0.058819827	0.17792214	0.019639026	0.065151736	0.25799593	-0.2899594	-0.025662078	0.3248569	-0.42456526	0.31129605	-0.27411845	-0.22745764	0.21018544	0.21080935	0.27663326	-0.010392899	-0.05150971	0.10032388	0.06361653	-0.032447215	-0.087352164	-0.0007526653	0.21952172	-0.050477657	0.046855234	-0.0161823	0.059442353	0.040724453	0.1723328	-0.102911524	0.20917024	-0.26625636	-0.06613111	0.034370154	-0.30769807	0.26439762	0.10325177	-0.24524885	-0.10761255	0.33761188	0.037254184	-0.18770048	0.07696012	-0.13220677
0.1418294	0.16148074	0.11544814	0.09092454	0.05697727	0.008044768	0.3275085	0.073666714	0.07205508	-0.11571999	0.031499386	-0.122786865	-0.2697953	-0.09037939	-0.21679728	-0.0027541236	-0.12876946	-0.12651469	0.22936815	0.050009016	-0.048431598	-0.12327387	0.28086033	-0.26710972	-0.026924059	-0.05476621	0.014886605	-0.13827676	0.08374356	-0.08164563	-0.05313796	0.0014028848	0.14385141	0.015481446	-0.03973782	-0.20786427	-0.15418668	0.18488581	0.11006396	0.18020333	-0.036067158	0.21519957	-0.08272312	-0.10325417	0.045756705	-0.072652295	-0.13801566	0.036994014	-0.29960755	0.01091722	-0.1238207	0.13044877	-0.01808572	-0.2657425	-0.02150205	0.0333226	-0.12954906	-0.03347484	0.020267686	-0.011931185	-0.18541828	-0.12193455	-0.2868974	0.17199008
0.15045597	-0.033429317	-0.04280554	-0.13923502	0.10241227	0.094634816	0.04751962	-0.13248141	0.08727391	-0.10714151	-0.16231214	-0.108266175	-0.18581648	0.18086782	-0.11328453	-0.13859442	-0.08935334	-0.0020903288	0.024574157	-0.19369076	-0.081988394	0.10426645	0.03940559	-0.10899568	-0.09989587	-0.1504475	0.1658231	0.059298	-0.16845459	-0.024159854	0.15514572	0.17243451	-0.011206527	0.12660787	-0.15912455	0.20950532	-0.11378654	-0.0071799243	0.044625744	0.12810346	0.15600182	-0.026032375	0.09516739	-0.13232055	0.13844702	-0.2519679	-0.13918641	-0.27076054	-0.2246952	0.14992584	0.038217902	-0.04516751	0.18908085	-0.04867743	0.08467858	0.013476919	0.19579168	0.01795189	0.09853659	-0.044376977	-0.1405708	0.019768579	-0.10448422	-0.09324731
0.18961425	-0.3209974	-0.34982142	-0.25546643	0.098804556	-0.37161705	0.331941	0.45776	0.3899856	-0.2252574	0.060527753	-0.18843229	0.15160404	0.12525415	0.31039125	-0.024682652	-0.23379478	-0.35235354	0.27712	-0.013013548	-0.10685424	0.26356515	0.337513	-0.16220902	0.44789198	-0.27318805	0.19797584	0.3213599	-0.34013182	0.46893117	-0.20801552	-0.1002395	0.52350664	0.28600267	0.07334192	0.0009945466	-0.26579732	0.29688916	0.24222626	0.1263301	0.018641762	0.20900853	0.37381116	-0.09758032	0.19991072	-0.14038289	-0.12987153	-0.09631569	-0.13935326	0.1199536	0.2953446	-0.21382783	0.18652004	-0.17345934	-0.32958326	0.3807206	0.18744768	-0.38035578	0.011048437	0.3878498	-0.18160132	-0.39975533	-0.14568076	-0.18346064
0.05004219	0.013660047	0.14628227	0.0019663721	0.06458176	0.28723782	-0.098556556	-0.29280978	-0.1510838	-0.019731376	-0.24398221	0.025695996	-0.15706083	0.16129124	-0.18012196	-0.083007365	0.11033232	0.2408976	-0.13709432	-0.23897286	-0.20027357	0.024818998	-0.14998768	-0.05952891	-0.21992582	0.063636914	0.04848925	-0.09948714	-0.039353907	-0.20844506	0.18675447	0.21340144	-0.15424366	-0.17204638	-0.16918771	0.25512215	-0.0028074505	-0.12521796	-0.21687995	0.026233349	0.1933052	-0.12948221	-0.13622399	0.0049595605	0.038482115	-0.23086345	-0.042479113	-0.4200292	-0.1603495	0.064440705	-0.07449738	-0.119668305	0.14652404	0.034114707	0.17442344	-0.15152766	0.13411634	0.29971117	0.06533928	-0.27649006	0.02098474	0.2426071	-0.03568396	-0.06495349
-0.20319407	0.28099322	0.11702513	0.18254964	-0.33127716	-0.046353158	0.23694251	-0.14501558	0.5083719	0.15176481	0.21071142	0.2321593	-0.43485537	-0.18643467	-0.3468807	-0.42007977	0.1907763	0.14904052	-0.046572816	0.2489692	-0.34901905	-0.25028095	-0.024287079	-0.42376387	-0.35807765	-0.10220428	-0.2934705	-0.29362935	-0.3003911	-0.23280272	-0.31834033	-0.30262896	0.41886544	-0.22971357	0.24953122	-0.20335758	0.1291959	0.42321762	-0.28666046	-0.17652658	-0.31423193	0.35695258	-0.34778413	-0.5476721	-0.22666287	-0.2280782	0.13875228	-0.15181099	-0.37105897	-0.35101306	-0.32737073	-0.0062634465	-0.30793118	-0.3582204	-0.3069758	0.36557016	-0.22189532	0.277331	-0.24112837	0.20954147	0.18518093	0.17150117	-0.34052607	0.2419181
-0.42584118	0.56734264	0.600192	0.5081981	-0.48662278	0.008172772	0.3839263	-0.5616984	0.68119276	0.45872632	0.42181215	0.45375487	-0.56620586	-0.48433715	-0.6685716	-0.6257479	0.49976525	0.40817207	-0.41898152	0.5215101	-0.49380988	-0.5646308	-0.22454281	-0.6725019	-0.6094764	0.07110136	-0.51247895	-0.6191874	-0.44054383	-0.5427116	-0.4467675	-0.46685693	0.5690084	-0.62263775	0.52597326	-0.588385	0.42585182	0.63699734	-0.5922581	-0.33199918	-0.52103925	0.7008147	-0.6243625	-0.682381	-0.4826363	-0.48719114	0.36164284	-0.32693374	-0.6859835	-0.57008344	-0.59096414	0.073166415	-0.5427711	-0.6459884	-0.4438492	0.5621732	-0.5748176	0.56146336	-0.3940769	0.20181648	0.48527285	0.5266417	-0.5898909	0.57331103
0.014040514	-0.18519615	-0.1750878	-0.16770558	-0.02388045	-0.25022244	0.12981467	0.24801464	0.26617795	-0.061220188	0.10191392	-0.0057798126	-0.046377204	0.08116132	0.06276436	-0.108582534	-0.068501025	-0.15847696	0.14135924	0.05239379	-0.110540405	0.15780841	0.09549794	-0.10063523	0.0895735	-0.20711468	-0.011796673	0.18196109	-0.3063468	0.16917573	-0.20074591	-0.14345673	0.31015816	0.16386247	0.19363512	0.044061624	-0.13544084	0.15690818	0.063514225	0.03659903	-0.026161052	0.0813937	0.18719612	-0.19234979	0.07644232	-0.11789845	-0.046043787	-0.066081144	-0.09238564	-0.09344314	0.16975242	-0.1858178	0.0235052	-0.15192	-0.23373577	0.26899272	0.16676253	-0.1806917	-0.052148663	0.23219347	-0.042267796	-0.17539617	-0.030175915	-0.034894608
-0.17914304	-0.022897558	-0.122712545	0.086291075	-0.15257375	-0.17402941	0.16973388	0.1377951	0.16877772	0.08863752	0.2159346	0.12628622	0.031032482	-0.22517417	0.10246135	-0.013238503	-0.0050146678	-0.11807329	0.010348069	0.25830048	-0.018779285	-0.07898567	0.017027821	0.0007387673	0.059200462	-0.0974481	-0.1023646	0.053027835	-0.19569552	0.0934592	-0.19512995	-0.22178712	0.28715202	0.0037896116	0.26804373	-0.20864335	0.12256122	0.20163408	0.0045819073	-0.1307325	-0.22875658	0.06859226	0.0154826	-0.06826641	-0.13334495	0.10123595	0.1522933	0.1730471	0.0633727	-0.19909298	0.021297066	-0.10878006	-0.123994	-0.07724756	-0.2720724	0.20127778	-0.1641356	-0.061694924	-0.21059555	0.25931707	0.16731969	-0.07408156	0.059191644	0.102288336
0.051750496	-0.11784122	-0.1805365	-0.05862957	0.042223074	-0.21673083	0.17690274	0.22329609	0.04373766	-0.046108607	0.12136925	0.0022774206	0.14793399	-0.068618014	0.17955497	0.21496525	-0.07829914	-0.18952669	0.10986914	0.122733265	0.092873394	0.037953373	0.12942334	0.039871342	0.20565623	-0.052036364	0.045209352	0.0835055	-0.046063796	0.2150455	-0.1010025	-0.113092646	0.17618272	0.11678873	0.12046628	-0.16226396	-0.025947725	-0.035220608	0.109967865	-0.0027664804	-0.01523088	0.04970678	0.102699354	0.11917914	0.017378043	0.03070108	-0.040265463	0.10310465	0.05412966	0.051674254	0.13661292	0.0023339202	0.006557507	0.04991453	-0.08056467	0.08044935	0.014692057	-0.21579874	-0.022354664	0.1971781	-0.060928017	-0.25533906	-0.062190488	-0.0075543355
0.589655	0.48922914	0.44278967	0.36327118	0.44270417	0.357067	0.41222745	-0.20932509	-0.40477964	-0.38370648	-0.3470412	-0.4459973	-0.42144144	-0.44062465	-0.52324426	0.33320713	-0.43821993	-0.36375064	0.48097873	-0.35002646	0.3243201	-0.43856883	0.47107273	-0.339386	-0.25953263	0.29701748	0.42569074	-0.47675258	0.40767762	-0.35892254	0.36170906	0.38718608	-0.09977508	-0.074340716	-0.43407744	-0.51925135	-0.29224828	0.0131834	0.4739295	0.4789707	0.24842542	0.2977921	-0.48135978	0.17528574	0.2523931	0.1148043	-0.49316362	0.22629501	-0.5307605	0.44092625	-0.41703227	0.48516375	0.16418882	-0.17880449	0.30672717	-0.38337615	-0.55826724	-0.19721498	0.28656128	-0.41550073	-0.49401018	-0.42481658	-0.5528449	0.4598285
-0.0388471	-0.160054	-0.19655654	-0.10135558	-0.11939895	-0.3098983	0.12155811	0.29961622	0.3122921	0.014314547	0.22282788	0.026474062	0.028472047	0.043111973	0.19714053	-0.06627132	-0.0313288	-0.17993581	0.0793772	0.22880965	-0.088029586	0.13304098	0.16297375	-0.12051789	0.17603947	-0.17072418	-0.0012792123	0.17841125	-0.23013948	0.20202234	-0.23869962	-0.2085288	0.30759576	0.13147818	0.20045234	-0.118460864	-0.10969342	0.21382183	0.12819532	-0.021759424	-0.075338416	0.09723894	0.10653701	-0.22976805	0.053164355	-0.037324	0.061602317	0.09894208	0.00160612	-0.13314754	0.114150986	-0.10241771	-0.09074009	-0.095024444	-0.3028173	0.34272325	0.124143064	-0.20873098	-0.09793584	0.28195745	0.048554704	-0.18772212	-0.03560617	-0.044651017
-0.04762227	0.42918226	0.34890258	0.5557926	-0.17562632	-0.07887075	0.38767746	-0.06308464	0.32481077	0.14114605	0.33850268	0.066292875	-0.27765295	-0.66865414	-0.3480505	-0.13149847	-0.028994717	-0.13940297	0.101283416	0.3092846	-0.102652706	-0.5432193	0.26388317	-0.42559206	-0.1733412	-0.04900389	-0.18511854	-0.39875856	0.034467693	-0.18604016	-0.30510622	-0.3703933	0.45818123	-0.18941264	0.18109795	-0.61815685	0.07831272	0.5612618	0.023002252	-0.045287862	-0.49618766	0.44590938	-0.3955612	-0.34698865	-0.25797796	0.22975466	-0.0074009974	0.15855162	-0.28737628	-0.30989113	-0.41464067	0.2267697	-0.48952168	-0.4848986	-0.3128667	0.34533784	-0.7006913	-0.013545841	-0.19864416	0.07819516	0.045384463	-0.11495406	-0.367863	0.55474395
-0.029323803	-0.15903386	-0.10891854	-0.019164668	-0.009317018	-0.2415465	0.19240732	0.29678842	0.09630408	0.044813775	0.24679334	-0.0600521	0.2214499	-0.16824046	0.23811886	0.2549185	-0.18571983	-0.42833486	0.20589428	0.2522627	0.23605333	0.0714351	0.33168516	0.041458566	0.29577497	-0.088487126	0.055052508	0.1412788	0.03710453	0.2169321	-0.2497351	-0.21170494	0.27020857	0.24492411	0.072049744	-0.32619223	-0.044906467	0.014711466	0.25782007	0.02813402	-0.1838709	0.066942	0.13286781	0.1829068	0.08568869	0.26960298	-0.044020142	0.31917962	0.14388931	-0.012812602	0.13747683	0.08295259	-0.10274533	0.04557209	-0.1944522	0.12901817	-0.11785777	-0.3770476	-0.0070266374	0.25386527	0.023556512	-0.40987784	0.021503989	-0.04421901
0.05075431	-0.00025381002	0.07087266	0.023148691	0.07145925	0.13613506	0.10549614	-0.12052685	-0.070401035	-0.06654018	-0.095046185	-0.04752421	-0.11338956	0.023480294	-0.09652606	-0.030848132	0.0150086265	0.040954612	0.009256664	-0.12452877	-0.024436038	0.029143656	-0.019574359	-0.08962562	-0.0809074	-0.035127677	0.0057695042	-0.10263844	0.05365746	-0.06408576	0.0907659	0.047928814	-0.043820318	-0.008694407	-0.092269465	0.03512841	-0.04766848	-0.036086515	-0.06290088	0.05018033	0.05843485	-0.04480381	-0.026169935	-0.034825873	0.029276038	-0.07757434	-0.08555424	-0.16289933	-0.12545554	0.08043465	-0.05964953	-0.04833194	0.01461321	0.01984462	0.05297148	-0.02262669	-0.0071874186	0.029283522	0.0024687832	-0.12977982	0.0112199625	-0.027134957	-0.0454759	-0.023869107
-0.0043181106	0.5340958	0.40891045	0.3037867	-0.18934432	0.26371408	0.34708124	-0.3715566	0.23247351	0.08944583	0.10973231	0.16103531	-0.4997778	-0.21239509	-0.6100268	-0.35784996	0.10065304	0.12702805	-0.018718325	0.085766815	-0.25224337	-0.35218117	0.05743051	-0.5106793	-0.38331488	0.12117661	-0.23045236	-0.55978423	-0.09066267	-0.46072313	-0.16884303	-0.18238972	0.22527337	-0.34943974	0.0739306	-0.3574833	0.12993662	0.44371593	-0.2689816	0.027314017	-0.24801059	0.3396568	-0.38837257	-0.4452934	-0.22437604	-0.3832865	0.06203673	-0.3760812	-0.6536221	-0.20801479	-0.393394	0.13616861	-0.21025778	-0.42142972	-0.099218324	0.15980308	-0.38733712	0.31159908	-0.123999596	-0.1618553	0.08246711	0.26663765	-0.5194075	0.371685
0.2609615	0.29392454	0.35352963	0.19893838	0.24685378	0.1988875	0.16222212	-0.14492938	-0.33766985	-0.16808356	-0.23568064	-0.2437303	-0.2436746	-0.12282449	-0.33397868	0.25871316	-0.0835035	-0.027374927	0.09284511	-0.16600463	0.1245043	-0.24701934	0.15748131	-0.07504103	-0.15701142	0.21098451	0.10020997	-0.37410462	0.317677	-0.23050599	0.29068777	0.2768096	-0.15430485	-0.11041841	-0.3119491	-0.14702682	-0.06731166	-0.074929036	0.056755517	0.23369482	0.18126486	-0.05882273	-0.21035182	0.17809927	0.10107725	-0.07155161	-0.23356363	0.0091258595	-0.23212278	0.25688115	-0.27242532	0.27316117	0.18058458	0.09980271	0.22748806	-0.2648642	-0.19594099	0.116349734	0.15162803	-0.27754617	-0.16514982	-0.034671247	-0.27242887	0.1350423
-0.41889116	0.0035909817	-0.06293858	0.28337237	-0.35874757	-0.1831893	0.021711158	0.019002944	0.2660934	0.31716323	0.32918495	0.3809603	-0.08501827	-0.29727837	-0.04448991	-0.14574087	0.2868113	0.06866038	-0.14902692	0.32121143	-0.23394376	-0.1926005	-0.13727711	-0.072671846	-0.0765512	-0.05707992	-0.4169849	-0.012302564	-0.39369217	0.047624577	-0.3087934	-0.3265759	0.27869928	-0.20267278	0.40429196	-0.17883416	0.36354867	0.20742367	-0.23248434	-0.38999742	-0.3048578	0.010827408	-0.13005334	-0.17766307	-0.29635832	0.20139086	0.43414754	0.043667883	0.12710583	-0.36425793	-0.13929024	-0.19856015	-0.26459146	-0.06971777	-0.3371337	0.32069308	-0.21030723	0.06953234	-0.40671885	0.22272398	0.3856211	0.05583421	0.052512035	0.08215392
0.135382	0.08076585	0.0662665	-0.0092423335	-0.023497725	-0.06694153	0.1737769	0.040188696	0.093056954	-0.020945534	0.0111282095	-0.023401523	-0.14866252	0.0037909646	-0.09221792	-0.024953809	-0.108436294	-0.1278188	0.08783028	0.0005921952	-0.09376039	-0.044079904	0.1931642	-0.21231268	0.01000227	-0.028885992	0.044250086	-0.028183766	-0.014763249	0.030936344	-0.0849135	-0.047307096	0.15221643	0.06187051	-0.0046107033	-0.13515536	-0.042778175	0.10620348	0.02768792	0.0945116	0.007834596	0.13483533	-0.038197964	-0.16029944	-0.011547023	-0.022474982	-0.018702753	-0.013441798	-0.11708779	-0.011076961	-0.02700104	0.078356035	-0.06840406	-0.11470817	-0.09322891	0.064779155	-0.03699771	-0.11426857	-0.09142194	0.032769766	-0.06816808	-0.13509712	-0.15685746	0.16728963
0.011455425	0.24428587	0.337445	0.221757	0.19028743	0.30655596	0.021734223	-0.25314483	-0.42776823	0.065897174	-0.22183576	0.0019836894	-0.13913213	-0.20171127	-0.28705272	0.29293525	0.08921098	0.1290647	-0.12654606	-0.18022491	-0.053968735	-0.29534423	-0.10681708	0.14824598	-0.26896542	0.33049923	-0.084866576	-0.2786009	0.32938838	-0.23929209	0.1885411	0.28251234	-0.30626366	-0.19097193	-0.1701882	-0.17595726	0.12890355	-0.261353	-0.18127745	-0.0047843126	0.11075035	-0.21943116	-0.2575207	0.21900472	-0.088069424	0.10815306	0.05313207	-0.036119733	-0.019276295	0.13510552	-0.27107644	0.11090894	0.043484177	0.22759664	0.28308862	-0.38134986	-0.25074872	0.16775161	-0.0107512595	-0.31357315	0.06116294	0.043883372	-0.089378424	0.14341466
-0.617376	-0.67100453	-0.34966925	-0.5849463	0.0740598	0.5351086	-0.45425832	-0.499594	-0.6443573	0.3683694	-0.5460167	0.5033266	0.48912814	0.6912224	0.4265521	0.23128386	0.57306474	0.53418595	-0.6106169	-0.5987507	-0.17393006	0.69698364	-0.6089668	0.60494196	-0.3630608	0.28672555	-0.25673777	0.635169	-0.52119195	-0.23376407	0.4732526	0.536021	-0.5584191	-0.164501	0.0727068	0.5849435	0.4702573	-0.6184617	-0.5663694	-0.56191534	0.6367775	-0.6266575	0.45856655	0.6296901	0.05413992	-0.011000861	0.59046054	-0.6195923	0.60207266	0.4604046	0.42119607	-0.6227847	0.6672773	0.5213837	0.5493321	-0.5563401	0.7898557	0.50576293	0.009733406	-0.55882144	0.50262463	0.46895567	0.5548832	-0.5691683
-0.058319658	-0.2156263	-0.12904567	-0.11278651	0.04776321	0.03156816	-0.09312658	0.05084298	-0.17762998	0.0007733813	-0.040739316	0.052809913	0.11203973	0.107496075	0.086929426	0.13857986	0.10586354	-0.00065360696	-0.06743411	-0.11430028	0.02206581	0.12281876	-0.07532782	0.21363756	0.03071017	0.068985194	0.027048638	0.1357785	-0.015615008	0.1026368	0.06757485	0.11218016	-0.14900184	0.04363027	-0.017856477	0.16218956	0.007585568	-0.25202337	-0.04884504	-0.09878907	0.17192912	-0.15165249	0.12554847	0.18551612	0.07820183	0.010101121	0.069248915	-0.025298098	0.176977	0.10970599	0.13925658	-0.19420445	0.1941156	0.19992974	0.086354606	-0.13768041	0.2193199	-0.023852821	0.018178072	0.0295522	0.056839436	-0.031807527	0.14187711	-0.19411197
0.18719852	-0.18397777	-0.18517339	-0.1754085	0.15334873	-0.13266553	0.23025186	0.26016825	0.1452885	-0.25820976	-0.036235087	-0.24488693	0.15713887	0.2257298	0.14317098	-0.025783991	-0.24236974	-0.26502532	0.28471902	-0.11339521	0.12391019	0.21013424	0.27997747	-0.21959023	0.2448188	-0.23552509	0.17938283	0.19017477	-0.11697506	0.2466833	-0.045438435	0.11366372	0.21022321	0.26118636	-0.10813026	0.020557387	-0.29711774	0.008261557	0.31273076	0.28014982	0.118519135	0.27374613	0.22347553	-0.088298135	0.21536368	-0.23285669	-0.28213215	-0.15894412	-0.24977301	0.17704429	0.28022772	-0.04612482	0.20328054	-0.24237955	-0.07034047	0.12537691	0.12974127	-0.2778787	0.18348016	0.16642743	-0.23807015	-0.33590788	-0.22694221	-0.051899824
-0.18515623	-0.3332598	-0.3253168	-0.066545844	-0.022583598	-0.23561941	-0.07025862	0.2746685	-0.043918505	0.14207035	0.15291616	0.0100938855	0.37066406	-0.08027046	0.40449616	0.29685038	0.03263827	-0.10184711	-0.008876597	0.15867373	0.22795121	0.24663587	0.007403453	0.3368946	0.35396838	-0.1480662	-0.0402524	0.39274088	-0.19107136	0.3462245	-0.08097383	-0.14268155	0.008383822	0.2137066	0.18712911	0.01766235	0.10164446	-0.19070101	0.14866593	-0.19743897	-0.04751741	-0.24221736	0.3335858	0.3025538	0.08103039	0.25077897	0.14887345	0.15492964	0.37769234	0.016083308	0.22881185	-0.24123079	0.10436038	0.18493631	-0.10806448	0.0756755	0.04880325	-0.251887	-0.08485839	0.28998685	0.11702981	-0.1512042	0.2639321	-0.2722281
0.20836237	-0.24410498	-0.14145665	-0.22326696	0.33196762	0.059727717	0.23910914	0.119364806	-0.0055577904	-0.28426003	-0.34397385	-0.26564246	0.1312558	0.25011036	0.1542135	0.15977466	-0.16134652	-0.107289195	0.17800926	-0.3685657	0.047089458	0.24060349	0.09933474	-0.016835751	0.1537689	-0.19530533	0.2671142	0.2283135	-0.01758312	0.16929825	0.21370272	0.28341898	0.025941003	0.26215318	-0.2321158	0.29055253	-0.20750165	-0.3333121	0.14453574	0.18365794	0.3651171	-0.03148314	0.21750572	0.17650793	0.22088201	-0.23792468	-0.21754254	-0.36269927	-0.15668043	0.35630193	0.18836695	-0.045372423	0.3644149	0.017917406	0.11798941	-0.08741337	0.2883774	-0.22047545	0.17853433	0.013706136	-0.20168549	-0.21982446	-0.07099821	-0.2081114
0.016796103	0.16279489	0.018187646	0.070970565	-0.21261165	-0.16384713	0.2123344	0.023031032	0.49000248	-0.02066417	0.13157721	0.14032276	-0.3603417	-0.055933904	-0.2873486	-0.3395322	0.07892381	-0.00379544	0.13057443	0.22483481	-0.24278142	-0.08692615	0.12957373	-0.43654907	-0.13425808	-0.20993176	-0.09320482	-0.11536906	-0.26706636	-0.04064241	-0.24960296	-0.27411306	0.3596212	-0.08374415	0.21521543	-0.14775091	-0.04281623	0.48820525	-0.09021329	-0.025199343	-0.22227304	0.2959429	-0.20074622	-0.4113868	-0.13079514	-0.2129708	-0.038384464	-0.08627462	-0.30175826	-0.20613113	-0.10611345	-0.0481418	-0.18708171	-0.3490395	-0.3365788	0.3462587	-0.06055229	0.026837848	-0.21981734	0.17505145	0.064167075	0.07733914	-0.24517883	0.2050322
-0.14188027	0.04068862	0.07907025	0.14766185	-0.16574381	-0.07847697	0.08306666	-0.05855484	0.045906816	0.17280477	0.17823637	0.20826007	-0.03881546	-0.25728267	-0.088898376	-0.025125427	0.12318457	-0.05863741	-0.10459865	0.13137303	-0.04450176	-0.16821684	-0.06203234	-0.0041203494	-0.03809228	0.06564556	-0.20451082	-0.07136284	-0.065017454	-0.04641234	-0.098831005	-0.12128394	0.0897159	-0.123418085	0.20668827	-0.18783014	0.23214492	0.076347366	-0.09419019	-0.19657125	-0.23308037	-0.058392707	-0.19795248	-0.04162511	-0.1589358	0.19311735	0.16295433	0.13746838	0.07439877	-0.21666095	-0.17458807	-0.040380616	-0.24628723	-0.02077788	-0.09047363	0.1251026	-0.23773722	0.09453837	-0.14123464	0.092264034	0.1390204	0.012253848	0.0062863384	0.10290681
0.23654869	-0.03304206	-0.16400877	-0.12385484	-0.015967248	-0.15822056	0.24381655	0.18323205	0.42023286	-0.2023595	0.04308636	-0.12007545	-0.106941305	0.16249321	0.029024115	-0.21003094	-0.22234946	-0.2115157	0.22460176	0.055394463	-0.08725862	0.101236366	0.29663762	-0.32270676	0.10342164	-0.3104043	0.15589015	0.04921401	-0.19383092	0.16150202	-0.16805309	-0.08365118	0.3140135	0.12289214	0.031382363	-0.032039244	-0.27650627	0.34704265	0.2191212	0.2351499	0.021643013	0.27404886	0.12209959	-0.28427228	0.13685541	-0.33977506	-0.22270252	-0.19579199	-0.25529692	-0.061938103	0.07351916	0.0054861833	-0.032804403	-0.30692178	-0.1506716	0.24853745	0.099921055	-0.1495589	-0.04155399	0.15579516	-0.13730635	-0.13899656	-0.15907623	0.024602044
-0.07124397	-0.048880562	-0.20648187	0.12129109	-0.20101905	-0.50246745	0.37529758	0.43681192	0.4512362	0.109278776	0.5315317	-0.0068019293	0.078165494	-0.4459246	0.18348616	0.08429911	-0.13834657	-0.39959505	0.2567074	0.4651268	0.16946729	-0.023661625	0.39166838	-0.18705022	0.31144524	-0.2339679	-0.100362316	0.06545441	-0.1549333	0.35731068	-0.44524485	-0.45513567	0.6081284	0.201714	0.2982809	-0.5746691	0.033586808	0.3920623	0.272327	-0.021679224	-0.48679036	0.3108214	0.060158737	-0.044525806	-0.07775899	0.3341297	0.11900975	0.45643005	0.11617962	-0.22627683	0.021557638	0.17044908	-0.34633723	-0.22129376	-0.47531375	0.49333993	-0.40176898	-0.3455079	-0.11409331	0.494649	0.028590314	-0.37095004	-0.1230026	0.22187161
-0.12258793	-0.016399216	-0.0025182797	0.13922514	0.012274175	-0.020658975	-0.020788165	0.097888514	-0.1922437	0.1616201	0.10141651	0.08675657	0.15166178	-0.14393698	0.082558304	0.24533598	0.08108559	-0.0524165	-0.11265596	0.03719528	0.11048835	-0.04713261	-0.055223968	0.20200755	0.045469854	0.16161822	-0.09464015	0.02929037	0.04471485	0.037033845	-0.00054932956	-0.009083626	-0.036817074	-0.0731528	0.044508502	-0.16700889	0.16521698	-0.20028193	-0.039901566	-0.04946122	-0.0050379005	-0.17961814	0.035311807	0.24515593	-0.032932743	0.21746053	0.113502204	0.185739	0.16800445	-0.022870407	0.0092539545	-0.009848866	0.023487387	0.23369426	-0.002123498	-0.13231422	-0.12253922	0.017488653	-0.054000057	0.03761022	0.09829381	-0.10076247	0.05948796	-0.04798468
-0.12137812	-0.049061865	-0.18480368	0.119589545	-0.14299752	-0.45206845	0.27817893	0.40996507	0.23556338	0.03759303	0.42353934	0.05761654	0.08944005	-0.24296987	0.13219367	0.13055831	-0.12408178	-0.45364025	0.1633598	0.3470998	0.11917273	-0.06358505	0.33456194	-0.101583295	0.24294811	-0.14303656	-0.08204599	0.047357835	-0.12950715	0.29397166	-0.38704532	-0.32983723	0.46329868	0.1090009	0.284275	-0.45104307	-0.008739217	0.2707909	0.22779718	-0.013578484	-0.3248398	0.2077185	-0.00959339	-0.036508817	-0.066519625	0.1922506	0.12690647	0.2616752	0.10877661	-0.19365485	0.010515146	0.022315126	-0.20215018	-0.24076226	-0.3521533	0.33350348	-0.20566422	-0.31535056	-0.13033824	0.45191845	0.027039269	-0.39297447	-0.06083983	0.20826226
-0.38717547	-0.38921773	-0.4140589	0.09480827	-0.262825	-0.3686654	-0.03698396	0.39662507	-0.058863606	0.3597446	0.4510921	0.19792394	0.48314407	-0.36965698	0.4749031	0.36529285	0.101563714	-0.23624298	-0.14822346	0.38543603	0.13864008	0.05205506	-0.08653913	0.3601228	0.3926496	-0.07466434	-0.30960143	0.3875603	-0.30257657	0.4199739	-0.3055765	-0.3182429	0.16757163	0.12954815	0.44605362	-0.18897812	0.29589522	-0.11716945	0.1581745	-0.29944232	-0.2840507	-0.27687603	0.32262412	0.3430062	-0.20243199	0.3937733	0.32450733	0.35851073	0.45235798	-0.10149021	0.32271835	-0.24347848	-0.091471106	0.26266506	-0.3536025	0.29638362	-0.057412475	-0.33396265	-0.26944217	0.42669365	0.28564966	-0.3243703	0.3287347	-0.13649502
-0.040438425	-0.40796483	-0.43321595	-0.13159288	-0.11076648	-0.30131617	0.035013955	0.40590557	0.14941818	0.053236417	0.24705034	0.017291991	0.2683915	-0.08149143	0.40165845	0.19223705	-0.08895948	-0.21280724	0.122602336	0.15383762	0.06433039	0.14716762	0.08866852	0.10808495	0.3703779	-0.12883349	-0.06173633	0.3220608	-0.2995203	0.40414846	-0.21459137	-0.17508124	0.22537151	0.16749486	0.21429268	-0.064485155	-0.031272065	-0.011428699	0.14344743	-0.08133349	-0.036963627	-0.04064588	0.2537382	0.07450307	0.011032228	0.11258712	0.03658221	0.18294777	0.17917518	-0.013833193	0.2951067	-0.117723845	-0.040825937	0.033935085	-0.21604921	0.29557323	0.10413159	-0.25174734	-0.15293817	0.3834894	0.0333428	-0.2811001	0.093211405	-0.16669266
0.20650625	0.037742436	0.0607705	-0.0045439387	0.29163754	0.073728584	0.112918556	-0.042339917	-0.27274194	-0.12358327	-0.20280783	-0.18758361	0.027690006	0.033700675	0.011672646	0.3343841	-0.17705512	-0.11966084	0.051600475	-0.16223925	0.24543978	0.050049305	0.114915565	0.06988617	0.048620574	0.12243715	0.14055511	-0.024359765	0.20982896	-0.054957654	0.24891055	0.26074556	-0.15869959	0.0671968	-0.18301508	0.01403634	-0.13420622	-0.34233296	0.109459884	0.13725075	0.22687219	-0.04220825	0.057386853	0.30760056	0.19413927	0.024100287	-0.10358564	-0.035655253	-0.03204539	0.29570243	0.04400462	0.11254874	0.20164904	0.12769224	0.2268462	-0.28633392	-0.060552567	-0.106886744	0.23941717	-0.13473673	-0.20052102	-0.16213109	-0.10220117	0.03534382
-0.40368032	-0.38426363	-0.3571893	0.04756201	-0.21167019	-0.21086694	-0.07160057	0.27084866	0.067489184	0.22964984	0.2990418	0.21344164	0.41473275	-0.12534842	0.49415854	0.27803147	0.16830902	-0.083313964	-0.16039005	0.23415956	0.059217345	0.1828698	-0.109787144	0.3550014	0.36037514	-0.07041443	-0.20662388	0.40457693	-0.31158763	0.37322602	-0.17048542	-0.1741885	0.08413814	0.1415824	0.32481435	-0.052253406	0.26015058	-0.19034164	0.012015908	-0.3736072	-0.20885092	-0.288785	0.3507577	0.32541147	-0.104188256	0.3503713	0.35773686	0.17697927	0.46248537	-0.12825032	0.2829856	-0.34368357	-0.039538674	0.2775837	-0.20863566	0.10922278	-0.0011391335	-0.158853	-0.25001022	0.3385997	0.24823849	-0.15055841	0.3890459	-0.2023222
-0.2897542	0.65391415	0.6812543	0.46269107	-0.41992807	0.22499485	0.3369023	-0.6690657	0.6314733	0.3256734	0.2513796	0.49616417	-0.62903994	-0.37519222	-0.7444566	-0.6310284	0.5541741	0.5148892	-0.44615933	0.31609294	-0.54002714	-0.53982115	-0.39803562	-0.63146394	-0.6398975	0.16607709	-0.50872004	-0.7087181	-0.30376473	-0.56509197	-0.3006513	-0.3420305	0.40511143	-0.5743437	0.30666202	-0.4768412	0.4081224	0.6688574	-0.56661856	-0.28979716	-0.45513034	0.652072	-0.62354994	-0.7005814	-0.45915502	-0.6625778	0.2569246	-0.5918873	-0.6612148	-0.5588151	-0.58323854	0.05076416	-0.5239051	-0.5760514	-0.30180445	0.39231935	-0.5673729	0.6942012	-0.43320525	-0.041754577	0.35417992	0.6086879	-0.63502616	0.48651883
0.14545685	0.012913684	0.10280637	-0.004546604	0.0603219	-0.062293276	0.20021465	0.07364189	0.01835355	-0.1323132	-0.056574237	-0.09927166	-0.065574326	-0.11186384	-0.048243687	0.12344608	-0.12515128	-0.21133117	0.12536833	0.009041878	0.0392776	-0.057096522	0.17953181	-0.15096185	0.01330661	0.02138619	0.08685966	-0.09210904	0.12157466	-0.005470921	0.0288967	0.025448518	0.09998349	0.050143603	-0.11834408	-0.18592903	-0.06402854	0.051825725	0.091984466	0.09643462	0.05187871	0.14933129	-0.061228544	0.039684	0.104524404	0.012702016	-0.09601302	0.060888417	-0.112932734	0.099188365	0.00628567	0.09861119	-0.023345757	-0.09114338	0.008582928	-0.067135595	-0.07915324	-0.060678836	-0.0015985073	0.013885663	-0.05818175	-0.20605992	-0.16764966	0.12904425
-0.011681843	0.12530944	0.31189317	0.27041912	0.2270081	0.3765517	-0.20965442	-0.3993369	-0.7023951	0.13452218	-0.34089473	0.017419105	0.23220694	-0.007516683	-0.037928198	0.44933048	0.13885239	0.24184312	-0.27918094	-0.33531752	0.11833329	-0.12606151	-0.16453178	0.4855946	-0.20318298	0.45820934	0.044348884	-0.14112735	0.24483944	-0.2696065	0.36530927	0.46453166	-0.5312265	-0.21145004	-0.29373828	0.15818822	0.21589208	-0.67475486	-0.107361436	-0.06618727	0.47335574	-0.46890038	0.009184479	0.60552126	0.071074404	0.38276038	0.12667775	-0.11448683	0.3315099	0.36830732	-0.096843734	0.0026309204	0.35636	0.54020965	0.41062403	-0.55256563	-0.008538503	0.2162597	0.22922118	-0.41873202	0.03915122	0.16046993	0.172708	-0.15293689
-0.01951958	0.2113521	0.19174446	0.13581496	0.041741963	0.14066994	0.07379188	-0.1982271	-0.101882935	-0.056554448	-0.055844076	-0.011350025	-0.1520157	-0.041189115	-0.19125678	-0.0099591315	-0.012883042	0.020658672	-0.007700014	-0.074989446	-0.117205426	-0.14568171	-0.045938965	-0.10559947	-0.1209797	0.05454658	-0.08201771	-0.14947075	0.031122029	-0.18095228	0.021956734	0.09563029	-0.043884285	-0.091126636	-0.06260278	-0.14131513	0.0032518548	0.0371725	-0.114122026	-0.018246626	-0.024565293	0.061345067	-0.14510009	0.025458058	-0.073933475	-0.0029701304	0.027259888	-0.05010647	-0.08490724	-0.0010175128	-0.13384138	0.07138889	-0.06759679	-0.0046185683	0.015386853	-0.038351834	-0.087923	0.151607	-0.013865925	-0.10764017	-0.022484263	0.085319795	-0.1727633	0.17074764
0.34385228	-0.059909847	-0.06009794	-0.16031973	0.31345496	0.014575181	0.24528928	0.109853566	-0.0057488596	-0.2522335	-0.20718269	-0.27799067	0.051380787	0.14994654	0.13944994	0.13668269	-0.22376424	-0.23254883	0.31113955	-0.20786421	0.23717825	0.18964921	0.30119857	-0.13435726	0.21104833	-0.18519834	0.2873722	0.035791438	0.03770649	0.19418484	0.11778555	0.18940002	0.093260884	0.28160328	-0.23411015	0.07821973	-0.24364115	0.037408333	0.27754834	0.25313392	0.19726217	0.12972404	0.19170445	0.062640525	0.29194835	-0.14844036	-0.26404914	-0.1364291	-0.17992125	0.30866665	0.19369932	0.13646562	0.24567686	-0.07494654	0.11538618	0.0062093637	0.16174436	-0.28340796	0.22170658	0.04267248	-0.2764144	-0.30423594	-0.13879964	-0.04620868
0.52375954	-0.3424134	-0.32761773	-0.43764672	0.36989367	-0.27337664	0.4517966	0.34091192	0.4257154	-0.50187814	-0.33076817	-0.43373853	-0.0140836425	0.44409445	0.20966741	-0.26722485	-0.5098281	-0.3406409	0.5559285	-0.3326805	0.07344856	0.37940654	0.52825934	-0.55177397	0.2775389	-0.41307896	0.45785815	0.2979052	-0.2079372	0.3036154	0.1095579	0.19205877	0.40249604	0.35056114	-0.24329656	0.31156272	-0.4977687	0.2443596	0.5159835	0.44177938	0.35642856	0.49061272	0.40112284	-0.37368256	0.3903395	-0.5016202	-0.57114613	-0.43009254	-0.5330862	0.36311033	0.35130355	-0.031055754	0.37055254	-0.47753483	0.0037001388	0.2361035	0.42772296	-0.3486301	0.3709912	0.25463003	-0.46406388	-0.3787904	-0.49177542	-0.22450767
0.45534328	0.5710223	0.54811853	0.64220697	0.46138895	0.5107063	0.40990713	-0.48866543	-0.6108038	-0.2512251	-0.46684718	-0.40591705	-0.46411607	-0.598826	-0.57275915	0.5098286	-0.29682925	-0.22141545	0.25271308	-0.38511193	0.24199457	-0.64220124	0.34551615	-0.19864832	-0.50566113	0.5155225	0.29013622	-0.6369631	0.51903695	-0.48893872	0.4343732	0.44486317	-0.39664486	-0.36913925	-0.500429	-0.4851198	0.010953865	-0.39508685	0.24653313	0.3722485	0.33954203	-0.072888605	-0.68326646	0.50667155	0.118298315	0.3630444	-0.35555264	0.16596666	-0.42549276	0.40728873	-0.6433949	0.47757795	0.21612391	0.11676001	0.3804513	-0.54883486	-0.6891113	0.16187172	0.25925487	-0.5459641	-0.38373673	-0.21918827	-0.44057336	0.49307743
-0.31109515	-0.42281795	-0.4470745	-0.08906375	-0.24101728	-0.22150807	-0.084107496	0.2061435	0.26624447	0.20164992	0.25966138	0.22116263	0.28361407	0.031863507	0.32174996	-0.09621831	0.10365639	-0.002752879	-0.12575848	0.18873827	-0.018375183	0.26589546	-0.13466164	0.12532763	0.15155397	-0.2162801	-0.14941765	0.3923846	-0.47752023	0.26647106	-0.22445475	-0.22205684	0.18406324	0.14354102	0.3708556	0.08696766	0.082379565	0.05334889	-0.045932796	-0.22309591	-0.13616402	-0.07263242	0.2809035	-0.03241033	-0.07283438	0.15512557	0.23263294	0.056860905	0.24787204	-0.163282	0.19687566	-0.36986205	-0.104800455	0.06410468	-0.23916355	0.3067838	0.19938922	-0.12640892	-0.27324215	0.24500161	0.2359301	0.028527554	0.2782896	-0.24784262
-0.14027476	0.082138166	0.03912081	0.25955915	-0.15572384	-0.20405513	0.04846868	0.1730608	0.06850916	0.14257368	0.22356197	0.12344583	-0.029589916	-0.25733858	0.05582822	0.115369976	0.13323744	-0.17622843	-0.09697461	0.26565602	-0.04142913	-0.18525791	0.021590222	0.01632284	0.041774925	0.08866513	-0.1452889	-0.16977306	-0.017266734	0.006185879	-0.24894035	-0.23858452	0.18368934	-0.06361852	0.23819311	-0.38188732	0.18486516	0.12695158	-0.0793971	-0.1230494	-0.26679638	0.03908285	-0.14279954	-0.036293987	-0.16231146	0.24769716	0.14143515	0.2425573	0.1490962	-0.22759083	-0.13340448	0.013351	-0.26362163	-0.101269946	-0.2077429	0.14146617	-0.2459234	-0.11072462	-0.18462083	0.18862396	0.18717779	-0.15586923	-0.05912008	0.22640488
-0.087113515	0.2151341	0.2093197	0.111144625	-0.21558426	0.19714655	0.04038048	-0.34858173	0.26629257	0.08494692	0.025970826	0.24702592	-0.4019037	-0.004776614	-0.3863178	-0.38578677	0.24872285	0.29632127	-0.13792203	0.09865376	-0.39990878	-0.20007962	-0.13703594	-0.246476	-0.3315188	0.089883864	-0.19969448	-0.20241757	-0.1932219	-0.34576923	-0.13571526	-0.12275788	0.08597204	-0.24186921	0.17623383	-0.05343225	0.1363053	0.29286456	-0.3539735	-0.15420648	-0.14914133	0.12771419	-0.31701687	-0.3222996	-0.22120145	-0.32050982	0.14206816	-0.38304445	-0.24307793	-0.32843685	-0.2962944	-0.058127794	-0.17113234	-0.14813897	-0.1301015	0.20444208	-0.10115679	0.35447758	-0.21904682	-0.08093833	0.1618358	0.3190721	-0.14341742	0.11000615
0.13670512	-0.005594035	0.024457864	0.09026958	0.14842784	-0.033410102	0.19253032	0.10639003	-0.06704421	-0.0388681	0.052014593	-0.09908463	-0.010556142	-0.102597594	0.05574993	0.25676453	-0.13116023	-0.17932652	0.1417358	0.03970901	0.107228614	-0.031186026	0.13595368	-0.05252028	0.113227405	0.01997063	0.015969494	-0.02773266	0.1309868	0.027386693	0.042408373	0.07599943	0.03975044	0.06141635	-0.05191996	-0.13498797	-0.057491977	-0.013691041	0.112614535	0.1126298	-0.030389778	-0.0010178447	0.0020157164	0.11574301	0.001852551	0.072227634	-0.06292945	0.12636128	0.028621264	0.05438593	-0.03469218	0.108716086	-0.0029443635	-0.010869281	-0.030561024	-0.05422584	-0.09787268	-0.14169903	0.0101490915	0.021416454	-0.043806244	-0.15766472	-0.15106173	0.137088
0.13706638	0.28951067	0.28967044	0.31104583	0.10617949	-0.038144264	0.26370215	0.058153577	-0.29990155	-0.03257081	0.06724729	-0.13466224	-0.040743746	-0.49517313	-0.15832593	0.34764025	-0.1504912	-0.32999325	0.1368988	0.0657162	0.25992993	-0.31365326	0.2795498	-0.05985827	0.0740011	0.25324017	0.043246303	-0.31403658	0.29799256	-0.07213233	0.043053288	-0.006396324	-0.036821004	-0.03399777	-0.13719033	-0.49451947	0.04445811	-0.023436831	0.29070532	0.06170328	-0.051405523	0.1259674	-0.20485333	0.30118552	-0.0066154706	0.3009209	-0.056650482	0.32445163	-0.019911012	0.119759314	-0.18651907	0.35155594	-0.15665539	0.003959063	-0.0070951255	-0.14616981	-0.44398856	-0.16213232	0.13149668	-0.017704824	-0.15749142	-0.32718262	-0.2516771	0.38115594
-0.10814814	-0.00445228	-0.0014654974	0.1070199	-0.10780171	-0.123232886	0.06978988	0.14594842	0.051162973	0.07885614	0.23257788	0.041080527	0.10602829	-0.16845827	0.019179914	0.046709284	0.0565966	-0.09119914	0.0068110223	0.1641625	-0.028417964	-0.07084912	0.051955804	-0.0010125297	0.15180862	0.022223558	-0.13239421	0.01189735	-0.050901417	0.08948148	-0.14222355	-0.20380226	0.16120131	-0.02576049	0.13757087	-0.18294673	0.13733634	0.09793162	0.015030286	-0.061454542	-0.16001065	-0.0017017913	0.0037561918	-0.016805382	-0.064460956	0.1671355	0.16187751	0.22277227	0.1698614	-0.083663724	-0.0069402973	0.0062786057	-0.12836249	-0.047016624	-0.14233834	0.118517876	-0.17579538	-0.061376583	-0.16309042	0.15451278	0.11376444	-0.14373803	0.049359538	0.12169451
0.26538345	0.3399579	0.47014016	0.23164645	0.4210027	0.5734672	-0.017232561	-0.46348947	-0.6189197	-0.12995748	-0.61185455	-0.20855255	-0.18871196	-0.12837298	-0.37587908	0.4300567	-0.019064125	0.14413124	-0.050161272	-0.5372679	0.17186837	-0.2910969	-0.014763776	0.20968883	-0.2730314	0.35297468	0.12633966	-0.3381786	0.38208038	-0.429343	0.5318617	0.5232175	-0.5063547	-0.28930753	-0.48475623	-0.093983345	0.046776168	-0.52236843	-0.04771578	0.121147566	0.5012511	-0.26671088	-0.23004442	0.46360433	0.09619078	0.19313031	-0.19425654	-0.16360162	-0.06741589	0.47038826	-0.28963396	0.28938985	0.33513236	0.28012374	0.50586665	-0.5778444	-0.2034869	0.29997516	0.3115601	-0.54190195	-0.18624742	0.17265846	-0.1677983	0.107188195
0.25348285	-0.15707673	-0.19130014	-0.23351789	0.2574793	-0.16985561	0.286531	0.33169252	0.02579862	-0.24812971	-0.06178332	-0.25737858	0.28416726	0.20044495	0.18393905	0.21908893	-0.28477505	-0.31559452	0.3019665	-0.12936561	0.2589873	0.2067382	0.32693052	-0.06443817	0.32183906	-0.2063273	0.28563622	0.1256896	0.056573298	0.31363308	0.048589252	0.15728156	0.06436191	0.24815217	-0.20307748	0.027926432	-0.22082135	-0.13908443	0.36907247	0.21410853	0.23402199	0.15080458	0.3405305	0.16468544	0.23228905	-0.06814986	-0.26639846	-0.016106058	-0.14486112	0.26144156	0.311864	0.04726469	0.21835254	-0.08739669	0.052337177	-0.013035265	0.09480995	-0.36553773	0.18217671	0.10838875	-0.21701747	-0.38214198	-0.20847686	-0.14888613
0.16091992	0.38126057	0.49682584	0.29849583	0.21113966	0.56727993	0.0025131602	-0.5792825	-0.2970139	-0.04722333	-0.3900599	-0.04554297	-0.23658772	-0.041156515	-0.44212297	0.024710855	0.062503	0.21482353	-0.10722992	-0.32616875	-0.045202404	-0.31055623	-0.071183994	-0.013054116	-0.44151008	0.40311342	0.08908011	-0.3803328	0.28497347	-0.58088696	0.29231116	0.2802963	-0.24842405	-0.33937955	-0.25029516	-0.000670138	0.06594071	-0.1543352	-0.116687976	0.032230906	0.21346827	-0.10128644	-0.28136095	0.07465023	-0.0008821348	-0.22406158	-0.057548225	-0.28761992	-0.21386696	0.10219007	-0.36646312	0.09418366	0.10995084	0.07270368	0.27406102	-0.2931275	-0.16331753	0.4096242	0.14928405	-0.5996957	-0.048299197	0.2202218	-0.10664762	0.080623925
0.21884607	-0.37144947	-0.4751946	-0.37967667	0.122045144	-0.4560147	0.32479897	0.44762504	0.4940842	-0.3083431	0.117165886	-0.21868542	0.07324491	0.31767514	0.29524577	-0.17724027	-0.30157313	-0.37557518	0.38469213	-0.008681085	-0.050269805	0.36939168	0.39702258	-0.35066724	0.38582993	-0.3450476	0.28584084	0.40790108	-0.45371097	0.44767705	-0.2945388	-0.13335045	0.54288864	0.32969525	0.092961274	0.054272283	-0.33959845	0.36437565	0.3681265	0.27032098	0.074344225	0.34588215	0.41475534	-0.32401183	0.28673252	-0.29059243	-0.2678693	-0.2770598	-0.3156592	0.10960528	0.41508898	-0.16939156	0.1821738	-0.3762939	-0.36272004	0.43551672	0.31767222	-0.4199834	0.04199964	0.50461197	-0.21340398	-0.41786772	-0.18245761	-0.20373452
0.51584065	-0.47134402	-0.54258966	-0.5437568	0.3555351	-0.321233	0.36811373	0.4917982	0.5294206	-0.43617508	-0.16916694	-0.46179873	0.24129753	0.6188443	0.3772378	-0.2001041	-0.44662604	-0.40508673	0.5559255	-0.3078983	0.16388851	0.5571465	0.4878516	-0.4221932	0.44417977	-0.46718058	0.45265928	0.5041227	-0.37140694	0.49099508	-0.007749924	0.17585665	0.40168485	0.50005686	-0.22138405	0.3909096	-0.53548115	0.17259228	0.49436098	0.47835916	0.46891862	0.45472515	0.5308949	-0.27741784	0.47170314	-0.56564754	-0.53218746	-0.41930187	-0.41622838	0.35813788	0.4884588	-0.21693668	0.46409565	-0.40822724	-0.14150292	0.3982228	0.53851634	-0.47021148	0.36977684	0.4529237	-0.41136846	-0.39754102	-0.27678317	-0.4642441
0.5173446	0.50326735	0.5858472	0.4381946	0.50887424	0.6198387	0.34953496	-0.5017878	-0.5969107	-0.33708706	-0.5913878	-0.41517076	-0.475513	-0.32411936	-0.5699052	0.4685239	-0.2317058	-0.05741557	0.20571132	-0.5578201	0.28331673	-0.4072111	0.25752655	-0.035003304	-0.43769827	0.5085303	0.38287508	-0.5661919	0.5815284	-0.5134861	0.55268115	0.6088816	-0.45616654	-0.30685067	-0.5140152	-0.33786476	-0.09515499	-0.40770814	0.11672221	0.4092581	0.45912108	-0.123531125	-0.38257682	0.41167095	0.2459905	0.08491478	-0.38431934	-0.0011893198	-0.46233773	0.5054123	-0.43236065	0.4069703	0.34928587	0.20847842	0.5108025	-0.5500193	-0.40364322	0.18529543	0.42456356	-0.6237515	-0.4188681	-0.053024445	-0.4573091	0.37183744
0.31616825	-0.23226237	-0.2767379	-0.34132034	0.040081237	-0.32757938	0.34650564	0.4292351	0.4295266	-0.2934148	0.117042094	-0.21874806	0.08499129	0.28603214	0.23215894	-0.24794759	-0.39110503	-0.4073247	0.45414174	0.11414024	0.011712843	0.31564456	0.38222978	-0.44411474	0.29465163	-0.3396328	0.2927647	0.25890902	-0.25135878	0.3550637	-0.25982803	-0.17632419	0.48131713	0.3287125	0.07686507	0.043630227	-0.36942014	0.38377798	0.44064617	0.3157523	0.01216252	0.4324963	0.32967085	-0.30660757	0.24558306	-0.37868702	-0.2938603	-0.14847524	-0.3784645	0.07595895	0.33136418	-0.0777456	0.16495262	-0.3712462	-0.31473935	0.3180661	0.31783447	-0.44955784	0.11302403	0.3941529	-0.31834814	-0.3665412	-0.1896932	-0.090356484
-0.069098294	-0.36130708	-0.353423	-0.14284216	-0.0845132	-0.0751277	0.030454097	0.07565713	0.11118246	0.021379724	-0.01633292	0.00057919376	0.139534	0.19719347	0.25578833	-0.0051051145	0.07384303	-0.0151624065	-0.016873648	-0.018821228	-0.10633141	0.26550972	-0.10431794	0.10301869	0.10048406	-0.081304304	-0.02663193	0.32518655	-0.35131907	0.17798705	-0.017525028	-0.02344862	0.015310527	0.12947078	0.06313825	0.22815204	-0.07215165	-0.1601649	0.008911455	-0.025366424	0.11927308	-0.080955565	0.2733398	0.0023665328	0.025669271	-0.049127623	0.08264972	-0.18458654	0.08078399	0.024628198	0.1757257	-0.28419647	0.0688781	0.062242806	-0.057090893	0.12851386	0.22170748	-0.047721885	-0.034321845	0.18316369	0.01866783	-0.04162061	0.11732638	-0.22664933
0.17877752	-0.22545941	-0.22801873	-0.18656425	0.015187584	-0.21618563	0.16399342	0.18949437	0.20658219	-0.1303528	-0.00922379	-0.103596956	-0.033350624	0.21699275	0.120003685	-0.038176868	-0.1875065	-0.14930788	0.18616608	-0.03913641	-0.019539999	0.21732695	0.17510483	-0.18247429	0.12582213	-0.23985308	0.1693891	0.22573563	-0.29682446	0.23892258	-0.09015385	0.036441907	0.21716082	0.219987	0.03682011	0.07956614	-0.23685722	0.052948657	0.11152615	0.17484012	0.08357701	0.15279369	0.10990291	-0.15758085	0.12322385	-0.21370456	-0.11776445	-0.22277726	-0.17190413	0.040663574	0.2114026	-0.1615732	0.15227614	-0.21880214	-0.09699595	0.17534135	0.21599066	-0.1663924	0.044593964	0.21579877	-0.17268495	-0.1761505	-0.1463213	-0.10571674
0.25369325	-0.25601587	-0.2684771	-0.29109576	0.24786934	-0.18030228	0.2455014	0.29403332	0.1421742	-0.25217307	-0.06623855	-0.22792652	0.15967785	0.1825359	0.28091404	0.10852085	-0.23707505	-0.24932809	0.26747265	-0.09098731	0.16820851	0.2897318	0.27357703	-0.124814846	0.30555093	-0.2368517	0.2362523	0.22411431	-0.080730885	0.2517005	0.06845183	0.040399995	0.1329567	0.26811546	-0.05924602	0.08505672	-0.27346307	-0.057849478	0.33294982	0.22178061	0.2724229	0.04302438	0.34018216	-0.00074459845	0.25697204	-0.21149184	-0.26629028	-0.1013763	-0.12055641	0.23024574	0.33015895	0.022241492	0.25123698	-0.032677665	-0.04213683	0.10614297	0.23676056	-0.32451805	0.13937724	0.11095532	-0.1996193	-0.2673116	-0.15232123	-0.25796044
-0.13037345	0.14678444	0.13014048	0.1808281	-0.20744163	-0.063437805	0.028488126	-0.059895065	0.11929396	0.17918316	0.16641258	0.18230052	-0.113373324	-0.18825208	-0.122803695	-0.1203363	0.20189148	0.071970046	-0.17185092	0.18168876	-0.19350897	-0.24471794	-0.08697648	-0.16839604	-0.12466412	0.059014834	-0.17435865	-0.121521145	-0.06316132	-0.050235257	-0.19570193	-0.1585644	0.17910059	-0.17654933	0.1733029	-0.20314825	0.18655267	0.17905302	-0.21590663	-0.17015082	-0.16761582	0.01453695	-0.17787316	-0.12346043	-0.2006118	0.08033928	0.1729055	0.067295276	-0.09453097	-0.15963952	-0.22262447	-0.018504888	-0.22027238	-0.048656315	-0.11150416	0.1300512	-0.22891188	0.14760901	-0.21340069	0.07998795	0.21871065	0.07979788	-0.044404965	0.1678757
-0.6387089	-0.40247548	-0.36112714	0.34983987	-0.37491181	-0.39356223	-0.32947883	0.34146604	-0.28623572	0.6358247	0.4792557	0.4778714	0.5109247	-0.53142095	0.47226763	0.5595475	0.29773375	-0.17398553	-0.40273157	0.45788696	0.27293533	-0.09343031	-0.26223287	0.6284728	0.3862228	0.15678391	-0.48519298	0.31931216	-0.19546682	0.3526927	-0.2954968	-0.3206912	0.02818726	-0.0038557614	0.42107216	-0.27658185	0.6072561	-0.34785756	-0.0013628963	-0.59913504	-0.35305953	-0.497163	0.28078693	0.5911829	-0.3647567	0.74086034	0.6750702	0.55905986	0.7324983	-0.2477762	0.19122149	-0.32825255	-0.27490303	0.52860016	-0.2691894	0.07853765	-0.27075386	-0.23607735	-0.4096938	0.3230242	0.60889727	-0.17725371	0.5539178	-0.17714047
-0.29853547	0.32751912	0.2981619	0.3146933	-0.2678611	0.24279802	0.020166261	-0.40227616	0.21515614	0.27578837	0.11649231	0.36619774	-0.34508684	-0.18284416	-0.38548687	-0.31089306	0.36912787	0.32278648	-0.31206733	0.1538003	-0.35651544	-0.3237849	-0.29556465	-0.20640503	-0.38359806	0.07920425	-0.32686153	-0.31131935	-0.22345807	-0.3509976	-0.2297556	-0.21161816	0.17117102	-0.38017768	0.30160686	-0.11810219	0.31854382	0.30601922	-0.42866218	-0.31374937	-0.2730181	0.086734004	-0.37785274	-0.28232932	-0.29873997	-0.29043376	0.3396305	-0.31621343	-0.29596162	-0.33311844	-0.3740824	-0.14284366	-0.24057151	-0.20133649	-0.16124083	0.17731665	-0.21702965	0.4712141	-0.29157478	-0.097887285	0.34459007	0.34525794	-0.11156563	0.16848023
-0.32171574	0.2447647	0.2277786	0.33916318	-0.3465827	0.04869744	0.12628464	-0.2668438	0.28695276	0.27797252	0.2286825	0.38366088	-0.2572597	-0.36710966	-0.30105707	-0.32703042	0.3540538	0.23652135	-0.27826717	0.2617766	-0.34833744	-0.31579262	-0.21833114	-0.26412636	-0.30198997	0.0713152	-0.3852089	-0.28364477	-0.29120564	-0.21566992	-0.25430843	-0.28400478	0.20549771	-0.3995848	0.3823414	-0.2220881	0.36733967	0.31772113	-0.33716437	-0.34303302	-0.31543177	0.07226034	-0.3389113	-0.24656276	-0.31652296	0.014467324	0.36102536	-0.12342913	-0.18362507	-0.36376572	-0.322173	-0.1601693	-0.2949421	-0.16170833	-0.29305828	0.24751233	-0.2939534	0.31828883	-0.25348398	0.058562912	0.31653267	0.24369766	-0.12602612	0.15623933
-0.5121923	0.13520359	-0.024359755	0.245698	-0.48641607	0.07122591	-0.09827607	-0.22616063	0.2471661	0.4572001	0.23059464	0.54180956	-0.15347303	-0.1758549	-0.1915587	-0.27833864	0.46589637	0.35084957	-0.38882414	0.27584788	-0.38311866	-0.23041944	-0.3273563	-0.09699633	-0.32613808	0.091098614	-0.48961648	-0.07784495	-0.6024168	-0.19605817	-0.25437227	-0.3050413	0.14900249	-0.3649018	0.5148191	0.039586205	0.43346107	0.19997032	-0.4404324	-0.5295898	-0.27891862	-0.09866528	-0.20199324	-0.21100602	-0.37269196	0.04556767	0.5041943	-0.24767813	0.021793077	-0.4298157	-0.29799587	-0.3385493	-0.32706508	-0.077001594	-0.25973073	0.31489837	-0.11590467	0.44122157	-0.39661413	0.13693026	0.49859962	0.34955084	0.0645655	0.013892306
0.046641752	-0.29258934	-0.32131386	-0.26258656	0.09215808	-0.13548476	-0.06757774	0.19563419	-0.03968077	-0.124892175	-0.0074933562	-0.032758273	0.27825826	0.21632925	0.32914004	0.08397603	-0.108777046	-0.09811082	0.021596272	-0.052948803	0.031425353	0.350108	0.005432311	0.13481733	0.23436643	-0.19622679	0.15483467	0.3775294	-0.25991735	0.23766536	0.01378399	0.039322045	0.0042559765	0.196986	0.014977812	0.23268323	-0.15003896	-0.16231671	0.1418965	0.010275601	0.22294438	-0.088512935	0.29974467	0.16756803	0.197349	-0.13202965	-0.0883823	-0.08602124	0.12005569	0.22034718	0.2825451	-0.2531427	0.23971073	0.12531435	0.016869914	0.041527078	0.35561338	-0.13252194	0.047130417	0.15751581	-0.08393096	-0.12154181	0.16473293	-0.25680792
-0.254159	0.16856344	0.18736365	0.19212185	-0.21687052	0.012449168	0.049405176	-0.17796968	0.08722839	0.22403419	0.08203434	0.20618811	-0.1996323	-0.18087007	-0.20351389	-0.19762406	0.20349221	0.17857338	-0.18306804	0.11440932	-0.203266	-0.18412791	-0.1879809	-0.15796025	-0.23283437	0.07267622	-0.22076017	-0.22804587	-0.14236929	-0.19829081	-0.09166353	-0.14200413	0.12792756	-0.20268844	0.15089242	-0.13238853	0.22625068	0.14570346	-0.21674421	-0.24463338	-0.16835758	0.0406959	-0.2578962	-0.13382915	-0.23583457	0.03303797	0.24333072	-0.039673988	-0.046199117	-0.23424865	-0.23835233	-0.13901736	-0.1582359	-0.04740632	-0.08793416	0.15575215	-0.14619151	0.2817871	-0.17951778	0.00803663	0.2620724	0.18505962	-0.08534267	0.1096841
0.023078185	0.02989621	0.04905721	0.07364273	-0.12594238	-0.05257956	0.11986562	0.021285707	0.10124662	-0.008017097	0.11684377	0.11116422	-0.16030648	-0.027424268	-0.13124743	-0.086803906	0.04201428	-0.09765724	0.068081446	0.11974776	-0.11013964	-0.1375089	0.035183776	-0.18628703	-0.05335017	-0.019605909	-0.12222568	-0.051974107	-0.08682717	0.0038627507	-0.16535266	-0.086859964	0.12422165	-0.11440508	0.14675364	-0.17313583	0.007907775	0.1711353	-0.001651953	-0.05897777	-0.12316728	0.16377434	-0.13541596	-0.20310138	-0.060808714	-0.017806685	0.0026510397	9.0139394e-05	-0.1462594	-0.08525017	-0.07252927	-0.018692316	-0.06766569	-0.15288533	-0.1300812	0.17003192	-0.065364696	0.039877303	-0.14748597	0.14319685	0.012557192	-0.070397936	-0.13148141	0.14057544
-0.00013391348	0.12200599	0.100699544	0.17935155	0.034838498	0.039631244	0.043861046	-0.009673825	-0.08357963	0.03805698	-0.009102282	0.032363974	-0.14335594	-0.23278798	-0.085440665	0.057411846	0.005926498	-0.02105278	-0.058908366	0.05296661	0.0034098087	-0.17171988	0.020458126	0.004260046	-0.08249647	0.13625266	-0.10381115	-0.14521152	0.08274943	-0.03156268	-0.020288952	0.03222828	0.019371258	-0.118998036	-0.0132362535	-0.18143596	0.063002855	0.044376884	0.01797548	0.019548405	-0.0680694	-0.025174383	-0.054803234	-0.0042165588	-0.061737113	0.08574203	0.06613169	0.03116529	-0.0013989258	-0.011116908	-0.084808804	0.0753561	-0.09221717	0.029044066	-0.049768608	-0.08156246	-0.2280422	0.019722166	-0.065832436	-0.07475867	0.07248221	-0.03117247	-0.13977863	0.11871518
-0.043735884	0.2203547	0.15680584	0.26388234	0.0019289709	0.053768426	0.0727899	-0.0073328936	-0.14872773	0.10792439	0.022887388	0.017460432	-0.07990557	-0.26085398	-0.08163633	0.12898621	0.026515452	-0.13501991	0.04788371	0.10207457	0.0964474	-0.25094762	0.064969115	-0.031993374	-0.044862237	0.15740223	-0.11342854	-0.15847224	0.21072328	-0.10792506	0.03130893	-0.06865562	0.0144836	-0.10097654	0.024219649	-0.33390433	0.11884258	0.013140322	0.04813432	-0.017979763	-0.1297414	0.022639327	-0.16385011	0.0942205	-0.12899745	0.1846139	0.08455126	0.17618677	0.07228356	-0.03907154	-0.16228613	0.21027695	-0.15542006	-0.063807055	-0.034951936	-0.08691474	-0.38372496	-0.07772809	0.01058972	-0.0757993	0.015338863	-0.0833049	-0.10659962	0.20784402
-0.096109144	-0.24319649	-0.3631069	-0.20070733	-0.120620936	-0.10057801	-0.024943234	0.09371856	0.22670583	-0.067232855	0.032613896	0.041312646	0.05010383	0.19922209	0.23686108	-0.1871041	0.033892747	0.010950801	0.026768003	-0.016077118	-0.084974125	0.18391992	-0.06004226	-0.015109182	0.06242403	-0.2596117	-0.00974556	0.22516909	-0.4405631	0.16849412	-0.1330464	-0.10430368	0.11873494	0.18108739	0.19486271	0.1635195	-0.05139166	0.034957897	-0.043793503	-0.063202955	0.075394735	0.010404408	0.1788551	-0.07826959	0.022689855	-0.11692399	-0.022205325	-0.21765	-0.002505503	-0.043581814	0.21516716	-0.35308403	0.027752178	-0.014305041	-0.09899373	0.16441007	0.2858885	-0.038393598	-0.106309265	0.18482278	0.07405564	-0.06534442	0.054730445	-0.23110236
-0.27411628	0.20484275	0.12728627	0.40483186	-0.36135855	-0.18756749	0.12920421	-0.011925293	0.37183687	0.29626113	0.40789208	0.35488573	-0.19992852	-0.42520422	-0.22172968	-0.2561638	0.2517894	0.043294687	-0.18145458	0.37156248	-0.23078495	-0.36331442	-0.046568178	-0.28846338	-0.14467762	0.07122935	-0.35759065	-0.313091	-0.19090687	-0.13065949	-0.37050074	-0.3531738	0.3411476	-0.29550725	0.37496305	-0.43355405	0.2806655	0.37885046	-0.19340569	-0.3126885	-0.43433416	0.2918054	-0.30502832	-0.32231548	-0.34707075	0.11546266	0.35218742	0.19952284	-0.098293714	-0.43366632	-0.30575073	0.040536262	-0.37043983	-0.28793642	-0.358704	0.30883357	-0.47226983	0.16781473	-0.3215498	0.16462107	0.3599148	0.11833801	-0.16485965	0.39906958
0.39887455	0.15876491	0.17456257	0.02456518	0.32176372	0.15292305	0.32322547	-0.015019593	-0.18894644	-0.28176937	-0.28252348	-0.36086693	-0.20614755	-0.0505985	-0.14588986	0.23398538	-0.23826732	-0.22565061	0.31746817	-0.2718881	0.21337903	-0.014145834	0.383736	-0.26049638	0.024351908	0.020893278	0.30823356	-0.16631603	0.21203782	-0.013452193	0.21989514	0.3468864	-0.06318207	0.061121847	-0.30135813	-0.13536687	-0.24804468	-0.07691157	0.3062648	0.3509099	0.24698107	0.19824833	-0.025070058	0.09542277	0.24171405	-0.06457157	-0.30875957	-0.040136907	-0.3490297	0.30839494	-0.013781541	0.28456745	0.18400069	-0.13527955	0.224898	-0.19741817	-0.10366617	-0.18619424	0.27013028	-0.21624759	-0.26435366	-0.23945503	-0.383649	0.19442731
-0.37771726	-0.072515175	-0.0008692435	0.20784588	-0.19358675	0.05325021	-0.3028456	-0.1902593	-0.19679756	0.3307129	0.10640312	0.33091068	0.11000643	-0.10408631	0.048819274	-0.0007586707	0.4049488	0.2749023	-0.5054868	0.16571204	-0.25555992	-0.14855883	-0.45257294	0.24460463	-0.21821417	0.3370341	-0.33856255	0.07710226	-0.2043412	-0.12064225	-0.1267696	-0.08032821	-0.15669487	-0.3367709	0.2066182	0.021478198	0.39411354	-0.13005787	-0.4117564	-0.37454078	-0.1023719	-0.2865378	-0.04929499	0.064896114	-0.2544507	0.22740488	0.40159371	0.013202811	0.2883972	-0.16032697	-0.14886469	-0.29880986	-0.15866193	0.23366602	-0.035791207	-0.0013969726	-0.025851697	0.369797	-0.29566598	-0.052927434	0.3909162	0.2600244	0.29819396	-0.071185
-0.58637494	-0.6871465	-0.658677	0.04657484	-0.37529498	-0.51313984	-0.19109848	0.506122	0.06846719	0.47410998	0.48440433	0.31270978	0.68952423	-0.36525467	0.75203043	0.6347263	0.032363683	-0.36926374	-0.06800734	0.47121057	0.41189423	0.28945976	-0.040845048	0.56812316	0.60463274	-0.21150027	-0.34501106	0.7178968	-0.49916115	0.5968851	-0.44070154	-0.4110324	0.19729525	0.34108314	0.541501	-0.24778931	0.37097445	-0.2307537	0.3084116	-0.44012833	-0.30765602	-0.31277344	0.62428874	0.56360716	-0.10927903	0.62779844	0.54072434	0.51740277	0.6878152	-0.19622758	0.5235264	-0.46287507	-0.1829636	0.362521	-0.49094307	0.344442	-0.12225339	-0.4851762	-0.40334567	0.5805017	0.41640466	-0.45813167	0.5119452	-0.3223434
0.18127428	-0.013887513	-0.015102129	0.0021628733	0.22038782	0.006803512	0.31299317	0.13463284	0.0010948105	-0.23009793	-0.04777811	-0.19335994	0.07805276	-0.010150985	0.04467784	0.20606196	-0.228836	-0.26782677	0.23416775	-0.13343503	0.11886331	0.059100967	0.28040624	-0.10409308	0.18774636	-0.11488874	0.16717826	-0.028972186	0.11852289	0.1555151	0.0609223	0.13001084	0.035465162	0.12026905	-0.11563107	-0.1916633	-0.19118163	-0.015626311	0.23169157	0.22271957	0.0874107	0.12345512	0.12902348	0.14963993	0.13635983	-0.01294322	-0.15442055	0.04566602	-0.08462714	0.13998671	0.08692342	0.089436024	0.08532494	-0.05472209	0.035371788	-0.07276464	-0.035362072	-0.26722437	0.10861711	0.042262606	-0.13500993	-0.23652679	-0.16891336	0.031637114
0.22979718	0.06260682	0.10342806	0.051305354	0.13401677	-0.076762676	0.35181528	0.20684302	-0.11938184	-0.12040442	0.058588117	-0.2317224	-0.019632308	-0.13718833	-0.06665216	0.2744575	-0.24169628	-0.4489009	0.33267584	0.04501957	0.3137655	-0.09091163	0.41614553	-0.12179763	0.12914395	0.024993597	0.0902	-0.086597644	0.20668167	0.11969454	0.07227924	0.047036327	0.0727374	0.14175661	-0.07094866	-0.36281386	-0.12538877	0.09124803	0.37672594	0.15768783	0.05521141	0.19733849	-0.032911524	0.106237166	0.10039351	0.09037096	-0.13312525	0.23984192	-0.104981646	0.17357744	-0.0056190114	0.26531363	0.016814448	-0.086645655	0.027847514	-0.069023535	-0.17991243	-0.3246832	0.11680406	-0.0004895926	-0.2028702	-0.40506056	-0.28398183	0.20680352
-0.795117	-0.69501084	-0.6210167	0.46370673	-0.5664198	-0.53918356	-0.27171913	0.6317359	0.04946421	0.70800716	0.6450193	0.60497767	0.7629618	-0.64439857	0.80740076	0.68309236	0.3668546	-0.45604107	-0.34135	0.6582556	0.3751457	-0.011462118	-0.17373462	0.7789249	0.5821777	0.036390495	-0.62878877	0.6990107	-0.6683548	0.5616468	-0.60071516	-0.6271663	0.38523486	0.22952004	0.69295484	-0.43795615	0.6753189	-0.19427705	0.13739021	-0.736778	-0.5963064	-0.49943227	0.582742	0.7035236	-0.4944637	0.703575	0.7187264	0.60817033	0.8666677	-0.43284264	0.40821254	-0.5771744	-0.3777089	0.5991397	-0.60699767	0.48159245	-0.32321006	-0.566749	-0.63610995	0.5724888	0.6971641	-0.5077983	0.8079822	-0.2838663
0.09197881	0.12505344	0.13911234	0.20232329	0.12212415	-0.14738145	0.33733267	0.16790178	-0.052640002	-0.05769398	0.07404872	-0.15321778	-0.043077257	-0.23499255	-0.027664915	0.27950585	-0.18230236	-0.3974832	0.21064682	0.13881385	0.18870516	-0.16817175	0.39320073	-0.122664995	0.15914723	0.026972217	0.041930087	-0.11613603	0.16098489	0.09655962	-0.045356005	-0.05307763	0.12475619	0.064302646	-0.08381267	-0.41175228	0.0063792677	0.07075617	0.26892343	0.06486202	-0.100951865	0.1792397	-0.038987316	0.05803512	0.03717913	0.20475894	-0.065030426	0.25777492	-0.019834327	0.042155582	-0.068289086	0.2137385	-0.13159934	-0.1782921	-0.10092589	-0.023178417	-0.2989751	-0.2311017	0.0651138	0.06177278	-0.12035461	-0.38088697	-0.2617186	0.3017606
-0.16868183	0.28785378	0.25160578	0.27345392	-0.20245314	0.17935674	0.044291373	-0.3643701	0.12429574	0.20368007	0.11134871	0.23098183	-0.23088138	-0.11603756	-0.34436187	-0.18738113	0.26457378	0.23291266	-0.2528002	0.092301875	-0.2043748	-0.27647856	-0.21584013	-0.23361607	-0.34775785	0.12630966	-0.24440823	-0.31011865	-0.16634575	-0.33319715	-0.094386496	-0.09917589	0.10139056	-0.35400546	0.14610489	-0.115647815	0.18281615	0.22026038	-0.32657117	-0.14664178	-0.1449267	0.09023508	-0.2995143	-0.26633167	-0.24973573	-0.3000921	0.21100476	-0.22487138	-0.19284478	-0.22717361	-0.28063586	-0.038156286	-0.17795394	-0.10307941	-0.07962673	0.097180784	-0.1720225	0.35313043	-0.17696978	-0.050398067	0.168471	0.31154367	-0.078633964	0.15222977
-0.275682	-0.28109404	-0.18365854	0.086215146	-0.03489358	-0.06965465	-0.15950005	0.080353186	-0.2957225	0.158422	0.018698642	0.10593944	0.393081	-0.10446635	0.33346313	0.40864465	0.13758089	0.026619606	-0.25373858	0.08647953	0.09914716	0.09709018	-0.22822711	0.42947635	0.20617937	0.15056811	-0.07507112	0.22268866	-0.026919646	0.21611574	0.016750775	0.066393405	-0.21002227	0.0018653356	0.09116923	0.08820817	0.27204517	-0.35095626	-0.10042025	-0.24795526	0.10330975	-0.30242017	0.21321611	0.5144945	0.008538385	0.31210712	0.2877928	0.07674979	0.44146457	0.09274938	0.2182652	-0.21658096	0.15693025	0.32419747	-0.019233044	-0.1468026	0.023503056	0.01732193	-0.035451863	0.017029848	0.21805653	0.03825885	0.33003697	-0.24067496
0.3252165	0.030043425	0.07512156	-0.11731578	0.3366666	0.103366524	0.22435626	0.03537752	-0.1338613	-0.25031248	-0.23062706	-0.31367478	-0.022989385	0.17910837	-0.06084496	0.13273081	-0.18262456	-0.09367389	0.19908634	-0.32877296	0.14729203	0.10653971	0.22050484	-0.08797335	0.084021635	-0.06287648	0.24261424	-0.057983726	0.11375563	0.015106201	0.17246932	0.236533	-0.1333648	0.1956841	-0.23175588	0.027876439	-0.23207049	-0.120170005	0.2190329	0.29284027	0.25776586	0.04147554	0.10399982	0.09632173	0.25923118	-0.13954031	-0.30558455	-0.2276443	-0.16741067	0.27842954	0.07660965	0.072254896	0.26705018	-0.035518624	0.1891551	-0.14824261	0.09128755	-0.110316515	0.2578399	-0.13874452	-0.24326825	-0.17754745	-0.23316726	0.0071688844
-0.36135414	-0.40129262	-0.23758686	-0.34326106	0.121858925	0.4713363	-0.37184823	-0.44914004	-0.5380877	0.18918116	-0.51824105	0.25097817	0.4228342	0.57462966	0.37949044	0.28860644	0.31079134	0.3503834	-0.4434085	-0.49367803	-0.084911734	0.51242465	-0.39775208	0.5319106	-0.22576277	0.3144863	-0.064938076	0.42884848	-0.156905	-0.1446352	0.41128033	0.47056302	-0.4870251	-0.18662958	-0.056865733	0.45669088	0.37288144	-0.5911307	-0.40317774	-0.38110253	0.5523083	-0.42856932	0.46183425	0.5250187	0.044539895	0.038737632	0.35532245	-0.5142647	0.38775298	0.31675404	0.2996552	-0.3716	0.50111586	0.48293045	0.44416085	-0.4633994	0.50679636	0.37764785	0.102904	-0.40158102	0.293975	0.41059235	0.38398018	-0.39604163
-0.11216624	-0.20125964	-0.24761689	0.017510936	-0.02776111	-0.33175558	0.117099255	0.29628885	0.18348984	0.013376831	0.24234848	-0.044230945	0.24628484	-0.1781448	0.24236432	0.20487043	-0.08273167	-0.2906752	0.10789054	0.2685684	0.21571787	0.081740834	0.22034705	0.10810971	0.26577634	-0.21032989	-0.010367205	0.19623241	-0.09009569	0.3230935	-0.27396986	-0.2245252	0.3225606	0.24818833	0.15731995	-0.17932114	-0.02554724	0.18651436	0.2112609	-0.029909963	-0.14692396	0.073221795	0.22390935	0.045568362	-0.009486937	0.1419233	0.0967002	0.23309796	0.21985203	-0.059581548	0.1475886	-0.010530494	-0.069244586	-0.035350796	-0.22716615	0.19503929	-0.042610917	-0.28942442	-0.10471979	0.32778668	0.07834222	-0.31151757	0.059229158	-0.016178718
-0.008574213	0.10344212	0.18419524	0.16053176	0.11866354	0.2844662	-0.06041754	-0.20633928	-0.3987872	0.06652798	-0.22113182	-0.04468585	-0.020257844	-0.12591074	-0.13999748	0.31900528	0.07826429	0.10171607	-0.116123	-0.21642216	0.11319359	-0.13345274	-0.0545659	0.16278052	-0.08920786	0.21285027	-0.029155998	-0.18716155	0.18844472	-0.109133154	0.18049014	0.25138992	-0.34322363	-0.11718063	-0.1697963	-0.058649145	0.08136518	-0.4007549	-0.062821254	-0.07082639	0.1827571	-0.17491268	-0.07506722	0.33512706	-0.0066065122	0.11952307	0.08749634	0.03162283	0.13368325	0.2019464	-0.12769395	0.0886255	0.1507801	0.25393632	0.30207896	-0.3121631	-0.1323655	0.14942189	0.05705513	-0.24519409	0.013704847	0.012628209	0.00458147	0.028628225
0.054260325	0.05996981	0.14348336	0.078406006	0.12974995	0.19060758	0.012798418	-0.1615966	-0.309796	-0.071750194	-0.16366751	-0.10984866	0.055772163	-0.10414834	-0.045847777	0.28678995	-0.03249461	0.01761902	-0.028814888	-0.13851903	0.17910601	-0.07330609	-0.035945687	0.14742014	-0.05648944	0.21989055	0.044483937	-0.06960726	0.20196836	-0.07693234	0.22275133	0.2320325	-0.18347628	-0.05772529	-0.2006792	-0.019132212	0.09541281	-0.27148172	-0.035148382	0.037238337	0.10870814	-0.1365899	-0.06866371	0.26877674	0.0051470026	0.12016139	-0.09119661	0.025311237	0.05537835	0.20447779	-0.097936116	0.1141483	0.1280885	0.20088851	0.19323765	-0.27004677	-0.059512094	0.044238348	0.13127515	-0.24409355	-0.06996059	0.045230497	-0.0092776045	0.015416599
-0.24648063	-0.34569705	-0.32953608	-0.12370341	-0.22019987	-0.051100213	-0.15649562	-0.044449124	0.084793665	0.04952505	0.06301042	0.17796764	0.13934684	0.15132509	0.24688223	-0.1262197	0.11217185	0.04959065	-0.13962694	0.08057026	-0.17048052	0.2174595	-0.15635635	0.15232968	0.054917254	-0.10114668	-0.071939416	0.34813124	-0.46157554	0.12700337	-0.077086516	-0.076947205	0.04515351	0.046122238	0.25205308	0.18218632	0.11008539	-0.11290356	-0.104552045	-0.1625921	-0.013565456	-0.14088392	0.21020374	-0.011082039	-0.05787912	-0.022815244	0.14354686	-0.15475133	0.20211928	-0.07058759	0.18573844	-0.43336722	0.03273483	0.13479583	-0.09308414	0.10134386	0.22035131	0.06455994	-0.22837284	0.13496098	0.16646665	0.029183524	0.22245544	-0.28270045
-0.47722608	-0.05732767	-0.026903601	0.6123898	-0.3818309	-0.33704013	-0.16650194	0.26486427	-0.11337101	0.5265506	0.4236663	0.3835691	0.2176477	-0.65602916	0.21799769	0.34855738	0.32711354	-0.20611508	-0.39655808	0.44330153	0.07080794	-0.47846353	-0.17734048	0.3979006	0.24235913	0.4063508	-0.52073336	-0.05546161	0.055716492	0.13196413	-0.34382856	-0.33105657	0.16147548	-0.2090864	0.37151867	-0.53245795	0.62147415	-0.03919352	-0.06053583	-0.5046338	-0.4724648	-0.31213835	-0.091575995	0.33472323	-0.47486505	0.64065045	0.60690594	0.49444383	0.5744376	-0.391873	-0.23071651	-0.026514571	-0.4538132	0.23694395	-0.32290968	0.15955146	-0.58907294	-0.14783904	-0.36786857	0.31122267	0.50349677	-0.19718833	0.31704468	0.17423676
0.12918782	0.30823493	0.29966244	0.1289315	0.09574578	0.2033599	0.11867346	-0.27146065	-0.046442255	-0.06193765	-0.14446585	0.009560566	-0.24746133	0.012113638	-0.3165197	-0.13063689	-0.00845915	0.09737012	-0.039784547	-0.12289294	-0.10935704	-0.16899766	-0.039331008	-0.14384694	-0.28248724	0.15388405	0.0563213	-0.24406062	0.12710385	-0.32142833	0.07553471	0.09037006	-0.045334917	-0.17080054	-0.12978394	-0.024972096	0.0011470804	-0.02236289	-0.06710816	0.1019183	0.111780025	0.04440848	-0.24558145	-0.04045076	0.0007820075	-0.1771623	-0.08508346	-0.14422038	-0.30257776	0.05986167	-0.22522098	0.073532246	-0.00337267	-0.09340791	0.11090022	-0.08238485	-0.10492496	0.19154336	0.08453207	-0.22843401	-0.07070243	0.18154441	-0.22019282	0.15058443
0.44902575	0.6048626	0.7200357	0.58713526	0.49592817	0.6402029	0.43903655	-0.59878725	-0.71058595	-0.23960038	-0.5462932	-0.38167903	-0.62522423	-0.60701835	-0.63405126	0.58424324	-0.23583359	-0.1245864	0.19579482	-0.5637796	0.3265117	-0.62739646	0.35070562	-0.09512066	-0.5347039	0.5324461	0.21769705	-0.71634233	0.5977475	-0.6272627	0.58786714	0.57818556	-0.5818698	-0.38624159	-0.5998071	-0.6232778	0.056634303	-0.6548289	0.11940026	0.34855086	0.33986217	-0.13537428	-0.635729	0.5966109	0.03188398	0.460028	-0.28558436	0.3322116	-0.40788642	0.5229268	-0.589943	0.5486578	0.15577507	0.3417912	0.58332926	-0.6517359	-0.6896501	0.21133094	0.36212444	-0.64229393	-0.34405896	-0.11365335	-0.60906595	0.68055975
-0.012621654	0.38247982	0.32223475	0.16649368	-0.1855781	0.12552568	0.33936623	-0.3723936	0.28024194	0.07903497	0.1319372	0.099635065	-0.45226967	-0.14240314	-0.4786449	-0.3732925	0.15033486	0.10981964	-0.03968336	0.14849432	-0.26265222	-0.34084153	0.11457103	-0.4284057	-0.39526796	-0.022081027	-0.16757141	-0.40746608	-0.1710006	-0.42004314	-0.12634078	-0.221436	0.28615105	-0.22856514	0.06258232	-0.28604138	0.013489947	0.34925216	-0.22010694	0.018693838	-0.18079478	0.43329856	-0.3775791	-0.39035895	-0.20125934	-0.44072086	-0.017900728	-0.3626988	-0.5420083	-0.19347519	-0.28027397	0.067857765	-0.21685684	-0.46183667	-0.14195715	0.27737468	-0.25511524	0.30617964	-0.18903768	-0.037021413	0.013367441	0.20511055	-0.49942952	0.38802487
0.24929698	0.15976351	0.10161272	-0.020543035	0.15862131	0.036010742	0.245878	0.052941646	0.112947315	-0.23601127	-0.12003141	-0.17349504	-0.2330927	0.049096767	-0.121409945	-0.079830706	-0.25172535	-0.18913603	0.2778522	-0.10604532	0.047958445	-0.050864797	0.26641813	-0.30738065	-0.0310384	-0.031514082	0.11888991	-0.11633402	0.09216558	-0.018198062	0.041231606	0.07359307	0.11544431	0.07823854	-0.0960414	-0.116390176	-0.1599407	0.23818654	0.20359698	0.24645357	0.076205365	0.3101503	-0.109301284	-0.19835693	0.09658948	-0.25055605	-0.27947244	-0.103455625	-0.2988083	0.082298316	-0.019736094	0.13272145	0.020997507	-0.27616477	-0.02101158	-0.0029372056	-0.044203855	-0.11272299	0.09632026	-0.046454463	-0.22764845	-0.17506804	-0.30148593	0.17170005
-0.17446831	-0.18415877	-0.13966328	-0.13489108	-0.13232096	0.15736853	-0.16889684	-0.14606875	0.024064995	0.041162215	-0.09028579	0.2115473	0.045876347	0.25572595	0.13157837	-0.11385038	0.16464724	0.21228974	-0.23699793	-0.12131628	-0.2212593	0.13812308	-0.18157692	0.058943145	-0.049293704	-0.06416027	-0.08987764	0.18445733	-0.2390677	0.015654415	-0.0073139854	0.030119514	-0.020187933	-0.03963115	0.1544166	0.308301	0.12019281	-0.01881733	-0.15773624	-0.1516103	0.037270714	-0.12325174	0.11538885	0.011601992	-0.053568654	-0.23693827	0.13091406	-0.43202657	0.057004213	-0.0584874	0.048210077	-0.31379312	0.039415613	0.13219796	0.007062012	0.03684292	0.24059702	0.1633925	-0.056787502	-0.018555142	0.12959424	0.25504857	0.16687983	-0.20713344
-0.14123373	-0.14573249	-0.20379339	-0.052057356	-0.11894599	-0.07840445	-0.109254986	0.08529621	-0.04103879	0.11939993	0.12262741	0.12793297	0.2093703	-0.04591725	0.20752981	0.12792446	0.14748763	0.0031364937	-0.13941705	0.064071044	0.047925487	0.13461216	-0.1031479	0.19395626	0.10314327	0.049137495	-0.12460058	0.1346353	-0.16583078	0.11642505	-0.13341323	-0.043232065	-0.004823328	-0.018656725	0.15634425	0.010655947	0.10423377	-0.13343991	-0.0746281	-0.1838402	0.002874856	-0.12579681	0.15933205	0.17610702	-0.09195885	0.14017645	0.23468603	0.1064328	0.25683853	0.0035294793	0.14151455	-0.1570751	0.038692094	0.12821446	-0.048333358	0.08624207	0.045893766	0.01562373	-0.15652154	0.15199728	0.19020498	-0.03235268	0.2197444	-0.10926356
0.048282538	-0.29635128	-0.40852556	-0.18918778	-0.022173699	-0.24415174	0.18356037	0.3243574	0.29749268	-0.080958605	0.19094758	-0.10343493	0.17481837	0.20079654	0.37978128	-0.0998458	-0.13793743	-0.23054242	0.1595831	0.06606403	-0.03619347	0.2591569	0.18617143	-0.10695257	0.29897097	-0.2748716	0.051141456	0.3040116	-0.26756516	0.31907356	-0.22483179	-0.16990729	0.29607287	0.3272777	0.22627875	0.11306875	-0.17986855	0.18996799	0.26674023	0.09139448	-0.012823083	0.087496035	0.2899892	-0.119027235	0.10256729	-0.16021438	-0.11230704	-0.033437785	0.020446556	0.0142048495	0.2519385	-0.22153124	0.012691435	-0.09393576	-0.2504972	0.34201244	0.2781597	-0.3522314	-0.07015554	0.3898868	-0.108786605	-0.27173823	0.045760654	-0.1950578
-0.01096926	0.1506075	0.3167046	0.19426632	0.3251641	0.51177	-0.11186423	-0.4440288	-0.6175955	0.081178516	-0.55008674	0.0012726831	0.036907546	0.065819636	-0.20621173	0.4115153	0.18975212	0.32680196	-0.3376799	-0.47614446	0.060359333	-0.1638319	-0.21109518	0.36899754	-0.3711005	0.3542991	0.11221133	-0.1794684	0.2737404	-0.32074955	0.43677032	0.46816406	-0.5267261	-0.29018492	-0.2921014	0.22700134	0.22559692	-0.5553585	-0.22705604	-0.07543017	0.4491678	-0.41904405	-0.10795265	0.5380055	0.033282563	0.15660825	0.07870354	-0.33782455	0.19544755	0.423742	-0.2547732	0.03389268	0.39638722	0.3636445	0.5130137	-0.5025533	0.02614446	0.40715426	0.18114665	-0.5841274	0.050735265	0.25288537	0.068922654	-0.102091774
0.028057232	-0.14895146	-0.14764355	-0.120214865	-0.050252568	-0.16150987	0.059517134	0.09265042	0.13472728	-0.056605287	-0.019274749	-0.034422826	0.087906316	0.19428149	0.13821429	-0.06319749	-0.07809285	-0.07800319	0.031446546	-0.015855502	-0.043872476	0.16276328	0.06513033	0.0021890763	0.15502717	-0.17361724	0.013215607	0.13887101	-0.16775177	0.15806818	-0.050702583	-0.06233156	0.1071023	0.14066161	0.0813807	0.07533132	-0.1537467	0.05658175	0.055578597	-0.009409708	0.07911445	0.043480836	0.21211323	-0.10196615	0.13516304	-0.12324156	-0.07265065	-0.12005896	-0.038868185	-0.015608703	0.16013445	-0.09708322	0.07820174	-0.011382616	-0.09810001	0.089414276	0.20048015	-0.09335742	-0.028380763	0.105836175	-0.0030138753	-0.10390482	0.08320284	-0.16651261
-0.6227922	-0.38349238	-0.46470293	0.23487012	-0.4767475	-0.33417195	-0.21915564	0.18813273	0.20610014	0.4858377	0.43927398	0.47073606	0.30130157	-0.34013057	0.37711465	0.10511041	0.38468903	0.04323514	-0.34858015	0.43719015	-0.07427089	-0.011874041	-0.2948592	0.23538277	0.17057252	-0.039355777	-0.43464026	0.31108454	-0.6912311	0.28799513	-0.3772938	-0.41618216	0.12573595	-0.02591575	0.6036892	-0.08168108	0.5336182	0.027642425	-0.15022208	-0.52259856	-0.34577814	-0.2287695	0.18427145	0.14685036	-0.28979304	0.45596835	0.6143028	0.28972206	0.50432014	-0.41956037	0.08479416	-0.44429645	-0.28893974	0.24243897	-0.34013554	0.3379425	-0.09347578	-0.023462998	-0.4578301	0.36870924	0.5381502	-0.011318167	0.42490363	-0.15790766
0.26230243	0.38761562	0.4719006	0.40199697	0.31611386	0.5068025	0.16580047	-0.3885154	-0.54970884	-0.12181205	-0.42384252	-0.18102385	-0.23631832	-0.33311403	-0.36076888	0.39916497	-0.08570769	0.062004674	-0.061873585	-0.32584405	0.18595262	-0.36091316	0.05085774	0.14236608	-0.3846477	0.4091369	0.08473004	-0.4024062	0.3636195	-0.36485866	0.37063512	0.41107598	-0.34930903	-0.3302441	-0.30696198	-0.2518312	0.16877656	-0.38353187	-0.045595147	0.14128485	0.30568674	-0.26988846	-0.32923603	0.44681135	-0.006276607	0.19552217	-0.16328767	-0.00024987847	-0.06609679	0.3790512	-0.35458693	0.23304838	0.21523267	0.29673645	0.34929708	-0.38976118	-0.3261245	0.25454235	0.20252505	-0.469548	-0.15388861	0.037545033	-0.23021507	0.18825439
0.23365344	0.3253243	0.24901561	0.22272316	0.09461003	0.13984437	0.3010699	-0.061405405	-0.06438557	-0.1387031	-0.08385065	-0.12421591	-0.3322748	-0.16911064	-0.2979564	0.033179913	-0.14545134	-0.15867294	0.18592674	-0.06311396	-0.0071247043	-0.2920187	0.28618258	-0.29966855	-0.1202317	0.10589278	0.017076712	-0.3376332	0.22405311	-0.14205433	0.011248191	0.04201106	0.1126456	-0.06489503	-0.19178183	-0.28044546	-0.069519624	0.18628791	0.031984564	0.19687824	-0.029918047	0.21843088	-0.23581164	-0.10854681	-0.0010279579	-0.113884	-0.1199208	0.03277508	-0.3350235	0.025963493	-0.24371728	0.23161826	-0.058738884	-0.201822	0.05270522	-0.082892	-0.28679478	0.010444344	0.094701946	-0.19708475	-0.15484375	-0.079212025	-0.4059761	0.33056623
0.28900334	-0.5845029	-0.62459534	-0.5415256	0.31263483	-0.05307267	0.0019170954	0.118665166	0.26966926	-0.38905013	-0.37361714	-0.29097003	0.37994483	0.72544646	0.5593329	-0.28024825	-0.2432384	-0.01908424	0.19242193	-0.5146914	0.0005468906	0.6250976	0.055154428	0.018324548	0.33042982	-0.4068318	0.43835878	0.5832901	-0.583031	0.4399188	0.1676229	0.3425064	-0.011036935	0.4181125	-0.12756668	0.6635173	-0.4087168	-0.11005939	0.23713139	0.2597383	0.61340564	-0.045308266	0.6531517	-0.1176583	0.41655564	-0.5805082	-0.33726424	-0.7439177	-0.19766337	0.4944273	0.5163214	-0.45283633	0.61132145	-0.01939341	0.05560906	0.080225475	0.7223349	-0.21927682	0.27937707	0.21202834	-0.33396643	-0.08814639	0.12368925	-0.53308564
-0.042592034	0.033543456	0.23731281	-0.022125496	0.19609292	0.6388778	-0.12271191	-0.62928766	-0.43874097	-0.01623072	-0.48283076	0.06996434	0.09793235	0.25616577	-0.022978121	0.21158597	0.15237719	0.31321818	-0.23329778	-0.45458737	0.0040537855	0.079337575	-0.2864343	0.30905795	-0.3094106	0.39266565	0.113036044	0.0033059649	0.077522114	-0.38408118	0.35575387	0.43289676	-0.46756852	-0.14362592	-0.26901665	0.26514882	0.12851015	-0.3853613	-0.20155568	-0.09278955	0.32856303	-0.40573272	-0.015207023	0.3803813	0.075142354	-0.13342948	0.07015817	-0.4383457	0.14170875	0.21245669	-0.08893222	-0.08075081	0.26845556	0.34705165	0.38160217	-0.42391446	0.15911864	0.39514208	0.13145672	-0.5521162	0.0508977	0.34103587	0.19794948	-0.19989894
0.21639773	-0.15556249	-0.21236742	-0.106845476	0.12548496	-0.30539268	0.2905306	0.3722666	0.2530763	-0.14708456	0.07947215	-0.2610085	0.16480409	0.092007376	0.24031949	0.120663166	-0.22931668	-0.38741368	0.2967353	-0.0030281483	0.14380287	0.13655375	0.30768704	-0.16445887	0.35772318	-0.2609449	0.18768257	0.1547617	-0.017907895	0.28167087	-0.14058645	-0.034093592	0.28104353	0.341536	0.017498866	-0.062482934	-0.23535869	0.09260389	0.35600737	0.20670098	0.004713738	0.1383155	0.26016897	0.050407957	0.22173427	-0.0093551	-0.14725038	0.08839384	-0.08936302	0.14538345	0.2603549	0.07202416	0.13863052	-0.16905805	-0.21610491	0.1765749	0.011072005	-0.36157572	0.07612215	0.24156485	-0.16585915	-0.39698634	-0.11161686	-0.033356413
0.05099845	-0.17475249	-0.19476385	-0.06664386	0.07090206	-0.3061542	0.25885585	0.41752946	0.07182266	-0.02163612	0.1719815	-0.13480806	0.18934228	-0.05525869	0.22409505	0.3172678	-0.16571991	-0.39167756	0.18322754	0.08323079	0.30860388	0.034665838	0.27012995	0.019071124	0.33721316	-0.08359761	0.042665202	0.10652071	0.021274334	0.3331247	-0.18591087	-0.16623057	0.27725044	0.22301835	0.049687807	-0.2104805	-0.10470344	0.13706574	0.31500387	0.08209512	-0.022114329	0.095180266	0.23508458	0.19964965	0.12978834	0.12558058	-0.0350065	0.23117603	0.13303873	0.08516578	0.13318554	0.06580654	0.059732836	-0.086355634	-0.21542954	0.15106557	-0.11762081	-0.4215665	-0.051555634	0.25243247	-0.06643517	-0.44771427	-0.08354951	0.044104096
0.29024345	-0.11313503	0.005018146	0.013697021	0.23320831	-0.17504726	0.37289762	0.31041908	0.060815394	-0.20904203	-0.016258162	-0.28368533	0.09951708	-0.0938494	0.06627198	0.31175855	-0.31548816	-0.37159336	0.35704574	-0.03258026	0.2600816	-0.033680934	0.46260095	-0.070529975	0.27000615	-0.0872943	0.16187349	0.016821178	0.055017553	0.23999624	0.029670073	-0.017934998	0.18517064	0.24663879	-0.058807217	-0.2256597	-0.18809244	0.010421044	0.343747	0.1988758	0.08906075	0.020660039	0.211703	0.1940538	0.15947902	0.027034065	-0.21051912	0.103870355	-0.029278046	0.26325345	0.12529095	0.17733118	0.21486983	-0.04049261	-0.055275578	-0.011174007	-0.09134528	-0.3471028	0.14350377	0.12198017	-0.18340734	-0.4517417	-0.14618564	0.058248747
-0.5237211	-0.36766353	-0.36902794	0.17399026	-0.3299879	-0.31337988	-0.17215559	0.2750684	0.069553904	0.48809788	0.39503813	0.40758616	0.4190559	-0.32356685	0.41901237	0.27154762	0.21061186	-0.055631824	-0.17394193	0.40947524	0.13506505	0.034902837	-0.15344745	0.35863888	0.34239918	-0.07596508	-0.42992908	0.29213583	-0.31252244	0.37220407	-0.3102574	-0.33923396	0.15370539	0.11706359	0.44353947	-0.14042635	0.43775082	-0.039770387	0.00045997943	-0.4290441	-0.2952374	-0.18947478	0.23599279	0.21178122	-0.29786786	0.46723622	0.4560629	0.2971724	0.5255504	-0.3526539	0.1596111	-0.25182998	-0.27293292	0.21965685	-0.3419504	0.24511833	-0.1964754	-0.22003563	-0.37045082	0.29609075	0.45143765	-0.10603009	0.31272256	-0.07918839
0.16112235	-0.29822806	-0.26511696	-0.21595007	0.038175687	-0.28890008	0.24181959	0.35628104	0.2764698	-0.16306563	0.03740003	-0.1060103	0.18457277	0.14140338	0.2815974	0.08425957	-0.14541538	-0.26856932	0.17708646	-0.05544512	-0.07461076	0.20386142	0.16047482	-0.1349616	0.31686312	-0.22867906	0.07807626	0.2654889	-0.30618095	0.30979556	-0.2397059	-0.00013329752	0.32211354	0.2026725	0.056221325	0.06396542	-0.19138578	0.041256003	0.15529723	0.17608744	0.1015802	0.18180415	0.31837735	-0.12561615	0.15486345	-0.15633479	-0.14478803	-0.09376847	-0.04989542	0.062136225	0.23800783	-0.24746184	0.16391653	-0.21013883	-0.23313141	0.30498195	0.18332905	-0.31168845	-0.040251505	0.294352	-0.124120206	-0.2386836	-0.11664555	-0.2331905
-0.22822975	0.31453037	0.28978392	0.3547308	-0.3088187	-0.084485464	0.20183925	-0.18389708	0.38505593	0.29914814	0.34390038	0.25130317	-0.36151823	-0.4349342	-0.3707148	-0.36096343	0.2374733	0.17142807	-0.17718776	0.2956475	-0.2793231	-0.3339212	-0.09620477	-0.3350118	-0.34380555	0.021759588	-0.31527868	-0.42771983	-0.22059207	-0.3235301	-0.32840574	-0.3275528	0.3183951	-0.29328787	0.2603642	-0.41100448	0.2773826	0.34004077	-0.32585594	-0.25950965	-0.3739258	0.3385471	-0.3122342	-0.3589901	-0.34712744	-0.08647626	0.2949195	-0.13140811	-0.337111	-0.30782753	-0.33833787	-0.060494646	-0.38034603	-0.3219224	-0.277853	0.31063056	-0.48021588	0.2830454	-0.25433475	0.11536056	0.26535144	0.24762644	-0.31159797	0.3171749
-0.1050799	0.10409014	0.105940305	0.28298953	-0.025332019	-0.052149013	-0.10633856	0.013524076	-0.3710875	0.15886413	0.055504955	0.06584441	0.24284706	-0.31918675	0.10723724	0.37686047	0.07943087	-0.0856993	-0.18521705	0.0969271	0.13716027	-0.24060853	-0.10555726	0.29857525	0.079297654	0.29495102	-0.16693194	-0.101419136	0.15975705	-0.028589824	0.018839568	0.0072918036	-0.10701162	-0.17182508	0.06897067	-0.17043857	0.21593782	-0.16757645	-0.051290225	-0.11490759	-0.07117124	-0.23880169	-0.11698964	0.40945378	-0.14496624	0.4028781	0.17354241	0.21975844	0.2873857	-0.046074275	-0.15791303	0.07716501	-0.13141818	0.21400008	-0.036947306	-0.114337094	-0.3111831	-0.069179505	-0.05376805	-0.05218832	0.12934966	-0.06916384	0.13022521	0.10682774
-0.1439793	-0.23219141	-0.083879106	0.0067625334	-0.00240245	-0.07901878	-0.022216853	0.08958613	-0.16608137	0.11313156	0.042076327	0.064561754	0.21708763	-0.05252707	0.22910975	0.31967318	0.039600145	-0.0060894256	-0.056267604	0.043354794	0.07811411	0.019633943	-0.042929053	0.26876053	0.18276607	-0.024741089	-0.098204695	0.20131984	-0.07602019	0.1809958	-0.005835023	-0.018173913	-0.09106061	0.08987947	0.07729126	0.03431884	0.12937975	-0.2448762	0.033189107	-0.16165476	0.038591497	-0.14429983	0.16639869	0.40284315	-0.012076481	0.15762697	0.1311303	0.004128941	0.28680983	0.03786585	0.13467228	-0.1096554	0.049321707	0.16768767	-0.014255565	-0.11486729	-0.027408978	-0.08410692	-0.06437346	0.01946127	0.15266919	-0.10079202	0.1691387	-0.16092573
0.051227443	-0.1141445	-0.16369703	-0.113132514	-0.07409789	-0.09991995	0.1085294	0.04523964	0.2894509	-0.09528537	0.12517686	0.06072814	-0.07893036	0.13899383	0.022681937	-0.22653511	-0.012459355	-0.08359462	0.09091516	0.046380874	-0.1956541	0.16461085	0.023281679	-0.1659852	0.057418495	-0.18450849	0.053736545	0.082280986	-0.32494193	0.075897515	-0.20450394	-0.10320023	0.19202714	0.07627075	0.19808078	0.13260657	-0.12522104	0.19278607	0.025186457	0.07153943	-0.075957	0.0860287	0.03994693	-0.23013838	0.060163625	-0.29204595	-0.11208341	-0.22989604	-0.16727129	-0.14405327	0.1326814	-0.23839875	-0.044552665	-0.12667002	-0.17477646	0.19291198	0.17858872	-0.09929851	-0.05296372	0.18878625	-0.06846239	-0.023413304	-0.04533152	-0.07392509
-0.39303607	-0.32939023	-0.2959562	0.28166226	-0.3382018	-0.3896883	-0.1045423	0.46037233	0.047172323	0.39671752	0.42255944	0.3492867	0.42510542	-0.4560167	0.4071813	0.34959725	0.21583726	-0.34021714	-0.22722413	0.4087248	0.21026643	-0.11872979	-0.09619432	0.37227315	0.367552	0.1090582	-0.3915324	0.31187934	-0.20975584	0.36939275	-0.4299662	-0.41692942	0.31016436	0.07008883	0.43652162	-0.46637952	0.38679647	-0.06923142	0.09455832	-0.38534325	-0.42172992	-0.33425424	0.22809322	0.36406314	-0.26152524	0.46663865	0.38599554	0.46634635	0.4788307	-0.34714362	0.13824578	-0.21345145	-0.30421153	0.26979455	-0.41508314	0.35560915	-0.37183717	-0.37881443	-0.38541692	0.40344772	0.42191756	-0.3807613	0.3622206	-0.034498625
-0.2667107	0.04952849	0.042020515	0.120772116	-0.110687435	0.052947413	-0.08507888	-0.14090912	-0.031850472	0.21981266	0.049861647	0.20170327	-0.039009344	-0.052840326	-0.023183405	-0.0894802	0.2593981	0.19791573	-0.24104561	0.092656605	-0.15163316	-0.12713675	-0.17863251	0.033691198	-0.17079943	0.13585722	-0.16883868	-0.017181396	-0.12349214	-0.12700401	-0.058388274	-0.017228724	-0.06494291	-0.18035673	0.12976936	0.035361424	0.24302585	-0.020477854	-0.20536995	-0.23119734	-0.052249745	-0.14954881	-0.08987326	-0.005799699	-0.13447532	0.1254915	0.17438376	-0.0797965	0.14167677	-0.16149853	-0.1366434	-0.10503871	-0.06535341	0.08413517	-0.027047021	0.033064563	-0.02174313	0.22773562	-0.09268431	-0.09934061	0.18676786	0.16648759	0.14869091	-0.03358716
-0.5995782	-0.67436266	-0.43594563	-0.50751334	0.088601984	0.5581671	-0.5405583	-0.58936316	-0.7421501	0.45097682	-0.5741321	0.57738316	0.600417	0.7468298	0.6122788	0.31579348	0.5991824	0.56236726	-0.6466821	-0.6181068	-0.29471788	0.648901	-0.619455	0.6761065	-0.39088452	0.41844887	-0.31289247	0.608566	-0.52857596	-0.18686694	0.45804283	0.603481	-0.6502102	-0.22318949	0.08076639	0.6390865	0.56579936	-0.75691754	-0.6131157	-0.57078207	0.7142648	-0.60653985	0.5357548	0.6042852	-0.02414194	0.20223133	0.5800284	-0.61775064	0.62999463	0.4169444	0.44365653	-0.5837959	0.59118104	0.62385577	0.5835098	-0.554215	0.77364117	0.5965826	0.020990655	-0.57539284	0.51669365	0.5401618	0.5645066	-0.573089
0.52703696	0.681215	0.6494363	0.61461	0.57854754	0.56449336	0.37848496	-0.5585905	-0.66932654	-0.29449016	-0.5530342	-0.49610138	-0.55740327	-0.6595491	-0.6532082	0.6349592	-0.39413604	-0.25874346	0.25375968	-0.5356664	0.43638706	-0.695564	0.40456405	-0.25703332	-0.45534274	0.49826285	0.4345122	-0.6307932	0.6411902	-0.5693468	0.5926404	0.57694596	-0.5138942	-0.42993468	-0.57558537	-0.59602946	-0.14535132	-0.43319875	0.35260844	0.4114738	0.34657487	0.024696968	-0.64456224	0.4956469	0.19683245	0.4350308	-0.40209085	0.4763584	-0.5101562	0.56408066	-0.62523216	0.61960036	0.07227876	0.053123545	0.54896444	-0.6136444	-0.7464693	0.15615506	0.4175655	-0.64419067	-0.43528467	-0.2323015	-0.61602694	0.6452319
-0.15564115	-0.13216387	-0.121499084	-0.013158215	-0.031262998	0.13965946	-0.124569915	-0.16970061	-0.13329138	0.082485236	-0.12798646	0.10939931	0.08025262	0.10828206	0.04290789	-0.0054565878	0.15452181	0.13261747	-0.19869648	-0.09087964	-0.12216618	0.07931107	-0.17704378	0.13042378	-0.01074686	0.03324279	-0.123684645	0.10465937	-0.20294331	-0.05965538	-0.0025788592	0.060859095	-0.13645433	-0.0110031655	0.10392075	0.20318459	0.106707826	-0.14058411	-0.15955684	-0.09940316	0.09377267	-0.20082594	0.060514785	0.05544128	-0.052392114	-0.03424894	0.16629419	-0.14942586	0.12974624	0.038603567	0.027685525	-0.18110089	0.12101609	0.13033545	0.116607375	-0.029194755	0.15627003	0.17847134	-0.047315173	-0.03813046	0.06570457	0.08966469	0.17757095	-0.1655301
0.26644543	-0.12148293	-0.122658804	-0.18351729	0.18637136	0.010409112	0.1832262	0.08193123	-0.068846755	-0.19254462	-0.19094971	-0.24590017	-0.001745975	0.1737019	0.05351042	0.08574817	-0.20004348	-0.13873246	0.20807399	-0.13326085	0.059315328	0.16603434	0.14179043	-0.037086572	0.15929429	-0.094283834	0.18803033	0.088303596	-0.06057261	0.1016701	0.123448536	0.1965386	-0.05310809	0.1649903	-0.19798791	0.105837725	-0.22414659	-0.10160285	0.19850108	0.19517003	0.21555987	0.01776689	0.15430632	0.06451201	0.23313805	-0.15621981	-0.18455341	-0.11599154	-0.10710342	0.25866446	0.1803602	0.0042883367	0.278783	0.028726786	0.09429011	-0.025149068	0.22495796	-0.10221272	0.21403259	0.054461993	-0.16729091	-0.13211507	-0.14253362	-0.14343211
-0.05074876	0.142531	0.12755103	0.2787837	0.027602592	-0.1781404	0.21508585	0.16122368	-0.14036612	0.1495879	0.14305297	0.022328202	0.067817256	-0.38620052	-0.057902854	0.34768298	-0.046738192	-0.2873288	0.029918863	0.18720016	0.16316809	-0.21780762	0.1839335	0.08864588	0.1480698	0.1416899	-0.09520127	-0.14440133	0.19398683	0.111091435	-0.11976419	-0.081138186	0.095130585	-0.07454545	0.05775681	-0.48905608	0.15574898	0.0046348902	0.124309584	-0.042760074	-0.17767172	0.046314232	-0.16521516	0.17715853	-0.11089873	0.3617879	0.10585885	0.35382196	0.17304926	-0.043908022	-0.13414133	0.23253368	-0.18113846	-0.013649269	-0.052039195	-0.08245803	-0.4445417	-0.14311141	-0.016007869	0.049786627	0.02873235	-0.288059	-0.14494975	0.30368793
0.32474598	0.12838615	0.0007720524	-0.11155908	-0.01341638	-0.13384596	0.47260252	0.060788225	0.5204062	-0.20978442	-0.03553145	-0.14967094	-0.35076416	0.12042302	-0.22349095	-0.30304667	-0.21426684	-0.13784221	0.38408202	-0.017886758	-0.22398417	0.017319517	0.3688175	-0.5145259	-0.062372785	-0.2660523	0.15951997	-0.077112325	-0.1152435	-0.056446314	-0.10195031	-0.045913372	0.47613353	0.10535112	-0.04767019	-0.1439592	-0.29289126	0.41925654	0.14828904	0.27295536	-0.050465062	0.55030197	-0.12059501	-0.4285047	0.10102239	-0.41715634	-0.27510718	-0.250894	-0.52002233	-0.03823877	-0.057937335	0.13376707	-0.036355495	-0.5563337	-0.15285502	0.39960834	0.05339109	-0.023977015	-0.01185009	0.19870912	-0.19388802	-0.061197937	-0.55174303	0.23675033
-0.053669527	-0.117971376	-0.0111624235	-0.052472778	0.09307607	0.23324852	-0.14559717	-0.20756784	-0.13632411	0.0071124956	-0.24355793	0.1261096	-0.01593734	0.14622377	-0.0543302	0.071139604	0.20468181	0.19058554	-0.13107646	-0.14483622	-0.11251048	0.088261254	-0.22947092	0.12068174	-0.11608282	0.052130744	-0.059224047	0.03899011	-0.025131082	-0.13777761	0.19627866	0.24796228	-0.19454198	-0.11038569	-0.06514482	0.25035784	0.1103968	-0.1943361	-0.1339522	-0.107564	0.18475235	-0.16161203	0.03525999	0.118932	0.061198138	-0.19609165	0.08754914	-0.23560508	0.026703054	0.066916786	0.0038569283	-0.10588207	0.19199708	0.14793228	0.17193386	-0.16439344	0.2163274	0.14058346	0.008511958	-0.1583728	0.0886253	0.12617597	0.1545021	-0.15014295
0.59534496	-0.045106504	-0.021931045	-0.22341673	0.43435562	0.07079033	0.39326432	0.066505805	0.01461269	-0.53574204	-0.36130053	-0.55281097	0.016409932	0.2034466	-0.07658798	0.039478075	-0.4208412	-0.33858308	0.48468396	-0.41183338	0.32218707	0.18970624	0.53400767	-0.38324934	0.15706415	-0.08931213	0.5164978	0.017597087	0.097736165	0.04636202	0.179102	0.26329193	0.051431466	0.20896296	-0.3204169	-0.0023435084	-0.4033268	-0.006905704	0.4436324	0.52421755	0.5989766	0.27291363	0.16036288	0.048135467	0.3852016	-0.2972252	-0.6124261	-0.27086443	-0.5921164	0.42472693	0.21726288	0.10516402	0.44438303	-0.27806327	0.10338403	-0.11806934	0.18576139	-0.31601372	0.3684331	-0.074534625	-0.4772517	-0.34081653	-0.3576494	0.006572479
-0.14059335	-0.11317478	-0.09318532	0.029714994	-0.07239968	-0.0040958645	-0.04603899	-0.040574476	-0.06143089	0.1148992	-0.035445776	0.09399008	0.08972714	0.047189172	-0.013282836	0.00028007437	0.08462056	0.052528974	-0.12054522	-0.0071048494	-0.07235644	0.054807786	-0.109349556	0.103433706	-0.06277423	-0.004232468	-0.10211443	0.036141682	-0.075755276	-0.02985011	-0.01688818	0.078777745	-0.084915124	-0.056757756	0.094813436	0.0517788	0.055107575	-0.15276884	-0.16706479	-0.124074824	0.07610033	-0.12722889	-0.022335852	0.104805954	0.0040758103	0.047076657	0.09638928	-0.09714512	0.06460897	-0.05564774	0.017345367	-0.19352049	0.0071807173	0.14385596	0.04138204	-0.007776831	0.0779815	0.06540579	-0.073009335	0.04199494	0.060769804	0.079349436	0.17372495	-0.06257582
-0.36037314	-0.30486456	-0.31206384	0.20301753	-0.2842583	-0.3935256	-0.09606178	0.43948713	-0.07206377	0.31020743	0.42386445	0.20726018	0.5755524	-0.40711215	0.5019531	0.6410827	0.0793422	-0.36528924	-0.087248206	0.39447075	0.32378832	0.013736932	-0.039693892	0.56725144	0.46261388	0.09158244	-0.21322215	0.3177099	-0.08507456	0.36019453	-0.3577506	-0.38156572	0.24295957	0.06704585	0.37033182	-0.364983	0.23904091	-0.28422588	0.088425815	-0.3344894	-0.30342838	-0.27701542	0.31867617	0.5607099	-0.13709436	0.4643162	0.30887634	0.46851912	0.5675656	-0.20608649	0.21290806	-0.18251728	-0.13263114	0.39973333	-0.30091292	0.2116991	-0.23542292	-0.3396193	-0.27556574	0.40456134	0.32400036	-0.36182544	0.34876874	-0.108617805
-0.051346224	-0.23033719	-0.3326045	-0.14034562	-0.11701197	-0.13084108	0.105933025	0.088528536	0.38894016	-0.054027423	0.06780133	-0.0043496694	0.019047659	0.1070728	0.13794453	-0.17003857	-0.025932465	-0.0068443287	0.05490418	0.039816964	-0.13332061	0.1104079	-0.029059498	-0.0767391	0.028447926	-0.20993085	0.019369276	0.19712822	-0.4526114	0.20420556	-0.20685013	-0.09855523	0.26480007	0.098140284	0.1297061	0.13532081	-0.037242107	0.20720316	0.009871597	-0.036637466	-0.05595861	0.09176722	0.09768019	-0.20797062	-0.019824859	-0.17964658	0.032827385	-0.18389027	-0.05766923	-0.11965351	0.13533242	-0.22491609	-0.049115892	-0.09988487	-0.19539681	0.27322286	0.17639594	-0.035612077	-0.14821744	0.23675515	0.02473858	-0.031567935	-0.012184388	-0.104845084
-0.03359022	-0.007464096	0.0050004385	0.48313603	0.07221913	-0.22558491	0.14625618	0.29370126	-0.26858386	0.08903177	0.25037295	-0.054879747	0.3015981	-0.5179867	0.20658225	0.5817435	-0.15278545	-0.50185305	0.1698274	0.2020136	0.4895132	-0.3226914	0.31218255	0.28855285	0.33647275	0.18498172	-0.049995355	-0.029903306	0.22455731	0.23512995	-0.10714426	-0.1339638	-0.0146343745	0.11067868	0.07088737	-0.5659877	0.1268987	-0.27380958	0.38545144	-0.11535809	-0.19418168	-0.096066706	0.007395263	0.51194376	-0.042100277	0.50225985	0.07987631	0.5016176	0.3140323	-0.006235404	-0.060723078	0.24429742	-0.10701445	0.1888659	-0.058807462	-0.10109741	-0.60787755	-0.46433428	-0.005740788	0.12970506	0.091670446	-0.5030071	0.055202343	0.20101742
-0.06042761	0.122809306	0.043756314	0.08882835	-0.14824352	-0.024530316	0.15133508	0.01721432	0.18524118	0.04879662	0.121289134	0.12368124	-0.11542809	-0.112011805	-0.10168656	-0.11594277	0.048047464	-0.017350104	-0.032471266	0.09454221	-0.08821714	-0.16502626	-0.0051301145	-0.18363205	-0.08484442	0.041861862	-0.114156865	-0.14598761	-0.06637437	-0.072120525	-0.1000517	-0.10095276	0.15115097	-0.046831507	0.115290835	-0.12812087	0.11640119	0.20596687	-0.09780451	-0.007727937	-0.19279736	0.09819752	-0.1310189	-0.20460655	-0.119009875	-0.03332752	-0.00012573888	0.034840584	-0.13973147	-0.1808462	-0.091260724	0.09122823	-0.22153872	-0.18749985	-0.114226244	0.16656281	-0.13777894	0.06334995	-0.08392507	0.026458357	0.08337194	0.03982693	-0.103729054	0.13066658
0.25560015	-0.17214559	-0.12710673	-0.20594813	0.27171344	-0.15896603	0.24791206	0.31562173	-0.020518286	-0.2268668	-0.05506345	-0.21363994	0.2506485	0.109854944	0.24733302	0.25427517	-0.26756322	-0.3122155	0.28640008	-0.0785866	0.291882	0.19813152	0.3033049	-0.0034550105	0.3189706	-0.12526721	0.22408168	0.1380827	0.076788284	0.25755268	0.041073013	0.07742482	0.13575764	0.25058323	-0.09975751	-0.07666587	-0.21329346	-0.17611201	0.37775052	0.22873957	0.15559849	0.08329755	0.27743524	0.22221483	0.27446675	-0.054456603	-0.15717302	-0.008871872	-0.08656422	0.24665228	0.23637	0.06849891	0.1981497	-0.078488216	-0.026574329	-0.02914411	0.079511866	-0.35561958	0.19263673	0.10498873	-0.23793703	-0.37264737	-0.12500459	-0.09412121
-0.12377699	-0.3435845	-0.3360425	0.02109724	-0.14289443	-0.21064676	-0.13147838	0.27496454	-0.02769673	0.11829057	0.16228597	0.075862676	0.3863478	-0.036814444	0.49713203	0.29389045	0.077376775	-0.14577632	-0.07694177	0.18160674	0.107040875	0.09232639	-0.11803785	0.26756802	0.28824905	-0.029365622	-0.123675436	0.3838423	-0.27069888	0.29717606	-0.12984605	-0.1533284	0.10383361	0.11578056	0.25241792	-0.017873788	0.1315967	-0.2318063	0.065956205	-0.11838171	-0.029378567	-0.15039144	0.29895312	0.33661333	-0.02123992	0.19018485	0.20311889	0.12504406	0.3375008	-0.10603296	0.20150807	-0.26245305	0.019746402	0.2256874	-0.2255158	0.14265554	0.007193255	-0.17114833	-0.11559263	0.30309817	0.132638	-0.1649514	0.2411019	-0.23530748
-0.17259516	-0.3190427	-0.41225988	-0.041569266	-0.24372496	-0.36965722	0.10921379	0.3354414	0.259203	0.13126706	0.3089944	0.118493505	0.26624927	-0.15161686	0.46151116	0.11944522	-0.054093968	-0.29391086	0.026033988	0.31801587	0.053135063	0.062097855	0.062270146	0.17531858	0.34116507	-0.16359548	-0.07538348	0.3145517	-0.41319388	0.33848217	-0.30615363	-0.3202917	0.27302274	0.15708993	0.34148085	-0.19345054	0.049572095	0.086777054	0.1886303	-0.17523964	-0.21598996	-0.00491508	0.26233056	0.12687598	-0.059307273	0.15654634	0.16076382	0.21431108	0.31239024	-0.21643063	0.27057073	-0.28801134	-0.12090787	-0.02706822	-0.41155872	0.3337554	-0.0913847	-0.3472147	-0.23019764	0.40886936	0.1241521	-0.3077981	0.16563582	-0.061999746
0.26590267	-0.028529955	-0.054888293	-0.05499919	0.22059749	-0.110529274	0.27740806	0.22449023	-0.016004235	-0.18103425	0.05044364	-0.28415072	0.15354037	-0.049741425	0.1474374	0.21437445	-0.2369679	-0.29202983	0.26568	-0.032602765	0.30187243	0.06371137	0.3121498	-0.1092798	0.26052672	-0.11556931	0.15888098	0.029476354	0.0638188	0.21071818	0.024255445	0.026826236	0.10086667	0.20421797	-0.06343487	-0.12849548	-0.21517219	0.08811853	0.32973245	0.23195815	0.03904072	0.111852564	0.1881587	0.072396904	0.19111484	0.039087866	-0.22248757	0.13663562	-0.092161804	0.23498654	0.17152077	0.14637068	0.09174956	-0.08333871	-0.009701166	0.006833655	-0.023592036	-0.31575644	0.11317	0.067630835	-0.21312356	-0.27430996	-0.1473179	-0.033613067
0.24357286	0.08837222	0.101770915	-0.10429067	0.27938125	0.24190438	0.07724605	-0.18758568	-0.19781545	-0.2106021	-0.37246785	-0.22307567	-0.03929637	0.21833727	-0.08942672	0.13677488	-0.11802066	0.053139303	0.054193072	-0.38547423	0.08316667	0.06497252	0.024715077	-0.014654097	-0.09819191	0.033392612	0.21496081	-0.078114875	0.2096739	-0.08198295	0.2787015	0.30828327	-0.18296708	0.029364431	-0.26422897	0.096307345	-0.23641124	-0.18609251	0.073878966	0.21454795	0.30947563	-0.10461206	0.09642648	0.15672706	0.2192643	-0.3219537	-0.25449535	-0.28810152	-0.19527334	0.2540171	0.0035509784	0.09175093	0.2788925	0.15084526	0.30878058	-0.26035962	0.0930068	0.02724022	0.25693852	-0.269531	-0.24140242	0.024758257	-0.102858104	-0.111152075
-0.25052583	-0.40813896	-0.18755071	-0.16031402	0.09399829	0.26221335	-0.26297995	-0.20292668	-0.44276133	0.18474336	-0.2761346	0.18782231	0.46338403	0.34334388	0.37488288	0.30659255	0.29209992	0.23523206	-0.33737686	-0.300976	-0.060225632	0.36024237	-0.4031935	0.4689992	-0.011631043	0.09389054	-0.052114815	0.36867127	-0.17954706	0.02589394	0.3049654	0.347624	-0.36318636	-0.031297594	-0.011293714	0.40853128	0.24828902	-0.48492354	-0.22446841	-0.27178916	0.33908394	-0.45088735	0.39895946	0.5058577	0.07527612	0.11269801	0.29391256	-0.34277672	0.5031268	0.28207687	0.23891686	-0.4074974	0.41023922	0.42146647	0.25420102	-0.31279206	0.4423372	0.23754528	-0.0125098275	-0.27823913	0.1667324	0.20246445	0.43522865	-0.43426442
0.2114597	0.27175462	0.28929463	0.31583622	0.21367149	0.23353918	0.372873	-0.13078316	-0.2491973	-0.1098285	-0.27923322	-0.20316315	-0.14730848	-0.30797356	-0.24268325	0.34082076	-0.10367094	-0.25529444	0.15625352	-0.1675976	0.20150298	-0.34608552	0.22671498	-0.050537787	-0.07315237	0.19263673	0.09736536	-0.28595695	0.3248892	-0.12773617	0.2451533	0.20996808	-0.14976764	-0.06726783	-0.19677268	-0.43231958	0.07692441	-0.15080065	0.121656194	0.19857042	0.14552009	-0.1849371	-0.19439042	0.29133615	0.08109188	0.21809565	-0.09398805	0.112532385	-0.1397281	0.25158393	-0.24548002	0.26896638	0.13995379	0.21994059	0.19190536	-0.3100557	-0.3560061	-0.039620537	0.10589763	-0.27452087	-0.20295389	-0.2770514	-0.2662406	0.27804917
-0.21370278	0.20964634	0.1470031	0.2381467	-0.11276391	0.07562419	0.030246709	-0.1859657	-0.04790859	0.1588102	0.05491726	0.19773903	-0.21284726	-0.18298653	-0.26245812	-0.07854157	0.20456238	0.113533705	-0.24529746	0.03784149	-0.16801311	-0.26302308	-0.17841986	-0.09774468	-0.19505823	0.15007032	-0.279295	-0.2080075	0.0131935915	-0.18421796	-0.019964213	-0.06044936	0.03500831	-0.25471795	0.12366606	-0.12807415	0.21419665	0.099588275	-0.26144108	-0.18551417	-0.16219991	-0.05104471	-0.22190896	-0.072778106	-0.22707056	0.048729382	0.1772871	-0.029467646	-0.07827069	-0.13518041	-0.28783655	-0.06734209	-0.19691594	-0.022123458	-0.00030538507	0.019237176	-0.1920896	0.27762887	-0.16184783	-0.06261435	0.18789549	0.14173658	-0.0636001	0.13286948
0.1400321	-0.24647337	-0.16645704	-0.27157417	0.1483188	0.13445954	0.015068717	-0.046498407	0.010238052	-0.15095732	-0.30067018	-0.10719065	0.06238402	0.38937452	0.078323595	-0.10002962	-0.11326838	-0.010132126	0.032111578	-0.30489123	-0.13791057	0.24997732	0.01402983	-0.04255472	0.013177037	-0.18203539	0.17537564	0.29131085	-0.19519274	0.030212509	0.2115615	0.28749925	-0.06717114	0.07356717	-0.19881566	0.34855434	-0.17402524	-0.22999035	0.022996014	0.16523965	0.29009405	-0.034190413	0.2226502	0.012829665	0.1546771	-0.39618096	-0.14370371	-0.37910894	-0.12442179	0.21427092	0.19439673	-0.17078641	0.2846427	0.02277186	0.17361288	-0.060989037	0.4309202	0.026111634	0.13186197	-0.073055066	-0.095313214	0.048190437	-0.0075103636	-0.27974313
0.036245286	-0.0422099	-0.055332452	-0.023096912	-0.035111792	0.11134063	-0.016244639	-0.116240755	0.019581748	-0.07245398	-0.1570283	-0.009263554	-0.1240106	0.13766173	-0.090422384	-0.08376078	0.062085398	0.13652381	-0.056256026	-0.08416481	-0.10080833	0.059693795	-0.057920475	0.018664883	-0.11429122	-0.033749733	0.039438177	0.029683026	-0.08840734	-0.036328208	0.049797855	0.05048517	-0.077408955	-0.04481256	-0.001177149	0.17141199	0.012397808	-0.07789779	-0.0754861	-0.01281772	0.11220458	-0.0048201955	-0.012128511	-0.06683605	0.0044170376	-0.18055308	0.004314876	-0.25787538	-0.08453951	-0.007927931	-0.046410527	-0.1640797	0.09780802	0.017244782	0.038731653	-0.029811665	0.1630142	0.08843912	-0.04651872	-0.08995599	0.027228825	0.11066472	-0.006033437	-0.022437586
0.16288187	0.010455546	-0.070161834	-0.08628434	0.06158192	-0.038436327	0.1857784	0.11567004	0.19255881	-0.25860086	-0.11999053	-0.100704804	-0.08700769	0.114406176	0.0027135387	-0.12440508	-0.20671852	-0.16200092	0.24354295	-0.13158767	-0.041121848	0.112054706	0.22246559	-0.2564563	0.07477666	-0.19811949	0.11912404	0.058585383	-0.05970495	0.108809866	-0.033465263	0.0369134	0.14718828	0.15133403	-0.027516393	0.010056265	-0.2541949	0.110448234	0.17947437	0.12633246	0.16836837	0.21768723	0.06853115	-0.14386071	0.14790216	-0.30704194	-0.1966424	-0.18281038	-0.2420343	0.1339447	0.03465244	0.0072925063	0.087237045	-0.1499901	-0.0020883216	0.083870806	0.16461775	-0.07807064	0.060678385	0.0902299	-0.18823984	-0.16998348	-0.15747759	0.020561723
-0.5210482	-0.42673507	-0.15666868	-0.17705965	-0.089540996	0.44646877	-0.42955983	-0.47999644	-0.6565748	0.4416819	-0.47755975	0.4748953	0.483178	0.423569	0.23521748	0.3094484	0.58190817	0.47125363	-0.63135135	-0.35326383	-0.2531606	0.30723494	-0.5681547	0.5736895	-0.337967	0.39460278	-0.27974838	0.37144253	-0.17746507	-0.20719343	0.40508223	0.39613163	-0.64537114	-0.34525025	0.033205755	0.4736656	0.5317935	-0.7240606	-0.62024325	-0.48261887	0.5728695	-0.55347687	0.273151	0.645272	-0.22635396	0.16079944	0.5332028	-0.428309	0.62115306	0.20511429	0.1335933	-0.4712622	0.52842116	0.6115534	0.45699236	-0.50301147	0.5059307	0.60805976	-0.10663052	-0.39561415	0.4955877	0.5375614	0.5151877	-0.5250659
0.21478441	-0.23830606	-0.1901516	-0.18934812	0.2191889	-0.056590494	0.15696748	0.1700482	0.046626862	-0.23574282	-0.101390526	-0.1914193	0.118811056	0.21551393	0.23530008	0.07986705	-0.13793762	-0.12790024	0.14469422	-0.1689236	0.07315816	0.24656408	0.11636911	-0.032446757	0.16557093	-0.19671108	0.17439348	0.26872173	-0.17637464	0.19819784	0.0785703	0.11282505	0.07469961	0.23875797	-0.11639154	0.16183294	-0.19761586	-0.07047018	0.15644816	0.16951874	0.22792654	0.093712464	0.20569335	-0.0006126894	0.20483942	-0.17889237	-0.17504184	-0.18012825	-0.055046245	0.25502393	0.19027409	-0.09658689	0.26300177	-0.03476597	0.03761722	0.041838344	0.2845286	-0.14999607	0.1617576	0.14830673	-0.1987357	-0.15977532	-0.051829696	-0.18519989
0.61487544	0.63140047	0.63512313	0.55266243	0.53136927	0.59806705	0.5189102	-0.46845838	-0.5874387	-0.4139683	-0.53342944	-0.4978478	-0.6239584	-0.5917972	-0.61689675	0.54915696	-0.35763314	-0.2884089	0.33953038	-0.5091766	0.40115634	-0.57585156	0.5807296	-0.39512265	-0.424223	0.440279	0.38840955	-0.61515296	0.57444304	-0.55142313	0.56569815	0.5365841	-0.46634343	-0.30901387	-0.6035948	-0.6286135	-0.063810356	-0.40760094	0.36033738	0.55846167	0.32390797	0.024705956	-0.6015899	0.48021963	0.16267657	0.27261978	-0.5365191	0.29822022	-0.6370848	0.5979899	-0.52794987	0.6059046	0.18104857	-0.0062133414	0.5209795	-0.53763664	-0.6715836	0.2153023	0.3825011	-0.6251089	-0.56362534	-0.30355012	-0.59013224	0.6260137
0.35811657	-0.262727	-0.33805615	-0.36107072	0.3261718	-0.26626757	0.43196583	0.35486016	0.3971026	-0.3935224	-0.2690145	-0.31433064	-0.0063186106	0.35001573	0.20056269	-0.25488493	-0.34342885	-0.35291362	0.40021828	-0.2843319	-0.025353808	0.33951277	0.43099374	-0.5670145	0.2629897	-0.28812486	0.3707028	0.30509847	-0.23355123	0.27972025	0.054346286	0.1400181	0.3814082	0.27514863	-0.23842451	0.24276897	-0.4230586	0.18769939	0.3057137	0.3641535	0.33024776	0.47669384	0.32513687	-0.38950473	0.29975376	-0.38764617	-0.44156379	-0.38238698	-0.5994293	0.23454565	0.25177324	-0.09058068	0.25476828	-0.4820679	-0.057413537	0.23021539	0.37067312	-0.35267463	0.22287922	0.33732826	-0.3064778	-0.3574545	-0.43376285	-0.18737788
-0.28773943	0.43284833	0.34439874	0.5689715	-0.36830032	-0.037857518	0.33687073	-0.19213559	0.4987001	0.3929304	0.36692366	0.380897	-0.46146694	-0.59662884	-0.42935646	-0.41784957	0.31542665	0.15774655	-0.18027364	0.47867122	-0.3103553	-0.526815	0.036189046	-0.5017362	-0.38043326	0.12814865	-0.40342227	-0.47548163	-0.2111488	-0.29732266	-0.31787628	-0.39081052	0.47928992	-0.3942798	0.37827682	-0.5901835	0.43106526	0.5113739	-0.35186136	-0.2912888	-0.5380369	0.46872947	-0.49352673	-0.49241877	-0.45887634	-0.017539898	0.24692543	0.059602045	-0.4131526	-0.4973903	-0.4745366	0.04392017	-0.48238683	-0.43401438	-0.3304365	0.41149983	-0.6582089	0.2988244	-0.35128826	0.09721584	0.3118361	0.24873821	-0.35285297	0.47017717
-0.0011940034	0.104306325	0.15458149	0.14523305	0.03374153	-0.008332064	0.19097264	0.04466839	-0.15387693	0.071556106	0.04112019	-0.05027497	-0.049280148	-0.22450222	-0.11107518	0.24010329	0.008908607	-0.13023327	0.04747452	0.056019835	0.08112273	-0.102290496	0.0738105	0.016389556	0.102745354	0.042643715	-0.076228224	-0.20377842	0.10526171	-0.014369654	0.019802904	-0.024011448	-0.013427009	-0.025513634	-0.025576605	-0.29266122	0.09631622	-0.084482566	0.021327922	0.006813657	-0.05484742	-0.06702105	-0.14640205	0.22358108	-0.06572625	0.18534146	0.049174733	0.2170904	0.07915245	-0.010364802	-0.11430568	0.1228546	-0.0879952	0.05127362	0.0069418806	-0.09034065	-0.27955446	-0.019546205	-0.042373326	-0.015923541	-0.010685147	-0.19052288	-0.13387445	0.18031107
-0.25910652	-0.4007182	-0.4979918	0.025351094	-0.1996806	-0.4752945	0.060542442	0.4885897	0.25121176	0.16228797	0.3883694	0.123884596	0.5091275	-0.209372	0.48778194	0.38449496	-0.03283367	-0.47934592	0.031291734	0.33721423	0.26453215	0.14568791	0.12879014	0.3783689	0.44794935	-0.13573866	-0.14544997	0.46963304	-0.2614144	0.4684443	-0.37938958	-0.36471102	0.4168459	0.26006126	0.36648595	-0.3408156	0.11569683	-0.07074419	0.2658982	-0.2511417	-0.22849889	-0.094306976	0.47751877	0.36926544	-0.02952326	0.29607373	0.2026127	0.4177881	0.43391123	-0.123188674	0.33493048	-0.17619789	-0.1697806	0.2188799	-0.35513583	0.35858998	-0.15577637	-0.4810679	-0.25381684	0.45671767	0.19292386	-0.43608236	0.29767236	-0.18979067
0.33579817	0.23647673	0.23237874	0.16427283	0.37227732	0.32066786	0.25964406	-0.079735726	-0.27080467	-0.15135017	-0.33661887	-0.1961803	-0.3087034	-0.15048742	-0.26649755	0.28202343	-0.13815103	-0.13194314	0.15927416	-0.3481146	0.07718268	-0.1310917	0.24008742	-0.15659057	-0.060885224	0.15345427	0.120597795	-0.2650303	0.2834719	-0.20072766	0.32541212	0.3375314	-0.18490045	-0.032337092	-0.28945267	-0.26119596	-0.10370541	-0.19557853	0.14710867	0.26897585	0.26777375	-0.04195586	-0.11764793	0.2038533	0.111403234	-0.031054929	-0.16500771	-0.01582561	-0.28506675	0.28390825	-0.07751562	0.24340336	0.22163524	0.01759546	0.2231191	-0.24764632	-0.25101578	0.027591439	0.20607802	-0.28458914	-0.24185571	-0.16998617	-0.39247423	0.26107892
0.23758595	0.11332747	0.09929804	-0.012330826	0.05077737	0.2251614	0.218841	-0.12147988	0.058978185	-0.12727311	-0.14175831	-0.09252527	-0.23215091	0.052592937	-0.21773341	-0.08764506	-0.11152123	-0.025153257	0.15344273	-0.13241123	-0.072110765	-0.06513542	0.13449137	-0.25225547	-0.18809839	-0.075740546	0.14250685	-0.17431171	0.057712466	-0.16127668	0.04193075	0.10579108	0.055434227	-0.051630635	-0.16213243	-0.065662466	-0.18209179	0.1260441	-0.016907599	0.15862581	0.08739085	0.16492729	-0.112068884	-0.22917143	0.082657024	-0.41088465	-0.16532862	-0.37306094	-0.35889125	0.06524907	-0.10386812	0.08884936	0.057873335	-0.16814795	0.04889424	0.016923355	0.00045830949	0.06000229	0.08130659	-0.09259623	-0.14762364	-0.039201036	-0.22879913	0.12168436
0.11404097	-0.2913312	-0.29579186	-0.22641134	0.04353329	-0.26438493	0.2406207	0.30419883	0.3355876	-0.18489411	0.0682598	-0.108920515	0.09085592	0.19669195	0.21884961	-0.10610654	-0.24196394	-0.30257356	0.30845526	-0.0006620863	5.3278687e-05	0.24919564	0.26067436	-0.21839683	0.27979258	-0.3625464	0.18435423	0.271061	-0.25368562	0.27227148	-0.21179213	-0.14246652	0.2918013	0.31199795	0.076679796	0.093942806	-0.30124018	0.30817872	0.20603068	0.16343707	0.0692446	0.2511866	0.21632865	-0.23179492	0.18838124	-0.22560197	-0.13869062	-0.11063005	-0.090937	0.038836658	0.24695835	-0.093415424	0.12498659	-0.2047724	-0.2282558	0.31134662	0.24667068	-0.28553662	-0.011868533	0.27931604	-0.12060173	-0.22616269	-0.041379277	-0.13043447
0.2814772	-0.019869832	-0.04338955	-0.09859907	0.06892988	-0.01711752	0.33341095	0.14992413	0.33057165	-0.21015796	-0.04973479	-0.20568062	-0.24833594	0.17002948	-0.100198306	-0.14696847	-0.21523327	-0.13048398	0.28734982	-0.02257344	-0.12148189	0.09779816	0.24197212	-0.36140355	0.066437274	-0.1848787	0.12121153	-0.012839561	-0.09684734	0.089197636	-0.06496271	0.03661905	0.22143789	0.16904098	-0.07521027	-0.053599	-0.20549388	0.23247427	0.19078541	0.20225471	0.03590088	0.21669757	0.038058445	-0.26165137	0.15571848	-0.32612208	-0.22801587	-0.20545192	-0.38562742	0.053532854	0.049298964	0.09967863	0.050167922	-0.24657507	-0.13319458	0.21649486	0.092722714	-0.09210686	0.060541216	0.10914973	-0.17786987	-0.111976214	-0.2610766	0.099479824
-0.14808674	-0.024894748	0.16491115	0.090329565	0.1882257	0.36691052	-0.24372612	-0.35750812	-0.48171338	0.1034324	-0.35432068	0.14527513	0.17203283	0.18742028	-0.043913618	0.3228531	0.25191545	0.36301956	-0.41017246	-0.33991313	-0.07012199	0.004976974	-0.28217655	0.39391914	-0.26660088	0.2998538	-0.09429734	0.032646287	0.031173628	-0.20242508	0.3944777	0.40118673	-0.42609453	-0.22491086	-0.10243058	0.25658524	0.32508197	-0.4856488	-0.30788615	-0.23790711	0.3891743	-0.394295	-0.020403888	0.41963914	-0.0010815081	0.11649617	0.1744797	-0.2987101	0.30008793	0.24294227	-0.03867159	-0.150219	0.36038992	0.43195257	0.33140236	-0.3868159	0.2107752	0.38454878	0.12009914	-0.43062595	0.15476128	0.33226842	0.23248082	-0.28666037
-0.62260777	-0.6492775	-0.54801184	0.2391358	-0.30750576	-0.30528656	-0.1306946	0.35944346	-0.096504636	0.56596386	0.41719708	0.31755227	0.6372704	-0.3628987	0.63425004	0.6135969	0.20388877	-0.14708513	-0.20142901	0.33971924	0.31178883	0.17832541	-0.074315496	0.60463977	0.4635173	-0.0171482	-0.4764706	0.61350936	-0.37173888	0.43161726	-0.27263853	-0.24272457	0.036422387	0.15873344	0.4647438	-0.06853262	0.5001308	-0.20450239	0.026897576	-0.5244205	-0.29358327	-0.30676264	0.5280099	0.61219686	-0.27617928	0.60753083	0.63447005	0.40001842	0.74890375	-0.22805126	0.44545814	-0.3055714	-0.120239995	0.383349	-0.31734064	0.13917953	-0.13617364	-0.18424293	-0.35992435	0.34777465	0.501381	-0.16572253	0.49986756	-0.23356685
0.061049238	-0.2100187	-0.20943625	-0.23684837	-0.037141502	-0.1577313	0.13815235	0.19142689	0.19695579	-0.2170862	0.036393523	-0.12053102	0.1169041	0.1527808	0.20918795	-0.118072905	-0.14811085	-0.16313626	0.18261419	0.042403087	-0.006717521	0.25098988	0.16450872	-0.10054321	0.21920931	-0.2190948	0.19367589	0.15985417	-0.15745758	0.20818673	-0.08549085	-0.029315123	0.21618369	0.23355193	0.03371127	0.09217546	-0.27985007	0.15994759	0.19733836	0.09188761	0.031519655	0.15725295	0.214616	-0.12939362	0.22519866	-0.20951363	-0.18597575	-0.07625697	-0.035927687	0.06812329	0.22821629	-0.16938603	0.092862636	-0.100480415	-0.16931753	0.1855582	0.23599224	-0.16683683	0.0073339175	0.14714344	-0.13190798	-0.13895166	0.03733418	-0.16261719
0.42284027	-0.3361699	-0.37450254	-0.40628245	0.23959611	-0.31812826	0.28637686	0.3378872	0.45221308	-0.28882834	-0.22671625	-0.31263036	0.0410539	0.38434294	0.2909515	-0.3594816	-0.337592	-0.33301866	0.415076	-0.3079762	-0.06671664	0.3514251	0.3800698	-0.33252636	0.33476192	-0.29564357	0.31809968	0.38347203	-0.4028649	0.3648863	-0.1199783	0.12786126	0.43502355	0.30474976	-0.17546362	0.35216764	-0.40893033	0.2971019	0.32560995	0.38866404	0.29724845	0.36258063	0.4226754	-0.33004564	0.29176897	-0.38252872	-0.40086043	-0.31958395	-0.37981376	0.27718186	0.34668443	-0.22490856	0.33385327	-0.41399482	-0.22503218	0.33340538	0.42778096	-0.36733893	0.21510577	0.38667768	-0.34587556	-0.26437682	-0.27242252	-0.319648
0.38908905	0.29358652	0.4396605	0.25399783	0.46207535	0.50477755	0.15315275	-0.3418843	-0.48835173	-0.27525803	-0.5754919	-0.31774548	-0.18829848	-0.20727164	-0.3921169	0.4647416	-0.14859696	0.042707633	0.08112774	-0.49435854	0.25339943	-0.23702803	0.16991347	0.027713157	-0.27508348	0.3250166	0.36002132	-0.40282577	0.4290604	-0.39002252	0.43819246	0.45198244	-0.431962	-0.14689764	-0.42347935	-0.10700514	-0.07359667	-0.37560168	0.14153388	0.26908213	0.47479475	-0.12322424	-0.23448405	0.42122355	0.24315365	0.1162237	-0.30200157	-0.024357777	-0.15523243	0.4468037	-0.29954353	0.31732184	0.3916059	0.1797266	0.40913174	-0.45697057	-0.25633952	0.09104081	0.36714914	-0.5134962	-0.3215493	0.0071383277	-0.26111245	0.14351656
0.018843658	0.2633168	0.31382263	0.37124872	0.05023807	0.29810026	0.03342554	-0.25763848	-0.30461985	0.04468895	-0.16386327	0.024541833	-0.22558317	-0.31449014	-0.27947253	0.14022054	0.09226619	0.11963892	-0.14012732	-0.11259646	-0.024795117	-0.41114652	-0.03141129	-0.055054262	-0.31467682	0.32571265	-0.13860585	-0.29119766	0.22261533	-0.31056228	0.07945786	0.15514807	-0.21063498	-0.3660245	-0.106682844	-0.19343704	0.19647014	-0.0537116	-0.18181795	-0.082715146	0.02435109	-0.09698017	-0.35733947	0.08426458	-0.13438578	0.23023632	0.021128878	-0.009318532	-0.09248902	-0.01579861	-0.36859316	0.12880602	-0.04390345	0.07018317	0.15562217	-0.17603435	-0.3121331	0.34286273	-0.00031057408	-0.24784267	0.058504827	0.12681971	-0.136689	0.15598066
-0.18788218	-0.14157921	-0.1993551	0.020789417	-0.26245815	-0.30142733	-0.0005334464	0.23139311	0.27129906	0.17196883	0.26558387	0.18045679	0.023641339	-0.06292025	0.13296625	-0.16392274	0.027986929	-0.050941974	-0.048973728	0.22871232	-0.112327345	0.019788705	-0.059192266	-0.09024011	0.12544182	-0.17412293	-0.19099127	0.13660543	-0.41742182	0.20295972	-0.2531653	-0.26039407	0.31187844	0.05766412	0.28695497	-0.09899438	0.019967834	0.24908823	-0.042595252	-0.11665556	-0.2563191	0.067544214	0.06344017	-0.20796628	-0.07421962	-0.015814248	0.1253383	0.041039042	0.086218715	-0.19469237	0.0074310196	-0.22013721	-0.107060745	-0.09802769	-0.36709934	0.3099774	0.027705902	-0.08668065	-0.2696228	0.28529763	0.105839886	-0.063452326	0.11333189	-0.043785382
-0.28787225	0.04090595	-0.04173654	0.31558493	-0.2715058	-0.24405956	0.072702445	0.1478463	0.15902741	0.3142032	0.297644	0.22392854	0.05298677	-0.39007366	0.0825654	0.0701263	0.15903968	-0.14128055	-0.12174797	0.3433544	-0.01561885	-0.26589164	-0.051786747	0.09214991	0.12038614	0.07966039	-0.27791497	-0.043301366	-0.055636518	0.13640063	-0.2563958	-0.31980467	0.306313	-0.12113787	0.32666662	-0.34088078	0.28072855	0.23399828	-0.037031423	-0.2467587	-0.32545087	-0.04675175	-0.061339457	-0.031339563	-0.28764585	0.27118337	0.2395862	0.25766107	0.22209306	-0.3156875	-0.11413953	-0.07095847	-0.3150974	0.035850044	-0.3047808	0.26983586	-0.432363	-0.15305623	-0.33458972	0.17901823	0.2282385	-0.12610143	0.06538018	0.19986862
-0.31299815	-0.013946876	-0.10337684	0.20957665	-0.32134897	-0.21628787	0.006002437	0.106603265	0.24340296	0.34786358	0.3159782	0.33667588	-0.03302841	-0.2727508	0.0019797338	-0.10545891	0.17801517	0.03167652	-0.17252313	0.3234373	-0.13293408	-0.18451457	-0.1449438	0.009131996	0.016663639	-0.04766906	-0.3209809	-0.04450503	-0.30144346	0.08656569	-0.33126432	-0.3239546	0.25584543	-0.13782513	0.35120207	-0.15874688	0.25823632	0.19378306	-0.14322244	-0.27390853	-0.35721126	-0.06179123	-0.15085618	-0.09420025	-0.29044965	0.24140114	0.35023984	0.103284575	0.09818993	-0.35601962	-0.1046256	-0.16133998	-0.23902074	-0.048801396	-0.30509102	0.25698403	-0.21700008	0.06622063	-0.32278943	0.28275976	0.36498627	-0.013543022	0.045978993	0.09816247
-0.066941254	-0.027421674	-0.17790614	-0.019465398	-0.16197197	-0.29362243	0.18031509	0.22155075	0.20697345	0.04385987	0.24149965	0.039765324	0.049045425	-0.087862596	0.12200676	-0.041290082	-0.06841369	-0.16273971	0.110707894	0.1789296	0.0036073364	-0.025494294	0.17294174	-0.10368446	0.1300654	-0.09519955	-0.121064864	0.01669729	-0.113617525	0.21864697	-0.17447767	-0.2151236	0.31482166	0.05453603	0.1478321	-0.24473102	-0.00027181063	0.25505623	0.13718429	-0.006805663	-0.1705297	0.121513605	0.028260114	-0.10666059	-0.08930741	0.067550756	0.032244354	0.17332572	0.085259475	-0.16264698	0.03797288	0.009404315	-0.12982656	-0.1658267	-0.24298815	0.20070517	-0.12862128	-0.17559595	-0.13045503	0.2046328	0.043805778	-0.1466402	-0.056990672	0.055636786
-0.28921175	0.25495642	0.4064364	0.33274007	-0.24396676	0.30804035	-0.15532385	-0.44288918	0.023379233	0.37485752	-0.017318917	0.36394593	-0.28140318	-0.13835968	-0.3619326	-0.26067978	0.4464053	0.4209367	-0.39644307	0.03443003	-0.28697586	-0.36711237	-0.39139387	-0.12127628	-0.44843268	0.4453835	-0.37634763	-0.25509468	-0.12155725	-0.4213959	-0.045643527	-0.049139056	-0.06851789	-0.4810941	0.18215904	0.02364855	0.40271363	0.099706754	-0.46969527	-0.3264662	-0.13782722	-0.0766199	-0.34915575	-0.13518569	-0.38895994	-0.015199574	0.32769987	-0.2759681	-0.08341583	-0.22837186	-0.4497365	-0.16445002	-0.21214007	0.03929574	-0.025164627	-0.02241218	-0.21946387	0.53056073	-0.22777542	-0.26607543	0.36842135	0.46870628	0.021189883	0.13615045
0.6089238	0.6980261	0.6581922	0.67109835	0.5084859	0.62029207	0.40764594	-0.56653833	-0.7391953	-0.35463876	-0.5998301	-0.4566432	-0.59094393	-0.70510924	-0.7031663	0.5168594	-0.34776852	-0.19440109	0.30117252	-0.45327657	0.4310339	-0.6738838	0.4802529	-0.2303701	-0.4960958	0.5131179	0.36238694	-0.7151608	0.5980802	-0.5938675	0.5701867	0.5448234	-0.4787741	-0.43558624	-0.5554776	-0.6482537	-0.019099014	-0.43805045	0.30368197	0.47757563	0.3176969	0.046520937	-0.702754	0.46360505	0.15900461	0.4420061	-0.48106456	0.4065278	-0.55020946	0.5508272	-0.6860972	0.55313367	0.08468003	0.07058918	0.5298519	-0.581023	-0.7603923	0.24839565	0.41240948	-0.663588	-0.5083694	-0.26804048	-0.5913673	0.64930373
0.08916076	-0.0611442	-0.096012324	-0.026520126	0.034891594	-0.241315	0.26952577	0.37929797	0.11893693	-0.12859865	0.19907527	-0.19007887	0.15587732	-0.06316792	0.14978705	0.22119118	-0.26100975	-0.42843625	0.25659233	0.100620694	0.24892783	0.058867507	0.41778904	-0.1304582	0.35057566	-0.14831011	0.12494641	0.10081079	0.05161628	0.22882295	-0.12684844	-0.13546158	0.31624758	0.17420961	0.02003197	-0.26176846	-0.12527856	0.21905415	0.30059853	0.08603387	0.0002490749	0.22864705	0.19291648	0.04879274	0.11065273	0.09458999	-0.14278139	0.23054932	-0.012652403	0.074348114	0.11641007	0.09626449	-0.020454645	-0.20059647	-0.11109898	0.1533664	-0.049981304	-0.4081408	0.07182147	0.2102891	-0.08750902	-0.4037912	-0.1111923	0.0657261
-0.6324132	-0.5890838	-0.15806442	-0.545397	0.16987695	0.6379828	-0.47927865	-0.55554837	-0.6394872	0.42195964	-0.63387483	0.5877533	0.3879817	0.72339857	0.2714924	0.19088666	0.58633196	0.55355245	-0.5942618	-0.6125943	-0.3064674	0.6489985	-0.65665656	0.63738084	-0.49210665	0.3969461	-0.4168073	0.59018564	-0.4934942	-0.40917012	0.5270824	0.6081884	-0.62116015	-0.30015582	-0.033111725	0.67652357	0.49438646	-0.61691684	-0.5773158	-0.5378512	0.7448786	-0.5452097	0.36438733	0.5162908	-0.048484266	-0.26125908	0.56160843	-0.6299231	0.5150019	0.5358444	0.3451516	-0.59472823	0.7071	0.5765656	0.6053887	-0.61301094	0.8070205	0.58981186	0.0640308	-0.56640506	0.4738631	0.61652666	0.49173295	-0.51410246
0.14930955	-0.122288406	-0.12838748	-0.13451679	0.10536384	-0.20323907	0.17389905	0.23587738	0.19115737	-0.1311432	0.024066951	-0.1320041	0.057350103	0.054085393	0.10107914	0.08933504	-0.17867643	-0.26170197	0.20031835	0.019257704	0.017002368	0.16632731	0.20680316	-0.114937335	0.20273134	-0.17932805	0.12878683	0.1245956	-0.1340245	0.23572385	-0.07642363	-0.077392295	0.15206517	0.12839137	0.02153381	-0.011885152	-0.0944478	0.023599278	0.16053377	0.06793262	0.048732694	0.083327234	0.1295248	-0.08757597	0.09844859	-0.10702443	-0.14967917	0.04090376	-0.07778409	0.13427825	0.13976504	0.03246025	0.08910882	-0.091064095	-0.118782654	0.09631206	0.13924627	-0.14759709	0.0282854	0.12976691	-0.11275769	-0.18686447	-0.06435171	-0.08259413
-0.14322995	0.14739852	0.059765905	0.048234884	-0.17725699	-0.1014934	0.19941892	-0.1388753	0.32263926	0.08340514	0.10907544	0.17104878	-0.2389957	-0.053831257	-0.21708517	-0.29084313	0.108730055	0.03748241	0.019295586	0.18666072	-0.18691169	-0.11932595	0.05227617	-0.2710562	-0.19613348	-0.14484754	-0.12874648	-0.14080642	-0.35570824	-0.11416557	-0.20678356	-0.20826949	0.25225347	-0.11239787	0.1622603	-0.10907902	0.06552021	0.29742086	-0.20383635	-0.093991704	-0.17068747	0.23041946	-0.18044299	-0.341357	-0.14727066	-0.15890008	0.11207888	-0.2565249	-0.3117973	-0.19147742	-0.18351611	-0.17811476	-0.15801616	-0.2465326	-0.23458268	0.30104062	-0.035862003	0.18451777	-0.16105647	0.14005212	0.11849555	0.08667855	-0.20816788	0.15664364
0.052335735	-0.31560642	-0.19191739	-0.2683252	0.09432422	0.006094852	-0.067180976	0.06600819	-0.006806018	-0.11791542	-0.04858876	-0.027912416	0.12328344	0.25108233	0.13617536	-0.07479112	-0.010635028	0.024489839	0.040638335	-0.09558293	0.011774909	0.3011221	-0.01641839	0.115324825	0.09403678	-0.13794816	0.09853394	0.2553129	-0.27477893	0.15628871	0.09861033	0.11225641	-0.038910955	0.15289563	0.012295529	0.19612546	-0.114374764	-0.14025822	-0.034359213	0.008053535	0.24932735	-0.12222007	0.27186954	-0.004437805	0.13050759	-0.13747832	-0.05584093	-0.12167761	0.07340967	0.18198489	0.24812321	-0.18320242	0.22400376	0.07438998	0.0756358	0.0017261847	0.3544377	8.7172186e-05	0.00664699	0.06849535	0.010357371	-0.0027925773	0.10301848	-0.2744299
-0.69884884	-0.38776886	-0.42974064	0.5821253	-0.54075694	-0.4562228	-0.31228912	0.53551114	-0.17162892	0.6422232	0.6302494	0.5457109	0.6075052	-0.64986765	0.5306646	0.51725256	0.41264778	-0.40772244	-0.50313485	0.5488576	0.19935086	-0.31405756	-0.3032709	0.65694267	0.5122673	0.3069434	-0.6347226	0.3254809	-0.40857768	0.42981285	-0.5866359	-0.56433177	0.4732471	-0.10831284	0.5939638	-0.5989787	0.652923	-0.14811769	0.0021881647	-0.6447493	-0.68172264	-0.60082394	0.17608501	0.5361295	-0.5781601	0.6753181	0.66056144	0.66401666	0.6728217	-0.55123806	0.11675867	-0.40610757	-0.48772708	0.53622377	-0.5849974	0.43787453	-0.5818416	-0.47276363	-0.49092472	0.49157614	0.55718917	-0.41114187	0.6586545	0.096179806
0.23150161	-0.46030915	-0.54530895	-0.33324754	0.14391467	-0.44043767	0.30881044	0.4622611	0.5693173	-0.22996864	0.07103309	-0.25380418	0.23756963	0.22715257	0.4039607	-0.026670653	-0.29925218	-0.4294614	0.3415699	-0.071822785	0.15926288	0.36033562	0.35825637	-0.20496942	0.37933627	-0.38057706	0.22778502	0.4167586	-0.50714684	0.44103104	-0.11901878	0.004612998	0.5788709	0.27852982	0.003858087	0.104999825	-0.2559195	0.305734	0.30620453	0.19577448	0.15376802	0.38628843	0.37209946	-0.2742397	0.20342495	-0.1803335	-0.1934061	-0.018422408	-0.113435015	0.17871025	0.37591523	-0.08692656	0.17934766	-0.36104682	-0.18622386	0.51699024	0.27650145	-0.39967677	0.067692734	0.52752626	-0.18104997	-0.36167493	-0.08389091	-0.25841984
0.37358323	-0.05413166	-0.14798592	-0.24877852	0.11359646	-0.060356554	0.31769475	0.07578384	0.4342967	-0.30871642	-0.29774517	-0.2428104	-0.35677007	0.3442963	-0.08473254	-0.40711832	-0.28342634	-0.1283318	0.29594448	-0.26438573	-0.15685613	0.19546172	0.33408293	-0.5639487	-0.01834486	-0.28731412	0.2764447	0.048361536	-0.20219964	0.0016481705	-0.030385446	0.078430586	0.29302767	0.16497402	-0.21565756	0.18540181	-0.33299083	0.36462486	0.119665764	0.30603224	0.19348988	0.5292904	0.017914215	-0.5332288	0.21185867	-0.5580859	-0.4192755	-0.54604036	-0.6911657	0.07037583	0.068252906	0.07447069	0.096556395	-0.4721697	0.024329431	0.30339235	0.2571018	-0.12399167	0.11519383	0.04536895	-0.2637653	-0.14327961	-0.5157823	0.03804063
0.04807749	-0.2005988	-0.11759908	-0.12736733	0.17268912	0.038968515	-0.025548493	0.0066652745	-0.17578192	-0.060806483	-0.032470234	-0.059626855	0.16612007	0.08858064	0.22302385	0.25296074	-0.066736005	-0.08215936	0.040230658	-0.12120513	0.1239507	0.18401612	-0.015670614	0.20009992	0.16018082	-0.028362233	0.11614937	0.16267674	0.0006592824	0.1602311	0.10644289	0.113065116	-0.0817152	0.117268845	-0.071583346	0.124788	-0.07685817	-0.20881072	0.11395315	0.045145415	0.12419112	-0.16412532	0.2596264	0.27706653	0.1294728	0.040292893	-0.004007469	-0.0637962	0.10638417	0.20500013	0.21072295	-0.087736554	0.1683446	0.121886	0.10828987	-0.07639547	0.124391206	-0.049949944	0.040967796	-0.052246105	-0.018006224	-0.06536593	0.13124862	-0.21189229
0.17002977	-0.0841424	-0.14999892	-0.115735434	0.18183173	-0.06925678	0.20343268	0.18431832	0.029061625	-0.12190078	-0.05661249	-0.15443206	0.08807364	0.05492134	0.1303173	0.17355081	-0.15563016	-0.22159731	0.12236667	-0.09366061	0.06349062	0.13566332	0.22128913	-0.056048293	0.15954575	-0.12142122	0.17342965	0.14672986	0.008873227	0.14987439	-0.012151755	0.080098554	0.090284556	0.1825733	-0.07893622	-0.05684539	-0.11270429	-0.016369484	0.15469286	0.10739805	0.09939136	0.12134218	0.18028519	0.04879969	0.1977158	-0.07319061	-0.1108319	-0.023467166	-0.090057425	0.18430045	0.1931377	-0.056735653	0.11259948	-0.07534389	-0.007313494	-0.00882919	0.06471413	-0.23763897	0.123834066	0.112233534	-0.1053551	-0.24598438	-0.09250507	-0.0066506625
-0.20705593	0.020187253	-0.06515408	-0.016600067	-0.21999025	0.028626079	-0.15082943	-0.19035548	0.16999277	0.10811973	0.094356924	0.26113066	-0.10163774	0.08944828	-0.13240181	-0.25532985	0.22922854	0.20726614	-0.20278758	0.03747652	-0.27647904	-0.05129249	-0.20030098	-0.085198954	-0.24418744	0.019242996	-0.24142858	-0.02958515	-0.3454259	-0.08463163	-0.11842142	-0.07011639	0.08288213	-0.20753369	0.20371273	0.11521466	0.19394831	0.1032723	-0.29996923	-0.18425794	-0.10547877	-0.061069563	-0.08907867	-0.24545565	-0.16342816	-0.253225	0.19710694	-0.2128085	-0.06686004	-0.2261509	-0.122487426	-0.21123835	-0.07816345	-0.014629127	-0.090205304	0.22600846	0.080131985	0.2438511	-0.18844676	0.0063489783	0.24556386	0.26367733	0.07091279	-0.019841524
0.10046514	0.028612038	-0.03227987	0.0035662176	0.023680829	-0.10856329	0.19281301	0.07164727	0.07347869	-0.039871708	0.084525675	-0.06586754	0.006526741	-0.03894844	0.048217356	0.0114142485	-0.10041168	-0.10471971	0.15188192	-0.0020354323	0.048015624	-0.024382863	0.16685012	-0.1303552	0.088129416	-0.086303875	-0.007614044	-0.038564485	0.0037220044	0.04098656	-0.05753422	-0.09848071	0.09283983	0.087123446	-0.02495933	-0.079017594	-0.045500115	0.105561174	0.13214618	0.01513478	-0.08916414	0.090368085	-0.025404198	0.0035448105	0.078744926	0.006751089	-4.3008473e-05	0.041085687	-0.14791587	-0.034508586	0.05299371	0.05874581	-0.03245847	-0.08897205	-0.08122835	0.04998768	-0.01726841	-0.10800094	-0.01769436	0.03773931	-0.07681807	-0.13304864	-0.08930836	0.02730561
-0.10134102	0.008212038	0.06600755	0.05285616	-0.048077006	0.14810598	-0.0033760595	-0.116838515	-0.0070766704	0.052971706	-0.1237399	0.13078775	-0.035096403	0.057358127	-0.10540513	-0.05375937	0.10116805	0.14167388	-0.1278847	-0.110635586	-0.17528972	0.020498088	-0.16580275	0.01083053	-0.14127964	0.0364682	-0.07018041	-0.021873202	-0.15119673	-0.06485964	0.06301698	0.056040585	-0.048925146	-0.07437048	0.040531043	0.08721608	0.118956074	-0.065933384	-0.16913053	-0.12448791	0.070555896	-0.09415585	-0.031546634	-0.0036859838	-0.07532178	-0.07718241	0.08390775	-0.19003238	-0.06597679	-0.00157268	-0.03601553	-0.17057063	0.004059346	0.09420896	0.04027925	-0.02315469	0.13226706	0.21388231	-0.0076619755	-0.07086439	0.08338678	0.19220454	0.05378583	-0.0897444
0.42106673	0.14579344	0.22417432	-0.1021471	0.35157868	0.16595864	0.2412523	-0.04267478	-0.22968966	-0.38861075	-0.33646923	-0.34625998	-0.11815625	0.1982425	-0.16626626	0.21036342	-0.34686548	-0.16890809	0.33134022	-0.36998126	0.21330714	0.046514407	0.2908707	-0.17038107	0.0761521	-0.056714464	0.3740865	-0.1954537	0.24792828	-0.00900449	0.33634692	0.39660618	-0.15873085	0.20284943	-0.38885802	-0.019443559	-0.33875635	-0.12808867	0.31580958	0.3645526	0.3413599	0.18402375	0.04081563	0.14983185	0.28715068	-0.19361064	-0.42408317	-0.17956524	-0.31250298	0.39958403	0.045748796	0.25891307	0.34198558	-0.123637736	0.25720152	-0.26632288	0.044493042	-0.17251135	0.34173834	-0.2217312	-0.3711847	-0.22877519	-0.34932435	0.05170577
0.13878378	0.2810847	0.28155908	0.47164834	0.21373144	0.071252584	0.22266446	0.09311912	-0.26454082	0.0068636155	-0.011638715	-0.2096748	-0.041056152	-0.48447245	-0.08488528	0.46886608	-0.16461937	-0.49413812	0.1626201	0.033914134	0.39491892	-0.4168469	0.31714264	0.117064774	0.0748955	0.23120162	0.023049163	-0.22835813	0.3149566	-0.03992766	0.123348236	0.11165148	-0.12057061	-0.12228877	-0.10914258	-0.5981674	0.09610787	-0.11348397	0.41677678	0.07185072	0.0010533115	0.030088888	-0.21843758	0.451992	-0.03939211	0.42265716	-0.07211047	0.37434104	-0.016923588	0.12296575	-0.2173198	0.25694335	-0.0337842	0.16780277	0.07620743	-0.13930424	-0.5736414	-0.2133854	0.069568455	-0.16172785	-0.15730955	-0.46386722	-0.25902125	0.39051703
-0.22326456	0.032889895	0.045480695	0.30148876	-0.04016411	-0.12865488	-0.009718983	0.18516938	-0.19385912	0.21377227	0.18034154	0.124390446	0.14878912	-0.3788968	0.039220296	0.34151432	0.09973035	-0.14314474	-0.10920239	0.21445861	0.15726821	-0.2581007	0.021884615	0.2022718	0.09149797	0.21493845	-0.1588099	-0.06298214	0.12368508	0.14241394	-0.06989906	-0.13675353	-0.060805805	-0.12141916	0.13270286	-0.37452033	0.26073653	-0.16317329	0.04683876	-0.21793088	-0.22501276	-0.15622593	-0.05195933	0.2532287	-0.17337696	0.4336407	0.21854906	0.3809831	0.25157493	-0.084734775	-0.08865282	0.11608873	-0.1888162	0.14317265	-0.076964915	-0.050194677	-0.33673748	-0.1119991	-0.081206955	0.11878975	0.16402093	-0.22436225	0.07181053	0.093695715
0.14598027	-0.05460883	-0.06416746	-0.18192652	0.1723161	0.27485636	0.11061573	-0.18819839	0.17679793	-0.18338807	-0.3043874	-0.12846228	-0.21868387	0.4011215	-0.21254924	-0.32669622	0.004827188	0.17244603	0.0264031	-0.32760057	-0.15447998	0.14278255	-0.048394695	-0.1632686	-0.14938468	-0.19267724	0.14468534	0.06866454	-0.13788125	-0.09508746	0.13166907	0.22729672	-0.07877944	0.079578884	-0.21528971	0.32266527	-0.16894414	-0.012914482	-0.08070603	0.16843654	0.26508734	0.061801303	0.048484202	-0.16605738	0.2080334	-0.473025	-0.21101338	-0.53494817	-0.34548894	0.15175337	0.122950345	-0.19436103	0.23545587	-0.09793481	0.13062355	-0.0029892577	0.38971913	0.1085548	0.11843894	-0.24034765	-0.13759339	0.19981477	-0.120739326	-0.1891488
0.24529758	-0.09478788	-0.0102398535	-0.13668819	0.21015136	0.16563064	0.14789896	-0.028037347	-0.036163785	-0.26449674	-0.27986726	-0.24380675	-0.038177647	0.15674044	-0.002404515	0.07869995	-0.17536056	-0.094276614	0.14438282	-0.21399927	0.054741558	0.12921661	0.16620877	-0.024260709	0.056339297	-0.043364093	0.20257246	0.061573133	0.01958554	0.05323762	0.17109406	0.2502153	-0.056585383	0.19119029	-0.15264373	0.1404504	-0.20097059	-0.11074814	0.15357761	0.18848903	0.2850459	-0.042600017	0.18506184	0.06510915	0.1961566	-0.18256544	-0.2084754	-0.24269153	-0.16961043	0.26786757	0.17644109	0.029532973	0.24782376	0.047005378	0.18009537	-0.13796216	0.16478053	-0.12587056	0.22594415	-0.0668762	-0.19086403	-0.046389043	-0.11609909	-0.08831257
-0.10774697	0.07489479	0.06487584	0.11457534	-0.0577295	-0.07626767	0.083248965	0.030588716	0.0072551966	0.07516004	0.040978935	0.13497931	-0.0035198915	-0.037372477	0.016365223	0.093274154	0.040321942	-0.069492154	-0.04889051	0.077929996	-0.124305576	-0.07166175	-0.023730585	-0.034057528	0.054747272	0.05267503	-0.04867247	-0.07643245	-0.031791206	-0.013730958	-0.11506975	-0.0822321	0.0141174095	-0.038351655	0.12547219	-0.17479844	0.10608923	-0.0010952706	-0.041089498	-0.089278996	-0.13584472	-0.043800447	-0.138615	0.060115468	-0.07883995	0.03265882	0.051427186	0.06052809	0.06169372	-0.11924633	-0.021196684	-0.05987323	-0.05507741	0.0035871598	-0.11752726	0.008374382	-0.13938314	0.035151754	-0.14286357	0.08841527	0.096293285	-0.08831087	0.04731297	0.12082047
0.504757	-0.5096225	-0.52908707	-0.5424534	0.3627001	-0.43520442	0.44422135	0.53774923	0.582037	-0.4662767	-0.077595904	-0.49628907	0.33648878	0.5191718	0.5135198	-0.26312616	-0.55424976	-0.4467418	0.5643446	-0.2535422	0.21386272	0.5854248	0.5148105	-0.42251587	0.47880366	-0.5158396	0.47588328	0.5976768	-0.4243873	0.54137355	-0.08358047	0.07511607	0.46102673	0.5384851	-0.11391383	0.40217167	-0.5107373	0.3456945	0.5804916	0.47844422	0.32779476	0.4576394	0.64614576	-0.40366906	0.4428665	-0.49330655	-0.4507015	-0.31736216	-0.34277326	0.40304196	0.53998876	-0.20881811	0.39379856	-0.44464475	-0.21065576	0.41367853	0.5927472	-0.51647055	0.28479913	0.44424623	-0.48354042	-0.4125669	-0.21864259	-0.4989573
-0.19804622	0.20131215	0.17002565	0.13436039	-0.2748713	0.1578271	0.077519774	-0.28983256	0.23700386	0.19197464	0.05335848	0.21772671	-0.273299	-0.04947795	-0.3440334	-0.29701307	0.29301563	0.22940594	-0.21107927	0.10220508	-0.25837293	-0.17760211	-0.22291313	-0.17926218	-0.3100128	0.06755659	-0.22613014	-0.22932282	-0.27088618	-0.30505046	-0.15407181	-0.18670134	0.16083209	-0.31578088	0.21149342	-0.0098243905	0.17513531	0.24185838	-0.30951324	-0.16218765	-0.16170377	0.06630433	-0.2417015	-0.2821193	-0.25991106	-0.22340983	0.1485903	-0.35126036	-0.2377485	-0.26461136	-0.2315948	-0.16414383	-0.2307788	-0.20301436	-0.13613616	0.21205926	-0.06447438	0.3601896	-0.21895395	-0.05009961	0.24348877	0.33507133	-0.104797475	0.09898374
-0.19943	0.03794234	-0.008146289	0.21487686	-0.20791563	-0.120824315	0.07276357	0.08227323	0.15847531	0.20113501	0.2178612	0.1543433	-0.013274388	-0.18293782	-0.013975088	-0.079482995	0.18014313	-0.03578933	-0.14796157	0.22495224	-0.048336536	-0.089855865	-0.009933576	-0.08492461	-0.02655655	0.030296072	-0.2528279	-0.08614568	-0.1329198	0.06137278	-0.22721569	-0.15950331	0.19776288	-0.061544936	0.22193924	-0.14375341	0.18854712	0.11972684	-0.11587079	-0.21890625	-0.20975775	0.0071900263	-0.046332225	-0.073391445	-0.12630168	0.20912446	0.22583704	0.103956185	0.06441176	-0.22345243	-0.10881907	-0.15087506	-0.2099092	-0.017764773	-0.20852554	0.19585487	-0.17903341	0.06273173	-0.20665948	0.17925741	0.23169062	0.0031744216	0.018297598	0.10742611
0.2054463	0.18657112	0.17438795	0.052880567	0.074580155	0.10733443	0.32411027	0.0049644695	0.086684346	-0.14543134	-0.09263834	-0.116115965	-0.26230508	0.00061022554	-0.22567274	-0.012989591	-0.14429745	-0.12074166	0.17772005	-0.040437795	-0.09223673	-0.09636025	0.14502545	-0.28721336	-0.14529938	0.0042425804	0.09468974	-0.16248752	0.09066716	-0.06793507	0.056650095	0.06487437	0.11282329	-0.009933829	-0.08663814	-0.08674777	-0.16664755	0.14894335	0.020009529	0.16272204	0.048817024	0.18663469	-0.16671433	-0.14418301	0.048232745	-0.17412224	-0.21684198	-0.119843245	-0.3420994	0.06566544	-0.07271837	0.20005932	-0.010500803	-0.18272634	-0.022321187	0.030810297	-0.06560478	0.023865432	0.030068824	-0.0350708	-0.17080764	-0.041684825	-0.3103134	0.16993521
0.34384632	0.14853081	0.22200619	-0.013853536	0.4032511	0.11810988	0.14917572	0.07411027	-0.34341785	-0.287319	-0.27565527	-0.31722346	0.049517207	0.055781715	-0.11268423	0.45366627	-0.34453005	-0.22631595	0.2392577	-0.33521163	0.37231892	0.00067213184	0.32248735	0.051286086	0.20194721	0.104458004	0.2843696	-0.09836111	0.28020748	0.0463302	0.31653616	0.3505639	-0.2178163	0.22200815	-0.31542057	-0.13546242	-0.24462745	-0.31414258	0.37118396	0.23871225	0.33965534	0.056573913	0.14253685	0.42804846	0.29990533	0.062241767	-0.25369862	0.03525232	-0.107811995	0.376582	0.041081715	0.23458448	0.30836964	0.054160595	0.29382956	-0.3026461	-0.0442995	-0.23426081	0.29306385	-0.17051956	-0.2520777	-0.27139467	-0.1412512	0.07448654
-0.061910644	0.12217184	-0.03992809	0.06835429	-0.23998162	-0.28114265	0.26736212	0.09564025	0.46904254	0.034195345	0.31555924	0.1764404	-0.32169047	-0.11738708	-0.1558047	-0.33077738	-0.021062149	-0.093620695	0.06271131	0.27098566	-0.22583356	-0.14603584	0.214196	-0.43410435	-0.084058605	-0.18683189	-0.17406495	-0.17038922	-0.2935558	-0.07170358	-0.33373097	-0.27327728	0.43729445	-0.026487788	0.25749055	-0.3070456	-0.02748095	0.44905367	-0.04399882	-0.04826051	-0.2769248	0.4734564	-0.13473733	-0.43576163	-0.12393528	-0.18595652	0.05076332	-0.11367553	-0.27273807	-0.2914099	-0.09734106	-0.093028985	-0.26377302	-0.42946994	-0.30259612	0.4385976	-0.10728286	-0.009616295	-0.20279518	0.30238402	0.10935935	-0.06927612	-0.2883757	0.29090866
-0.6834706	-0.6931484	-0.45786217	-0.48381552	-0.05439175	0.5757752	-0.4602797	-0.58010143	-0.635282	0.43462294	-0.58409697	0.55443347	0.5539638	0.735778	0.58524406	0.2685439	0.6375453	0.58503276	-0.64363414	-0.5781951	-0.29485947	0.66114026	-0.6860776	0.63581645	-0.4805974	0.39107725	-0.3962612	0.622483	-0.5377634	-0.25808045	0.4258965	0.51730096	-0.6137272	-0.3565493	0.2247571	0.62204146	0.5726896	-0.6374276	-0.5932345	-0.5812276	0.6180711	-0.570124	0.5362158	0.5594174	-0.14027998	0.06468709	0.60996854	-0.6278232	0.6416029	0.38199687	0.44992083	-0.6036936	0.58176446	0.58093166	0.49113753	-0.482625	0.8112409	0.5828095	-0.09677871	-0.5482355	0.53512824	0.5738371	0.580857	-0.5334316
-0.62059945	0.016908485	-0.0041913874	0.18233426	-0.422389	0.20424396	-0.20992513	-0.36555448	0.05062802	0.51121384	0.03809806	0.5076617	-0.088721514	-0.031466376	-0.18250535	-0.29691625	0.555892	0.3722217	-0.52529734	0.19105248	-0.33243504	-0.16893049	-0.4177594	0.12312071	-0.37543377	0.24313882	-0.53708756	-0.039015327	-0.51270014	-0.28986737	-0.1632715	-0.10404899	-0.037225135	-0.46818313	0.4260789	0.13836516	0.52103525	-0.003099187	-0.5906076	-0.5299314	-0.15868066	-0.1802631	-0.17498635	-0.06352568	-0.36777645	0.0008746418	0.53798586	-0.3499886	0.1505957	-0.37550893	-0.22307503	-0.45770335	-0.1602789	0.09666562	-0.090881206	0.097047605	0.06251168	0.5510311	-0.41729674	-0.14894578	0.51470244	0.40838608	0.23654032	-0.14015971
-0.19309063	0.06956704	0.15352468	0.10519824	-0.18216345	0.06600462	-0.04180837	-0.13965985	-0.014739585	0.12755027	0.06876442	0.12226682	-0.11282504	-0.10368734	-0.14507905	-0.13654608	0.16296078	0.07679062	-0.15152793	0.061246064	-0.21503223	-0.1609833	-0.12858698	-0.07382085	-0.21375617	0.08779381	-0.1568442	-0.14305788	-0.07698287	-0.12155912	-0.012779167	-0.039215516	0.04810536	-0.1884826	0.071379244	-0.06315835	0.15346608	0.0364262	-0.15167868	-0.10959276	-0.08516188	-0.044446357	-0.18211967	-0.12838417	-0.1268021	-0.039979227	0.14656958	-0.11842601	-0.0025588893	-0.12805445	-0.122069895	-0.096453905	-0.08211967	-0.021000288	-0.05169639	0.05485178	-0.047934048	0.23350699	-0.18274012	-0.003844698	0.16672239	0.12781508	-0.02018878	0.023242284
0.43539715	0.1308618	0.18467174	0.095174335	0.35702643	0.25813088	0.46779805	-0.13282079	-0.120269895	-0.35550138	-0.37659696	-0.37531406	-0.21826828	-0.12787262	-0.2312092	0.26119998	-0.3596617	-0.2927059	0.33103216	-0.27820113	0.15961821	-0.18141268	0.39363474	-0.3913934	-0.046105456	0.10089171	0.34743324	-0.19303232	0.2024745	-0.07618382	0.17565389	0.25291437	-0.040215902	0.01659694	-0.25922978	-0.23914112	-0.25180364	0.00027164162	0.24013273	0.362256	0.39932618	-0.020568209	-0.075075954	0.16173978	0.24980845	-0.20656028	-0.36602306	-0.20836839	-0.3928607	0.44490722	-0.069239296	0.2595751	0.38298228	0.035567638	0.11331523	-0.18798783	-0.13448107	-0.080716096	0.18708456	-0.29322737	-0.33087543	-0.29885143	-0.35154352	0.18824336
-0.38240588	-0.30455396	-0.3476022	-0.10281194	-0.095904544	0.024436954	-0.23924707	-0.042736784	-0.15106009	0.19876766	-0.028049469	0.23917066	0.23781124	0.18649091	0.29185262	0.095264904	0.20179641	0.17584373	-0.2744883	0.04577597	-0.1380705	0.19540513	-0.2720425	0.2668701	0.008942766	0.05324116	-0.1763039	0.36491495	-0.46245497	0.16174167	0.012936071	0.030558854	-0.15867457	0.033758402	0.23646735	0.24587744	0.22300313	-0.19425888	-0.16442923	-0.32768807	0.065069854	-0.23633602	0.2557965	0.17124084	-0.048008643	0.07035736	0.2865125	-0.13522734	0.3562579	-0.0213822	0.20477352	-0.3734638	0.111700535	0.2358851	0.04477053	-0.003931914	0.25639018	0.15937163	-0.113798276	0.075786546	0.27855775	0.1431351	0.2646346	-0.2444804
-0.24427195	0.2570173	0.31922707	0.32250476	-0.15084262	0.30342647	-0.07758527	-0.40287358	-0.073890395	0.19742943	-0.047762737	0.24295808	-0.18695025	-0.14518186	-0.29146767	-0.1630959	0.31914693	0.2847836	-0.34285405	-0.020556215	-0.19951105	-0.30304587	-0.23010184	0.004801374	-0.37783062	0.41741598	-0.19229276	-0.20819515	-0.08637157	-0.43265137	0.0026662115	0.04814813	-0.12777586	-0.4375474	0.0758544	0.024450831	0.34938994	-0.017068172	-0.34123906	-0.26621437	-0.07218204	-0.120177	-0.3363506	-0.06779415	-0.25518328	0.05949604	0.20436555	-0.29695857	0.012388818	-0.15210645	-0.385177	-0.07781863	-0.08669923	0.101738945	0.054636065	-0.01163679	-0.18219364	0.41184598	-0.11520955	-0.29640946	0.2657143	0.30748495	0.03991364	0.010853832
-0.39975154	-0.28582963	-0.06596606	0.064392634	-0.10222766	0.30474	-0.40644166	-0.32867953	-0.37907043	0.3981292	-0.1394858	0.31926557	0.3514714	0.118221186	0.11625227	0.1993004	0.43426016	0.42560142	-0.50114197	-0.10186916	-0.19878873	0.1487955	-0.4683297	0.45525753	-0.17020899	0.27116466	-0.30589366	0.24269855	-0.18633437	-0.1402067	0.16967207	0.18716027	-0.34648237	-0.33654636	0.14667577	0.33094466	0.46078566	-0.49025247	-0.41338286	-0.4019904	0.17917304	-0.45808357	0.16059045	0.42254752	-0.1846583	0.20346911	0.39725858	-0.23696737	0.48815244	-0.020387093	0.033367448	-0.28218624	0.21113598	0.42503172	0.17035912	-0.29660487	0.30218512	0.3856492	-0.15470833	-0.21342392	0.35741624	0.33880097	0.3619348	-0.38255635
-0.3194999	0.45263863	0.53599644	0.4484485	-0.3507479	0.08164865	0.30402994	-0.45629406	0.4942521	0.32970014	0.31149864	0.35268885	-0.50980824	-0.48361814	-0.5552277	-0.46508455	0.41850406	0.4493912	-0.38786203	0.40339953	-0.39645028	-0.45754284	-0.3144349	-0.5366935	-0.45403036	0.15331009	-0.41710517	-0.5093224	-0.3420125	-0.41541606	-0.30889913	-0.4210745	0.47918165	-0.5413719	0.3775575	-0.48509327	0.3229267	0.52687496	-0.47553465	-0.34809595	-0.46061394	0.48552606	-0.44596037	-0.5877198	-0.38804907	-0.5856149	0.29863718	-0.3631782	-0.5225283	-0.41553512	-0.5135471	0.10150466	-0.39694872	-0.52405715	-0.33672938	0.364525	-0.5456926	0.50094926	-0.3945035	0.11688762	0.34422716	0.48292547	-0.4327187	0.46819893
-0.47203073	-0.33000788	-0.41992703	0.40708718	-0.40488994	-0.40749562	-0.14383385	0.42169446	0.07322479	0.40537	0.48222667	0.32491726	0.46681455	-0.5116	0.49986425	0.432658	0.2755591	-0.372137	-0.3060215	0.43093735	0.27757114	-0.22596245	-0.06435902	0.48211002	0.43595734	0.11887819	-0.44827792	0.3494563	-0.2515325	0.35260156	-0.42161232	-0.47282532	0.37179756	0.113381185	0.45647907	-0.4767814	0.42724082	0.006099609	0.14061888	-0.419154	-0.471964	-0.31452024	0.24393845	0.45643705	-0.41476792	0.49547327	0.4620778	0.49567354	0.5059134	-0.3760958	0.15463108	-0.20156133	-0.34353316	0.30507767	-0.43975934	0.33420095	-0.4642546	-0.4303754	-0.38758594	0.46573913	0.4122678	-0.4260502	0.38422886	0.048480876
0.19321458	-0.09396769	-0.11198671	-0.08058786	0.15346265	-0.11170366	0.12640196	0.20961961	-0.10592384	-0.11588937	-0.044214845	-0.241678	0.1708253	-0.01996114	0.11481447	0.3142645	-0.19868939	-0.2579212	0.16802356	-0.09701003	0.27115163	0.14879388	0.2484122	0.097691946	0.24140882	-0.09606205	0.19411856	0.1331684	0.075907625	0.21347232	0.04869212	0.07343957	0.048326723	0.18274754	-0.085358575	-0.094323605	-0.20423423	-0.105535306	0.25923446	0.12666799	0.14270626	-0.041419465	0.19181842	0.22986513	0.1608068	0.06980134	-0.10544263	0.08244072	0.066473775	0.24990991	0.22888133	0.06778806	0.12935618	0.061122235	-0.003318287	-0.094336994	0.009990383	-0.2432476	0.11051697	0.095048316	-0.11316878	-0.27106276	-0.032539345	-0.08911092
0.25767678	-0.22740313	-0.29600874	-0.30995506	0.18468215	-0.11889906	0.24224511	0.25704202	0.33177322	-0.3105076	-0.11958162	-0.2686026	-0.018997457	0.3661141	0.14048819	-0.16731822	-0.26522204	-0.23951498	0.336725	-0.19836804	0.009062511	0.2714789	0.32404375	-0.30222893	0.23706286	-0.3521793	0.24937156	0.21901436	-0.22141975	0.23940352	-0.004692033	0.008939541	0.26391992	0.30928472	-0.12644029	0.19677065	-0.40424222	0.18252304	0.26436767	0.22911535	0.18990418	0.21124081	0.24832167	-0.31722486	0.26628628	-0.37552762	-0.28728786	-0.24654515	-0.27666765	0.17870575	0.32102162	-0.04190049	0.25363925	-0.18928386	-0.11537129	0.26249954	0.3974891	-0.2682319	0.10871081	0.23799798	-0.31267917	-0.15601395	-0.1529814	-0.13625295
-0.23244517	-0.28590295	-0.25300142	-0.32467115	-0.0293007	0.35301545	-0.22151518	-0.30610093	-0.10765512	0.09056159	-0.35701296	0.120669656	0.16653755	0.5281758	0.13023885	-0.055698562	0.17456791	0.32813644	-0.30685672	-0.36525932	-0.2404237	0.33981407	-0.3346302	0.2774623	-0.09473688	0.007921124	-0.04878875	0.3094625	-0.3016186	-0.09279662	0.2604515	0.33233884	-0.26448166	-0.0068860333	-0.018635819	0.45752704	0.09911811	-0.3656122	-0.27035156	-0.12614138	0.39964887	-0.33143127	0.25346506	0.14555901	0.013710679	-0.2784904	0.12931317	-0.5853772	0.21765651	0.14784698	0.16170982	-0.36988357	0.3051479	0.26019615	0.20227398	-0.18430902	0.52099276	0.27587432	-0.04877056	-0.17915939	0.14051971	0.22466135	0.33356354	-0.3696618
-0.04897506	0.10729372	0.23547874	0.23013552	0.01720229	0.108313955	-0.06826271	-0.11870745	-0.32657605	0.025557498	-0.06756006	-0.019126639	0.014520574	-0.20355743	-0.12364034	0.13696338	0.095103934	0.043306503	-0.1192813	-0.003978266	0.08255815	-0.19458456	-0.05681512	0.13337155	-0.046727616	0.23782109	-0.030922705	-0.09577196	0.19929758	-0.14081718	0.07937709	0.08096668	-0.18394141	-0.1414359	-0.12955557	-0.0956135	0.19415726	-0.2008418	-0.027560057	-0.0046916134	0.016264867	-0.17825048	-0.10810842	0.23188484	-0.05817196	0.18569568	0.0070510167	0.11181917	0.10601538	0.04255155	-0.1432208	0.043309405	-0.030750796	0.1903292	0.09414724	-0.19214162	-0.15435003	0.08776523	0.020224312	-0.15022036	0.05573061	0.03948197	-0.017583735	0.08212155
-0.122758515	0.10953065	0.1516269	0.20468612	-0.016582398	0.24941614	-0.15013501	-0.28312907	-0.25270492	0.2019404	-0.14385287	0.18215726	-0.070912145	-0.0616636	-0.21767114	0.08176911	0.25751588	0.25853828	-0.22098812	-0.10593235	-0.134082	-0.14325336	-0.22345474	0.050812792	-0.26271716	0.2759858	-0.17109685	-0.14875393	0.09965281	-0.22954516	0.09499793	0.08855532	-0.17165732	-0.20701046	-0.03079988	-0.012268497	0.18821473	-0.09976312	-0.2685076	-0.17396049	0.0024066975	-0.22337294	-0.18834825	0.042380065	-0.10714079	0.13463323	0.14132679	-0.13239102	0.03417795	-0.07414077	-0.23963976	-0.054340277	-0.015532655	0.19788416	0.14425017	-0.17052603	-0.10421088	0.24175692	-0.037627514	-0.2849176	0.16548109	0.25158215	0.09979868	0.009687619
0.09717467	-0.12895292	-0.17649652	-0.1230819	0.1443217	-0.1319558	0.2153853	0.201636	0.0918415	-0.15444437	-0.05581869	-0.19384706	0.13574424	0.0638167	0.17302988	0.103494115	-0.18220918	-0.18415698	0.22399166	-0.04072424	0.09369248	0.1590925	0.15020071	-0.01514145	0.27118376	-0.15198547	0.1723734	0.14564738	6.820288e-05	0.18897541	0.032980394	0.020352218	0.06404951	0.17867877	-0.013139848	-0.009992227	-0.116637155	-0.0056435294	0.221619	0.13511996	0.071311966	0.09177915	0.18014748	0.09989566	0.1300235	-0.03159992	-0.09106581	-0.059419904	-0.056513794	0.17428662	0.18533985	-0.05300998	0.10327585	-0.047107678	-0.08354827	0.023640208	0.034132425	-0.19151343	0.06384187	0.16409963	-0.081788756	-0.1880083	-0.03427846	-0.0826804
0.111329444	-0.114469975	-0.11283839	-0.09162259	0.022717983	-0.061615705	0.061975043	0.033261426	0.102260366	-0.12116635	-0.101417206	-0.03424528	-0.08033096	0.14645189	-0.031666312	-0.084439665	-0.07997568	0.018881433	0.08288803	-0.10936644	-0.071599044	0.1407949	0.06990627	-0.17936799	-0.009885643	-0.12917316	0.059779953	0.034872916	-0.17561617	0.095311366	-0.04114635	0.04607994	0.08182679	0.067897454	-0.006245921	0.124431066	-0.11326251	0.08889744	0.0677093	0.07374281	0.075919904	0.108554736	0.09031349	-0.10846142	0.13763076	-0.26959425	-0.14055213	-0.20973553	-0.17482162	0.06063427	0.08868571	-0.046251073	0.13063388	-0.044938948	-0.04572586	0.13089088	0.17741744	-0.029302984	0.040399827	0.064993754	-0.10771465	-0.04587664	-0.0624194	-0.07522167
0.25106004	0.14239669	0.25814608	0.17536841	0.28410614	0.04845401	0.34206998	0.04848169	-0.24021636	-0.21401867	-0.14578743	-0.31867275	-0.0036018852	-0.18313274	-0.12787315	0.3476407	-0.22842874	-0.33717185	0.28795132	-0.14088503	0.26537493	-0.1845262	0.4010636	-0.03278658	0.055417974	0.16483916	0.15769418	-0.18166324	0.35980415	-0.055401262	0.23174153	0.15366708	-0.124146976	0.027795263	-0.23564303	-0.3037868	-0.12815942	-0.13494366	0.3381507	0.19587651	0.11449294	0.07732227	-0.020047054	0.26345098	0.14656228	0.092302024	-0.22105764	0.16276938	-0.13692698	0.27630764	-0.093772136	0.3061187	0.09728129	-0.035052203	0.12494235	-0.24355824	-0.23590168	-0.11572991	0.19179048	-0.14838597	-0.26776415	-0.32405394	-0.26629907	0.18254785
0.030025888	-0.1108243	-0.1615532	-0.22536278	0.019333811	0.19086917	-0.070732705	-0.16531564	0.12231038	-0.13110131	-0.17810817	0.009293153	-0.056081146	0.31645575	0.00050950336	-0.22102086	0.059871096	0.13241924	-0.08251079	-0.20874967	-0.2338841	0.24084733	-0.0905618	0.0065109613	-0.1156654	-0.0921318	0.010365033	0.13145845	-0.29454872	-0.039606135	0.075726815	0.14672136	-0.07064818	0.009759431	-0.06860657	0.30381823	-0.049471527	-0.07187103	-0.15103215	0.011730613	0.16565336	-0.09246159	0.06627904	-0.10338602	0.108920716	-0.41040257	-0.0035393694	-0.45938754	-0.09827474	0.12763786	0.14151905	-0.27185273	0.20690869	0.054583542	0.019453786	0.018306999	0.37112576	0.16686104	-0.007948139	-0.07203498	0.031083532	0.14250316	0.010410091	-0.22315529
0.39934078	0.36585528	0.40493625	0.38356608	0.38112086	0.38746235	0.41614762	-0.20428553	-0.41138533	-0.24512155	-0.3616085	-0.3256116	-0.1932179	-0.40261546	-0.36403346	0.49353445	-0.22959182	-0.25541228	0.20848894	-0.24856961	0.35078746	-0.36049038	0.28871983	-0.013034291	-0.005971625	0.24634984	0.26470825	-0.38824028	0.4851026	-0.22160494	0.323289	0.3163053	-0.28827465	-0.01562701	-0.31779838	-0.47186428	-0.0485301	-0.3754513	0.25259152	0.3156561	0.17981699	-0.07639198	-0.31078535	0.42819336	0.123842746	0.20534633	-0.1942174	0.19505961	-0.20272861	0.36621425	-0.24832465	0.36354002	0.23640196	0.20628065	0.2829139	-0.38051808	-0.5358295	-0.10245898	0.25429216	-0.36503118	-0.24257182	-0.37179413	-0.37271383	0.4540649
-0.13409214	-0.052730955	-0.102298096	-0.013044854	-0.26469854	-0.11372873	0.06603621	0.08698731	0.29504946	0.12567641	0.17278531	0.13186227	-0.1481928	-0.0020256396	-0.051233105	-0.23967116	0.057503708	0.035325166	-0.023897542	0.22299062	-0.18229155	-0.048289258	-0.0762809	-0.11539252	-0.056357883	-0.16113478	-0.13226022	0.048873127	-0.3396671	0.0011570915	-0.2832692	-0.27211052	0.21944098	-0.041307475	0.32284895	-0.11390754	0.09073281	0.24510047	-0.08311845	-0.10156534	-0.17988078	0.14771536	-0.10361465	-0.25897717	-0.10902804	-0.042751458	0.08593899	-0.049416896	-0.035995692	-0.2114582	-0.09248302	-0.13645609	-0.19947287	-0.129377	-0.27841517	0.33851522	0.021147264	0.031015957	-0.18334728	0.2380951	0.09163641	0.012379821	-0.049053602	0.02811733
0.437242	0.066958636	0.16920076	-0.016547047	0.37420383	0.11466744	0.25224975	0.0569387	-0.17907119	-0.27549747	-0.2566937	-0.41248316	-0.08418187	-0.004879894	-0.080731	0.2841224	-0.28596815	-0.26223478	0.36679834	-0.277003	0.19516866	-0.045324642	0.3848346	-0.20635407	0.07198079	0.015974423	0.3526673	-0.13618053	0.2593555	-0.0029525417	0.24432921	0.21505782	-0.05416399	0.10408561	-0.31023106	-0.15701374	-0.22016904	-0.0057451003	0.36154082	0.36095503	0.2518583	0.14621437	0.006992495	0.163407	0.19883004	-0.121654876	-0.3917236	-0.031804122	-0.31903955	0.3938948	0.0072352486	0.23676158	0.24722207	-0.092730686	0.1559621	-0.18537375	-0.018648392	-0.17568785	0.30265617	-0.13669261	-0.29979303	-0.22269727	-0.30391678	0.12949976
0.32042375	0.19265772	0.2518951	0.40547994	0.35072654	0.1557	0.29094738	-0.057624694	-0.4377874	-0.1363101	-0.24125281	-0.3371998	0.0038488146	-0.5053038	-0.12953126	0.46953434	-0.3691789	-0.4084753	0.32270077	-0.1593593	0.30703852	-0.28469434	0.3626326	0.11008864	0.047279317	0.27900624	0.26536277	-0.3162537	0.40915623	-0.13703564	0.24810433	0.3032827	-0.2992078	-0.015456439	-0.29855344	-0.4581657	-0.0046256892	-0.36048794	0.3943691	0.19495454	0.16396812	-0.22360991	-0.05624848	0.4595624	0.225751	0.3941701	-0.16716819	0.3249426	0.0038802088	0.37251735	-0.22007337	0.34899664	0.24888946	0.2648354	0.22725335	-0.30706784	-0.4312215	-0.20706087	0.220749	-0.24573006	-0.2604194	-0.36001664	-0.2123132	0.21334213
0.3150809	-0.30830836	-0.4058632	-0.36915696	0.19280063	-0.24408172	0.3609742	0.32952052	0.5000735	-0.3286513	-0.045553364	-0.3023028	0.09858548	0.4024566	0.25509876	-0.13655345	-0.3643206	-0.3296157	0.47243658	-0.20651674	0.103886336	0.4355011	0.4003532	-0.35893217	0.2589271	-0.43977857	0.326122	0.3448159	-0.2650208	0.37088287	-0.013577723	0.036735147	0.37505254	0.37522703	-0.10077388	0.22382982	-0.4443614	0.20627491	0.39861777	0.35815465	0.17731903	0.34824762	0.41656533	-0.29281795	0.35310495	-0.34100085	-0.3349862	-0.22154088	-0.25709504	0.21498226	0.3848806	-0.07709724	0.22323082	-0.30534244	-0.1577831	0.28233048	0.3747515	-0.38436598	0.16503704	0.26757276	-0.28114447	-0.28180617	-0.19349863	-0.19693798
-0.19339141	0.028896123	-0.031007925	0.16070607	-0.0882123	0.079730675	-0.1482165	-0.20530261	0.02244414	0.19344579	0.08186219	0.18501796	-0.0124617005	-0.062723696	-0.0930223	-0.10671499	0.26916078	0.16799521	-0.28231454	0.08561927	-0.20543352	-0.09632907	-0.201837	0.05051346	-0.14971103	0.08201293	-0.16348168	-0.07220205	-0.09718883	-0.1469886	-0.04839502	-0.09870696	-0.020028632	-0.16900715	0.13833754	0.044917144	0.19648676	0.009679962	-0.26605022	-0.16047741	-0.13857305	-0.16274638	-0.044605356	-0.031294785	-0.14421238	0.07535281	0.17799097	-0.114246726	0.1365404	-0.12145943	-0.15207028	-0.058703274	-0.10477167	0.059210524	-0.038797356	0.023507886	-0.026359081	0.22830462	-0.1767354	-0.04195277	0.19050689	0.22263288	0.10457882	-0.006908145
-0.0387831	0.24069461	0.023142407	0.004485372	-0.27058035	-0.16889282	0.34120518	-0.11604758	0.7151448	-0.025165169	0.22166428	0.14382926	-0.4990637	-0.011508305	-0.44885167	-0.57783866	0.108232655	0.058104347	0.015630804	0.2016924	-0.44270805	-0.16184014	0.068069406	-0.6283214	-0.3112663	-0.26584283	-0.18284291	-0.3087112	-0.60445535	-0.24897604	-0.37915763	-0.36623242	0.55413556	-0.1988228	0.31852397	-0.119793504	-0.013064907	0.59752953	-0.23726635	0.013935089	-0.3052503	0.4949636	-0.34239975	-0.6627958	-0.13893335	-0.48096815	-0.014705921	-0.42459774	-0.6304955	-0.325256	-0.21460627	-0.087863594	-0.23679624	-0.51874197	-0.40160835	0.531888	-0.019112922	0.2553601	-0.32620272	0.337468	0.11662314	0.15159832	-0.40520185	0.32481092
-0.1504258	0.20789783	0.09363473	0.20870611	-0.20623414	-0.01368716	0.21721487	-0.13923654	0.29194564	0.06515235	0.21031752	0.23060527	-0.26090008	-0.18167676	-0.22934468	-0.2278198	0.18575916	0.08906315	-0.037632897	0.22206368	-0.21522522	-0.2516377	-0.006728288	-0.27072507	-0.18387851	-0.08558923	-0.23550425	-0.18980116	-0.23558286	-0.116002746	-0.23804007	-0.1685222	0.24265563	-0.18925282	0.19430524	-0.15641172	0.13085788	0.35210085	-0.2064961	-0.13594061	-0.24663667	0.19178008	-0.17853327	-0.29819092	-0.19527288	-0.10991784	0.08797873	-0.1271251	-0.21628396	-0.27367574	-0.18131626	-0.06922284	-0.22147977	-0.20936394	-0.18151201	0.27388135	-0.2149923	0.14898658	-0.24523866	0.058503937	0.12404003	0.10392584	-0.1499039	0.22337435
-0.27627537	-0.12318562	0.06557	-0.010481197	0.11261492	0.5388955	-0.3164866	-0.4927886	-0.51499903	0.30446696	-0.50263673	0.23982863	0.18660192	0.39129284	0.02491298	0.20204091	0.4566545	0.43476373	-0.47940022	-0.46254316	-0.13180427	0.16454823	-0.4008477	0.4247865	-0.49570066	0.328284	-0.18784982	0.153562	-0.043746814	-0.38804874	0.38997528	0.53517836	-0.5238577	-0.33646217	-0.14544086	0.4233316	0.35368636	-0.57594556	-0.4509642	-0.37298387	0.5771522	-0.48702094	0.07643307	0.46108323	-0.08246517	0.035617247	0.3824527	-0.46136823	0.3888577	0.27929303	-0.116096854	-0.25157726	0.57724917	0.49266073	0.4897514	-0.47302997	0.38642445	0.48838294	0.07724268	-0.5288149	0.31950355	0.44101253	0.29505566	-0.36521623
-0.2904306	0.33631855	0.34176818	0.36406597	-0.3619409	-0.021015136	0.18246797	-0.3178254	0.40097868	0.3258092	0.32934973	0.36863703	-0.3522463	-0.395536	-0.4299016	-0.38583723	0.3048489	0.20790616	-0.19894685	0.33760643	-0.29037106	-0.42957506	-0.073004015	-0.39310086	-0.39734244	0.06152219	-0.35417455	-0.3893042	-0.21312767	-0.3456895	-0.2757925	-0.3046573	0.36853528	-0.38316712	0.35998243	-0.30336705	0.29307863	0.46526414	-0.3963802	-0.2578533	-0.37370944	0.25166428	-0.4362076	-0.3692145	-0.369572	-0.28371596	0.20031148	-0.14257513	-0.3282585	-0.36684602	-0.4343438	-0.005699921	-0.3777009	-0.28397936	-0.35431504	0.3879543	-0.43621626	0.41619238	-0.27419224	0.09969968	0.24741004	0.2803853	-0.24464436	0.29865417
0.39048526	0.48779997	0.5740861	0.54974926	0.30993938	0.47820517	0.38690582	-0.45660177	-0.5134024	-0.090765804	-0.33273607	-0.26297304	-0.42733526	-0.573204	-0.4804261	0.3421998	-0.05764072	-0.043321695	0.105130695	-0.28935066	0.21972527	-0.5670093	0.31744382	-0.11211621	-0.42484215	0.43845564	0.0933983	-0.5353445	0.5176205	-0.43975917	0.34933278	0.31974164	-0.3420627	-0.36956298	-0.3758842	-0.5224354	0.22181094	-0.2170395	0.036566846	0.19715749	0.069591634	-0.050478406	-0.55207086	0.25677145	-0.07927035	0.35786927	-0.18519638	0.16506453	-0.28649244	0.2834346	-0.5628119	0.37986776	-0.00956887	0.10009445	0.326385	-0.4126987	-0.658371	0.28321326	0.17052248	-0.45920458	-0.23366632	-0.07515143	-0.5185396	0.55211747
-0.2993697	-0.34162956	-0.17919075	-0.06833141	-0.0959629	0.17421357	-0.24441658	-0.1476353	-0.28040022	0.25195488	-0.11588283	0.23424312	0.38930836	0.12915434	0.29040346	0.3437586	0.2887399	0.14819098	-0.26256147	-0.0828727	-0.042808376	0.16632415	-0.34376448	0.40863708	-0.0010710844	0.06491813	-0.16809605	0.3312064	-0.19586976	0.08388068	0.14062469	0.15688545	-0.24742928	-0.06925088	0.100421384	0.25853437	0.18993206	-0.42167276	-0.21210763	-0.31900713	0.2307118	-0.39623472	0.26615804	0.47293928	-0.0813835	0.11979018	0.2772392	-0.15716152	0.3777709	0.06732326	0.22384103	-0.30519518	0.18600625	0.395294	0.15854335	-0.22892413	0.27500364	0.17445576	-0.044548552	-0.112558894	0.24437621	0.12190101	0.31373623	-0.38749868
-0.020527473	-0.197789	-0.07639538	0.012677979	0.061249837	-0.107810505	0.076656304	0.17613347	0.064618774	0.0010889099	0.049938824	-0.028354129	0.20390181	-0.028786944	0.21735694	0.111167006	-0.049716823	-0.08512858	0.07958937	0.07908637	0.083714	0.030892203	0.09655396	0.08247706	0.18218003	-0.08811673	0.027250944	0.14974792	-0.048075352	0.19599701	-0.039992236	-0.10606701	0.116224825	0.114495195	0.12630117	0.044833258	-0.06535228	0.051035304	0.16850133	0.0013444194	-0.0043870388	-0.059901986	0.22054231	0.030101202	0.103994474	-0.00074182294	-0.031144468	0.09172745	0.10190938	0.07125938	0.12797943	-0.05156121	0.08145011	0.062907875	-0.11690272	0.08164562	0.015082144	-0.19586645	-0.063887	0.11863353	-0.045247685	-0.12615538	0.02430491	-0.10597268
-0.30662355	0.6203078	0.5543499	0.47982454	-0.4691986	-0.050776955	0.36929324	-0.47907105	0.6338933	0.33113512	0.43336394	0.3784629	-0.60892886	-0.54920346	-0.65193206	-0.5714039	0.36861145	0.32879952	-0.29087773	0.48640412	-0.37585866	-0.56011236	-0.13037215	-0.6482714	-0.47825545	0.12890488	-0.39412037	-0.63060445	-0.3512846	-0.51800966	-0.43816558	-0.4159629	0.49955165	-0.47349712	0.45236042	-0.58321506	0.3467455	0.6006934	-0.44681573	-0.2784844	-0.533085	0.62211317	-0.52736604	-0.63380945	-0.49581027	-0.4271512	0.32567438	-0.25843003	-0.5971968	-0.47168192	-0.5835563	0.046031985	-0.50504595	-0.59942	-0.45957673	0.42273784	-0.65705705	0.46603623	-0.42950433	0.11618461	0.35688865	0.4511616	-0.480294	0.5074085
0.10070776	0.27587885	0.21765365	0.12790152	0.02582215	0.059748873	0.2686733	-0.047910232	0.092517875	-0.026499635	-0.041770026	-0.08782142	-0.2727884	-0.13509871	-0.33067763	-0.12945397	-0.02258949	-0.07568216	0.16514279	0.052984126	-0.07079337	-0.19788906	0.2001909	-0.3004535	-0.18903828	0.05596377	0.016823875	-0.27723935	0.093417466	-0.13643381	-0.045054607	-0.0035148112	0.08820038	-0.16747007	-0.09732055	-0.21642303	-0.06289079	0.2658227	0.009566279	0.14013575	-0.0828836	0.2892245	-0.24830358	-0.24842921	-0.03285927	-0.1016354	-0.07816255	0.027883168	-0.30634385	-0.09027223	-0.16439134	0.20675556	-0.1319662	-0.25802153	-0.0014057008	0.049308997	-0.23045585	0.130351	-0.009457452	-0.054083217	-0.11684317	0.0437403	-0.35878053	0.26649874
-0.07000902	0.24267463	0.25952816	0.34260297	0.0111450665	0.1747942	-0.03494807	-0.27317488	-0.30932453	0.23661138	-0.0018964363	0.07749265	-0.16762052	-0.29405555	-0.2581727	0.22644073	0.19354416	0.11146814	-0.23986042	-0.010408244	0.019851703	-0.30773446	-0.155883	0.036353603	-0.24606267	0.26887953	-0.15583463	-0.31902274	0.25162026	-0.25403404	0.13779372	0.08137338	-0.14902015	-0.27442187	-0.017006187	-0.25887662	0.338949	-0.18100385	-0.19093949	-0.13052787	-0.084180176	-0.1607459	-0.30071366	0.1495574	-0.20123506	0.3127871	0.118773416	0.09137168	0.01636675	-0.07287047	-0.2993484	0.11904742	-0.21760553	0.14211164	0.16874655	-0.21283516	-0.35692546	0.2955101	-0.02159502	-0.20364842	0.1693345	0.16642252	-0.023830334	0.17859735
-0.32344377	0.06852374	-0.04768533	0.22140548	-0.28308004	-0.10768053	-0.037214562	-0.005530694	0.18785514	0.34603912	0.22331962	0.36130434	-0.12731211	-0.2118922	-0.070367515	-0.09847471	0.30911255	0.12482569	-0.25269106	0.24571297	-0.2668481	-0.24068393	-0.20491105	-0.0041414364	-0.08752208	0.06244303	-0.33057317	-0.056077942	-0.27260715	-0.00034028376	-0.23387581	-0.2669891	0.1635961	-0.19879575	0.35123742	-0.082602255	0.24470513	0.1626419	-0.2052985	-0.26713613	-0.22862425	-0.015529501	-0.1986456	-0.17017835	-0.29107478	0.07761303	0.33731115	0.093482465	0.11807653	-0.31849423	-0.20831786	-0.23295599	-0.24722007	-0.047856353	-0.16283928	0.20868741	-0.14529572	0.12442611	-0.25621298	0.09603387	0.32120183	0.11754964	0.03285374	0.11888088
-0.05359207	-0.09094955	-0.12254425	-0.012894963	-0.0029813405	-0.09598201	0.027600663	0.04087383	0.03326283	0.017916862	0.015333721	0.054944195	0.06980375	-0.014262977	0.054797605	0.01009144	0.00430929	-0.0058543184	-0.012578497	-0.021006102	-0.029135631	0.08533396	-0.05570943	0.066448025	0.06253455	-0.018601328	-0.055189855	0.13639413	-0.118919596	0.048316874	0.0016723754	0.020778762	-0.008316667	0.05333975	0.07329228	0.076671116	0.0027613328	-0.021034643	-0.02144617	-0.057504926	-0.018862652	-0.09960842	0.097926974	0.0072163423	-0.007514367	0.05578072	0.06532727	-0.035388812	0.067370825	-0.0012331841	0.09641174	-0.06283492	0.04272509	0.07920009	-0.0099325795	-0.0041529792	0.116604246	0.035322245	0.017486718	0.0033397728	-0.0019431743	-0.001562901	0.07574503	-0.084323816
-0.29690942	-0.26280951	-0.15835597	-0.03083629	-0.052982513	0.2245245	-0.3136426	-0.27350178	-0.26249486	0.20145245	-0.1220541	0.21019498	0.1673724	0.19116688	0.18541394	0.09854653	0.368499	0.31174684	-0.34686092	-0.13211824	-0.11223591	0.17492202	-0.3585231	0.35082045	-0.094762474	0.20508306	-0.18209295	0.28548095	-0.28323686	-0.01789655	0.13269919	0.14198416	-0.2549854	-0.09122899	0.10080927	0.26611665	0.27584392	-0.32632342	-0.299763	-0.31032342	0.15046208	-0.3314631	0.12363471	0.2909	-0.048893623	0.0713909	0.28020197	-0.23793028	0.3082881	0.030899292	0.097889684	-0.3253124	0.1496876	0.33663094	0.14952588	-0.14687113	0.28359386	0.2517533	-0.04619285	-0.18681099	0.2946381	0.26575896	0.35476422	-0.31028646
0.14150007	-0.054226726	-0.12705486	-0.13586873	0.15653184	-0.053868297	0.10907426	0.12032351	0.036022518	-0.113863476	-0.08407961	-0.087893635	0.08380237	0.05788267	0.086426824	0.102894485	-0.1422162	-0.11925099	0.17329155	-0.079357624	0.05008478	0.15674038	0.09007064	-0.009838967	0.09711155	-0.09508333	0.10115582	0.08023998	0.023905862	0.1472216	0.047855318	0.08210483	-0.02714014	0.10679718	-0.080113366	0.032713134	-0.101095274	-0.09259007	0.1099281	0.14892474	0.15137243	0.018171724	0.10974432	0.06110001	0.1874243	-0.015566356	-0.09948215	-0.036652096	-0.08873872	0.14525402	0.1353917	-0.008071357	0.07472579	0.0046791374	-0.031118881	0.03618672	0.056141526	-0.073067315	0.12150463	0.08093324	-0.15336397	-0.12284376	-0.09343804	-0.105088495
0.32481304	-0.55719584	-0.61630917	-0.506592	0.26799968	-0.37803742	0.26026392	0.4003577	0.4650284	-0.33130383	-0.24380271	-0.2881822	0.45006853	0.6411415	0.5059119	-0.39817616	-0.29933247	-0.24976197	0.31558436	-0.32346484	-0.036904898	0.5770763	0.29766536	-0.20339224	0.3688153	-0.43545228	0.34864223	0.65024036	-0.63310647	0.55926716	-0.06838665	0.20431383	0.3529832	0.36899582	-0.078674234	0.53437966	-0.38350108	0.029995183	0.29752776	0.27630353	0.47123563	0.21195139	0.6583763	-0.24440993	0.37778324	-0.4732608	-0.3437992	-0.5603468	-0.33778363	0.30804932	0.4779157	-0.34454107	0.47704056	-0.23582049	-0.14812823	0.43164945	0.6872806	-0.33985773	0.24262139	0.5261713	-0.2648018	-0.2386775	-0.02608819	-0.50658274
-0.3439195	0.0444805	0.16444564	0.1275242	-0.19086395	0.2970504	-0.20204458	-0.3229615	-0.1617626	0.24058406	-0.15599862	0.30128953	-0.10182138	0.07750684	-0.13248998	-0.117608294	0.34918725	0.29894972	-0.35007808	-0.04666905	-0.23203018	-0.031563543	-0.35123447	0.15847233	-0.310761	0.25682285	-0.22283085	-0.04676191	-0.1344419	-0.28476992	0.06488253	0.11123512	-0.23594846	-0.32746542	0.097615115	0.16547483	0.3336433	-0.14440714	-0.40910855	-0.3521049	0.0063063214	-0.23549007	-0.09338377	0.061145417	-0.24352556	-0.032792706	0.30731395	-0.32768244	0.10811427	-0.09641014	-0.16816024	-0.27411833	-0.012866476	0.17437026	0.11415382	-0.12281014	0.1284114	0.4434829	-0.20803906	-0.26446566	0.27699548	0.30840424	0.16947754	-0.16380048
0.17036887	0.21233435	0.15364245	0.116938286	-0.04638285	0.021464527	0.3252973	-0.10117897	0.18091811	-0.081180036	-0.01645354	0.008914394	-0.3045344	-0.11768524	-0.26113945	-0.18122962	-0.10804487	-0.12844872	0.12673414	0.086780205	-0.082899995	-0.15344287	0.26904196	-0.3906646	-0.08949974	-0.06035132	-0.052095782	-0.2729986	0.030192045	-0.12504096	-0.026234556	-0.07251331	0.23628095	-0.049462043	-0.0585685	-0.3091868	-0.09825921	0.26487517	0.02427168	0.17079389	-0.057569113	0.31258154	-0.19574575	-0.22916232	-0.06654016	-0.12983626	-0.16245683	-0.074218586	-0.38416317	-0.08261622	-0.20292231	0.20437592	-0.1362164	-0.2776455	-0.117226996	0.10309366	-0.19027148	0.057151027	-0.061647132	-0.055087805	-0.08398708	-0.10450834	-0.4090172	0.24009898
-0.085558444	-0.08518839	-0.16272333	-0.0035090654	-0.029209489	0.023468232	-0.081490345	-0.044349007	0.057293937	0.03934193	0.038423337	0.06237025	0.045853145	0.0523162	0.08256397	-0.05337339	0.1023034	0.030016456	-0.13530669	0.063481994	-0.07398594	0.032046027	-0.06906473	0.0024345757	-0.012055003	-0.005646798	-0.09216159	0.11734724	-0.19814682	0.08366916	0.010249223	-0.017497227	0.008174505	0.034720514	0.081212126	0.0716272	0.08590243	-0.015807148	-0.047247063	-0.12986566	0.008620505	-0.08247877	-0.011494248	0.03969823	-0.0004280699	0.055809166	0.15721028	-0.03423794	0.11012125	-0.025715588	0.02201892	-0.2024359	0.026983855	0.033454318	-0.052850302	0.030159475	0.072951786	0.04350447	-0.06309638	0.0053614625	0.07934	0.11380846	0.116370365	-0.10379417
-0.28443378	-0.011830413	0.21600175	0.04243024	-0.048436724	0.45992175	-0.2776136	-0.4966136	-0.41652933	0.25714275	-0.41606942	0.2489387	0.028611876	0.18473546	-0.17018954	-0.010002353	0.40242887	0.4725529	-0.42008343	-0.3074892	-0.2536955	-0.033346746	-0.44825274	0.31927514	-0.47194865	0.3522919	-0.15744632	0.036657985	-0.04381697	-0.3905905	0.25407076	0.3195564	-0.37190664	-0.35314402	-0.086047694	0.32457456	0.3413756	-0.34435758	-0.46167922	-0.31634685	0.2080194	-0.39220995	-0.13846385	0.20925917	-0.1634262	0.026547862	0.357198	-0.40547773	0.24499476	0.014012969	-0.2032887	-0.19585115	0.19833478	0.32326725	0.33177966	-0.3240094	0.27540594	0.4944505	-0.05443061	-0.47069007	0.24548139	0.46147907	0.27677837	-0.28186896
0.0794039	0.0028721136	0.00025854123	-0.04237862	-0.075634725	-0.03283787	0.121531285	-0.045810364	0.1762202	-0.07697861	-0.076290116	-0.03024904	-0.18688612	0.108799644	-0.16408578	-0.23459789	-0.05073161	-0.010242707	0.016001835	-0.03188912	-0.26689926	0.01750442	0.099530585	-0.23953085	-0.08702693	-0.064793214	0.04847261	-0.037144147	-0.26590592	-0.0065988065	-0.032320403	-0.04564948	0.14185777	-0.013428219	0.056648724	0.05496876	-0.060155384	0.11688954	-0.040470093	0.041342996	0.040736824	0.2235734	-0.014267214	-0.26608372	0.06263413	-0.29471785	-0.08441144	-0.3407897	-0.27961347	-0.04131147	0.032374535	-0.20401007	-0.045543216	-0.1817932	-0.10658249	0.18417251	0.102128655	0.05418551	-0.049095694	0.079695724	0.007760635	0.03501574	-0.21176462	0.06787222
0.5822196	-0.15868528	-0.16833933	-0.3644896	0.38780233	-0.14489135	0.50069594	0.4123611	0.19145171	-0.54580206	-0.10359087	-0.5103269	0.040165935	0.37016165	0.16879563	-0.039365247	-0.5301362	-0.5612932	0.57337016	-0.261369	0.27923095	0.32911083	0.64269674	-0.56346816	0.39083707	-0.3546512	0.5534083	0.10012153	0.007847759	0.2530095	0.080146566	0.09293401	0.3426007	0.4407198	-0.19761312	-0.022101719	-0.5811567	0.33214545	0.58906573	0.5803056	0.26763025	0.53085715	0.38472757	-0.20301993	0.4581964	-0.37995514	-0.5783429	-0.22756538	-0.6447343	0.34724998	0.3405535	0.20273063	0.373726	-0.4676516	-0.08989833	0.15644361	0.2714149	-0.5087276	0.35559505	0.106287695	-0.51696116	-0.4858648	-0.5054073	-0.010802923
0.1162377	0.11032824	0.10191771	0.18310697	0.1277813	-0.08944198	0.25236177	0.13647607	-0.10667344	-0.07749751	-0.0013278754	-0.12658192	0.002640104	-0.24406897	0.010230412	0.25285414	-0.18600197	-0.26094195	0.18648894	0.012753894	0.18631831	-0.11190491	0.238227	-0.011715935	0.0955077	0.106000915	0.016343113	-0.12543626	0.13676713	0.042403277	0.064634375	-0.004175642	-0.04336016	-0.012948922	-0.008199185	-0.25653523	-0.039143257	-0.08358629	0.22615153	0.11834626	-0.043748334	0.08958488	-0.08573287	0.18912566	-0.008001872	0.21647528	-0.07054095	0.21288094	0.0038967088	0.1313388	-0.100682594	0.1486078	0.0014763656	0.00031865688	0.03289494	-0.042836886	-0.20766887	-0.17862403	0.036855336	-0.0068126908	-0.12872724	-0.27114823	-0.15165377	0.15714124
0.13922715	-0.28193364	-0.28459418	-0.2715952	-0.055041775	-0.049179427	0.06570554	0.027333543	0.34508267	-0.1605447	-0.029153036	-0.04457813	-0.06525796	0.34235358	0.09093072	-0.26929206	-0.015144434	0.0046728426	0.14653318	-0.058025196	-0.24053513	0.19528085	0.057451446	-0.18139161	0.043678157	-0.2547596	0.13513744	0.17774095	-0.35245562	0.14696194	-0.11002444	-0.06428161	0.23808977	0.1132809	0.08728166	0.27773336	-0.17206822	0.21178132	0.029373182	0.122685425	0.109698094	0.121398635	0.18513292	-0.32457125	0.14202294	-0.3532411	-0.14340259	-0.4224693	-0.23057573	0.042570174	0.18640465	-0.20740125	0.12457045	-0.12784179	-0.09346351	0.22895457	0.32474658	-0.07872082	-0.05266661	0.19399732	-0.10204718	0.0022484392	0.0039485907	-0.18953447
-0.050370883	-0.031938065	-0.036464896	0.096029654	0.05298353	0.015212462	-0.1644731	-0.017235897	-0.14950608	0.074104816	-0.006494879	0.041910436	0.23889658	-0.013787834	0.11960294	0.19386117	0.12157998	0.05494789	-0.11132932	-0.0048405556	0.110233665	-0.004812235	-0.07143969	0.21281227	0.04292988	0.10122575	-0.01251673	0.038168952	0.07554162	0.023017462	0.04631342	0.102601096	-0.18575515	-0.011018763	0.01902701	0.057664894	0.1052395	-0.16108508	-0.09257219	-0.053949576	0.1370536	-0.16371797	0.07734062	0.24196061	-0.012881958	0.19405098	0.069836535	-0.005837939	0.22654215	0.044374943	0.06550481	-0.0474736	0.091767214	0.16283599	0.03758225	-0.14333305	0.059507765	0.051475212	0.018805211	-0.0916836	0.04767851	0.08956739	0.090212174	-0.15550946
0.4202112	-0.15145658	-0.16226256	-0.27538362	0.28709748	-0.014665086	0.24314189	0.110162474	0.1749176	-0.36228585	-0.2837888	-0.2755954	-0.06256553	0.377431	0.026346913	-0.064565174	-0.29736337	-0.19396809	0.34192926	-0.34776968	0.012690846	0.24320608	0.2556479	-0.31060943	0.12771372	-0.20243244	0.2943888	0.17740914	-0.08981653	0.16966288	0.17884001	0.327645	0.069404915	0.18045206	-0.27627173	0.1832753	-0.28993663	-0.017355705	0.25513723	0.35941353	0.36775762	0.17975834	0.25828907	-0.1270447	0.26222822	-0.36392853	-0.368053	-0.30251935	-0.34459326	0.28855976	0.22250858	-0.060093164	0.3408402	-0.22967651	0.049978238	0.08358256	0.30752692	-0.12976484	0.30825287	0.12378269	-0.27976418	-0.21128272	-0.23665331	-0.14104398
-0.23683156	0.46906877	0.30726278	0.23245883	-0.42928433	-0.25855896	0.322316	-0.34591997	0.72903717	0.20641686	0.35384977	0.27346295	-0.45779586	-0.2434838	-0.54993945	-0.5162884	0.26071867	0.2974776	-0.1558113	0.4215507	-0.37017906	-0.3821429	-0.061856665	-0.5861775	-0.40826607	-0.056227528	-0.37205315	-0.3942079	-0.5199232	-0.3771931	-0.38791177	-0.40039694	0.56615895	-0.31243494	0.4347945	-0.37463102	0.18742315	0.5484726	-0.35088652	-0.21550025	-0.3938281	0.5864142	-0.4219681	-0.6551981	-0.3657693	-0.47154474	0.16893767	-0.3982281	-0.6006148	-0.4356756	-0.34986973	0.0955745	-0.43969518	-0.52622783	-0.4666959	0.5020376	-0.36833212	0.41549593	-0.346705	0.41311136	0.19614239	0.34750152	-0.56808704	0.4019936
-0.3157758	-0.4473531	-0.3237337	-0.123613	-0.023250006	0.09712847	-0.33169007	-0.06993637	-0.26150307	0.19986416	-0.07006355	0.2109794	0.43447718	0.21691254	0.39494604	0.2111186	0.29265797	0.21169104	-0.26496834	-0.08001753	-0.0137108425	0.3398601	-0.3283333	0.37957805	0.068655305	0.08781901	-0.06185863	0.45203236	-0.27917805	0.14002337	0.19034849	0.110739335	-0.2414389	-0.007773306	0.092807844	0.3308592	0.1378536	-0.38800395	-0.24947251	-0.29421034	0.24852909	-0.35843816	0.35878247	0.3884441	0.032265287	0.1133917	0.29727173	-0.11284398	0.35328037	0.13615091	0.26520836	-0.36755142	0.28062794	0.42151827	0.16109699	-0.17959143	0.39492634	0.14690042	-0.061111975	-0.09727143	0.20129846	0.14020248	0.40463948	-0.38252518
-0.26415902	-0.53702545	-0.31493342	-0.26183316	-0.07656586	0.2262492	-0.26368687	-0.20461294	-0.1436932	0.08767561	-0.27933708	0.17220663	0.27667582	0.46709013	0.23366247	-0.19922782	0.26791036	0.29540285	-0.27341577	-0.27534834	-0.29743147	0.34992373	-0.36110997	0.26968166	-0.12596686	-0.031132597	-0.046182193	0.45557734	-0.6001233	-0.0066997963	0.18787834	0.26035973	-0.2943925	-0.09717754	0.115650795	0.5468097	0.08217524	-0.38233086	-0.23045668	-0.21673445	0.29607517	-0.27211016	0.2793763	0.20138887	0.060576573	-0.22152832	0.14429554	-0.44730696	0.28505537	0.05121956	0.16314313	-0.52345204	0.2620191	0.3242284	0.18182994	-0.15634234	0.5304673	0.22599176	-0.17436561	-0.1789421	0.14565887	0.2296002	0.36944753	-0.5083566
-0.3556914	0.551662	0.53841406	0.6851647	-0.44328088	-0.07222193	0.28224587	-0.37028432	0.51471025	0.4521008	0.46118802	0.41695282	-0.56422305	-0.6513005	-0.5716636	-0.5091867	0.45811272	0.22105365	-0.3085824	0.5214066	-0.37324914	-0.69443804	-0.0737939	-0.565331	-0.5110148	0.3056359	-0.5309642	-0.59152186	-0.18154494	-0.47039434	-0.47250935	-0.46953982	0.5411045	-0.6840269	0.4256467	-0.6436472	0.5447613	0.65762347	-0.5092559	-0.33401486	-0.5535073	0.54930174	-0.6809446	-0.60324425	-0.5318003	-0.01184909	0.40005824	0.080399536	-0.49025768	-0.6223191	-0.62472165	0.1251528	-0.6141453	-0.53441757	-0.4225646	0.4710619	-0.7616372	0.5026043	-0.4616055	0.17391339	0.4732572	0.3410231	-0.41960227	0.5663359
0.22278498	-0.11059675	-0.1986844	-0.16492632	0.0070018894	-0.20801762	0.35573435	0.24653974	0.34401375	-0.25901264	0.09707268	-0.19909461	-0.09123696	0.18528007	0.059601147	-0.2138341	-0.29902494	-0.26161492	0.37889397	0.06756155	-0.058236748	0.09800803	0.3370924	-0.34645832	0.13567588	-0.33932713	0.1362209	0.09854617	-0.17900299	0.22490256	-0.12309047	-0.15792012	0.35798267	0.23390931	0.037124224	-0.04004563	-0.24143381	0.3462532	0.2939685	0.25983223	0.0070164995	0.37242267	0.14995423	-0.2875079	0.1127732	-0.24568036	-0.216595	-0.16081543	-0.30243066	0.04783765	0.14796823	0.003718044	0.021935193	-0.36919418	-0.21351358	0.25046685	0.11264473	-0.30030048	0.023244303	0.27633023	-0.23874864	-0.27165306	-0.29921773	0.014201357
0.0420229	-0.0063721784	0.1662549	-0.050474662	0.25635102	0.18290812	-0.16560076	-0.14624645	-0.416674	-0.077608034	-0.24620953	-0.023971835	0.020662025	0.07074002	-0.102369756	0.2897321	0.10952801	0.14426088	-0.16832387	-0.27131173	0.060731675	0.03527569	-0.18500134	0.3415633	-0.0385491	0.27409554	0.15386647	-0.07311621	0.22377275	-0.061845176	0.2734998	0.24205469	-0.30826452	-0.11181468	-0.20354985	0.11915142	0.014862871	-0.5116045	-0.1063435	-0.00598365	0.3251514	-0.3586524	0.031726304	0.44263586	0.09468063	-0.0291661	-0.0017234879	-0.03719425	0.08244228	0.37402835	-0.03730021	-0.05044764	0.32788038	0.38698527	0.32747528	-0.3303067	0.18699199	0.09301815	0.19857942	-0.17142154	-0.08615287	0.07163336	0.11143009	-0.19582619
-0.027734244	0.018873028	-0.17893054	-0.010047834	-0.24230768	-0.35057318	0.3131888	0.15775877	0.71309024	-0.021197438	0.27060884	0.07748277	-0.28166854	-0.037133556	-0.13786134	-0.35517165	0.030997556	-0.11247506	0.1269056	0.21207765	-0.21597452	-0.08213965	0.12916222	-0.4653007	-0.10670546	-0.29346618	-0.11946105	-0.08633806	-0.57063735	0.049715906	-0.37059614	-0.308426	0.5493356	0.030441456	0.26870263	-0.15282865	-0.07717607	0.4831206	-0.018905267	0.053489678	-0.26033217	0.42897078	-0.13493785	-0.42411676	-0.104689755	-0.25643682	-0.026218694	-0.15904237	-0.3452237	-0.2107404	-0.04155671	-0.059314024	-0.20720044	-0.4475688	-0.41369766	0.51244485	-0.00980863	-0.05839643	-0.22960472	0.4993267	0.062489327	-0.00084022287	-0.28686154	0.1725347
-0.034365576	-0.46472624	-0.52920467	-0.074784875	-0.12069186	-0.4155118	0.20079195	0.5108621	0.31557614	0.009547624	0.34302926	-0.028631229	0.49730644	-0.14911145	0.58663017	0.38575011	-0.21423468	-0.37582028	0.24428658	0.2565185	0.37939623	0.20056388	0.3157049	0.11980904	0.53806394	-0.29834032	-0.03161518	0.50966465	-0.42565617	0.505417	-0.3575101	-0.35629436	0.37096965	0.41121632	0.3115765	-0.25465527	-0.09042538	0.20963827	0.38567343	-0.08939959	-0.20269458	0.06510444	0.47723922	0.16453548	0.027937576	0.24765448	0.11810125	0.28143212	0.23072389	-0.079593025	0.44293156	-0.01146127	-0.024896346	-0.050095815	-0.3788731	0.44881114	0.00079744303	-0.5127835	-0.091342255	0.4866835	0.022837633	-0.41139317	0.18331496	-0.062130492
-0.23204187	-0.21269828	-0.30434805	0.19196607	-0.24984974	-0.443005	0.11514316	0.47139877	0.25348878	0.25426233	0.45802435	0.16174604	0.2775824	-0.3662371	0.34425992	0.21336707	0.14401487	-0.4399258	-0.040288873	0.38986978	0.034200206	-0.12029796	0.066479765	0.115108006	0.32376817	-0.022974253	-0.27970812	0.1866526	-0.3193	0.34520167	-0.38113946	-0.35318053	0.48114264	0.08950488	0.3378869	-0.44415244	0.20289344	0.2928875	0.13237162	-0.25984836	-0.34261295	-0.07313092	0.1408816	0.03987227	-0.1714145	0.2901212	0.29677975	0.33023486	0.3133809	-0.21831855	0.0944384	-0.13662623	-0.21894388	0.010162418	-0.41932997	0.45746553	-0.29585916	-0.39497477	-0.24404567	0.42803124	0.26949093	-0.34736234	0.1863852	0.11027285
0.14507075	-0.23447795	-0.34115234	-0.2031775	0.046901114	-0.3396593	0.30644396	0.34983	0.4894869	-0.1861036	0.08778391	-0.14333487	0.076896094	0.19045234	0.19087769	-0.16802363	-0.23014823	-0.35572776	0.30113798	0.035423175	-0.027284	0.24523604	0.37381825	-0.20707755	0.23408309	-0.29318714	0.15081349	0.26278746	-0.36141852	0.3747842	-0.25420898	-0.09543903	0.49814424	0.30036035	0.09564243	-0.0004467042	-0.2948635	0.2902187	0.23689409	0.15830965	0.07540821	0.39250275	0.20244813	-0.31529027	0.15057753	-0.23476616	-0.14552197	-0.082796894	-0.1743008	0.023905106	0.28268284	-0.11003216	0.066019714	-0.2867096	-0.2634407	0.45513725	0.22020121	-0.35204637	0.044484176	0.38082775	-0.17480819	-0.33555922	-0.14915441	-0.122364104
0.019826308	0.13672148	0.1620942	0.21942036	0.083597064	0.23493434	0.0054328647	-0.19751172	-0.14425562	0.01208467	-0.101467006	0.013801504	-0.1455879	-0.111971274	-0.21482639	0.061871685	0.04871324	0.029693564	-0.09624937	-0.082846224	-0.012223307	-0.19732304	-0.058667503	-0.044113602	-0.12432308	0.15289705	-0.06015033	-0.20409139	0.11285334	-0.21650952	0.05386713	0.04534146	-0.09440406	-0.16220191	-0.09988141	-0.08337908	0.13883844	-0.053808864	-0.11648514	0.042527948	0.025469955	-0.048461903	-0.19835167	0.075637355	-0.072521634	0.061576903	-3.9014554e-05	-0.09420385	-0.025276307	0.049992494	-0.18399793	0.036974754	-0.06979026	0.04683089	0.10642784	-0.09826896	-0.15503466	0.14548275	0.01776551	-0.24388404	-0.006431387	0.04306484	-0.07359209	0.11795535
-0.13510795	0.092828706	0.2587152	0.39320886	0.14271381	0.2466632	-0.112561494	-0.2161756	-0.46473092	0.25836378	-0.14878446	0.041805726	0.11259859	-0.3121318	-0.107322924	0.45356345	0.25186634	0.11902169	-0.25510666	-0.07248651	0.11129253	-0.26598322	-0.14542067	0.33617115	-0.16371374	0.42757335	-0.13290784	-0.17317405	0.25986293	-0.23933634	0.2058574	0.16515864	-0.30729878	-0.2565612	-0.15231079	-0.07875472	0.37980515	-0.40755638	-0.17748222	-0.13190557	0.034017652	-0.3391945	-0.17584245	0.5434577	-0.23337361	0.39323068	0.1665163	0.013457183	0.21748115	0.10471503	-0.24651521	0.054838177	0.07292523	0.29441637	0.21402833	-0.30080032	-0.27620938	0.22512607	0.058697734	-0.24180739	0.18450437	0.095587984	0.05146589	0.028089909
0.12794639	0.11911823	0.14283855	0.10011812	0.27603218	0.25664416	-0.0654535	-0.17620045	-0.3763154	-0.11303281	-0.3197316	-0.1217501	0.024429495	0.006453691	-0.08481232	0.3194948	-0.0043257563	0.022479104	-0.09013432	-0.29758337	0.16616218	-0.052857865	-0.011473598	0.18435921	0.0025133854	0.14824823	0.16230763	-0.13891748	0.23588079	-0.07395949	0.32415152	0.3221434	-0.2513201	-0.016968934	-0.27674556	0.023325292	-0.01392121	-0.3970549	0.030577034	0.09577257	0.28468946	-0.2335392	0.019164452	0.3463724	0.13614151	0.12231668	-0.097081535	-0.052490734	0.043072917	0.332136	-0.033897664	0.14144196	0.2637058	0.27099365	0.23055072	-0.31018722	-0.07998737	0.09147636	0.17685543	-0.26946983	-0.13184826	0.008490692	-0.019172369	-0.03278569
0.17519972	-0.28824866	-0.33789483	-0.19453335	0.047940753	-0.1333661	0.1273355	0.18591139	0.28612384	-0.20119528	0.0024752668	-0.1324892	-0.033391252	0.20071332	0.18614927	-0.10102216	-0.12560324	-0.13267191	0.18882413	-0.049151354	-0.0507111	0.277483	0.13059983	-0.1409894	0.17813574	-0.2922964	0.12345381	0.26653388	-0.32056957	0.25852534	-0.03159462	0.053215053	0.18915501	0.2669768	0.026279798	0.1577338	-0.25115648	0.15770636	0.19361015	0.15266311	0.16187917	0.17365105	0.2443153	-0.17014338	0.17626451	-0.26753852	-0.18743509	-0.2295439	-0.15884042	0.0854378	0.22582999	-0.058745835	0.16915412	-0.15814903	-0.092748225	0.21265937	0.33045894	-0.18789846	0.004470091	0.1729643	-0.12568668	-0.18423481	-0.10538898	-0.1843309
-0.46732777	-0.1526613	-0.3360822	0.35384348	-0.4681464	-0.44787034	-0.031061484	0.35904643	0.42794785	0.43045413	0.5582972	0.41996437	0.12582111	-0.55260605	0.22971801	0.04633582	0.1884024	-0.25701472	-0.22006711	0.5133778	0.036923874	-0.14849465	-0.0243453	0.13039614	0.22333403	-0.13140464	-0.46879366	0.09301011	-0.43746376	0.3299672	-0.46230277	-0.54067665	0.4498376	0.047724944	0.5339342	-0.47683215	0.38455158	0.3110441	0.026778437	-0.38736618	-0.47470933	-0.015879447	0.063940346	0.0010414656	-0.37409934	0.43796352	0.47353247	0.47229674	0.38429496	-0.4189869	-0.045657758	-0.20837373	-0.40857312	-0.013286125	-0.4873972	0.47692347	-0.47431016	-0.22007564	-0.4381566	0.5245612	0.39122683	-0.27396068	0.28331777	0.1651377
0.05871206	-0.05501692	-0.07449873	-0.09055435	0.0009135858	0.027209904	0.017045744	-0.012232073	0.15968879	-0.056980047	-0.054994587	0.03648397	-0.041093126	0.12576069	-0.00039708772	-0.14645103	-0.00070714956	-0.016883524	0.022553183	-0.044724453	-0.1684819	0.0472828	-0.025321862	-0.12621097	-0.030684706	-0.0705123	0.06039167	0.028719015	-0.12540637	0.04428238	-0.008252679	-0.016593996	0.092412725	0.03414438	0.05191859	0.11103261	-0.044956237	0.06467632	-0.004956653	0.014111932	0.04833264	0.046136785	0.06072956	-0.063720904	0.029820556	-0.2591622	0.008522098	-0.15186185	-0.1625175	0.018045548	0.095233515	-0.11450342	0.06941959	-0.008111574	-0.048867293	0.07454302	0.19788837	-0.0016927563	-0.0722199	-0.017646564	0.015432328	0.015877854	-0.06118775	-0.11113186
-0.06253639	-0.07931041	-0.15978925	0.12367805	-0.09785188	-0.30313987	0.06562199	0.35170606	0.11762252	0.089066975	0.26608533	0.08092296	0.074705586	-0.21571359	0.14583309	0.124309264	-0.037997425	-0.27124652	0.015424034	0.2023132	0.064410254	-0.07020124	0.08837995	0.00784145	0.2073439	-0.034355246	-0.15997899	0.03448431	-0.12904935	0.25035754	-0.23560806	-0.20778154	0.29512393	0.058044333	0.18368137	-0.27098316	0.016709479	0.19104604	0.12349836	-0.10034987	-0.20138583	0.07145443	0.09005256	-0.00896929	-0.053062793	0.14815728	0.06252428	0.23113397	0.09789006	-0.1642858	0.06269824	0.013779943	-0.14326791	-0.00890294	-0.31189182	0.23949444	-0.2157184	-0.29017392	-0.1559548	0.27079874	0.06979944	-0.28280243	0.013550715	0.16196905
0.017338466	-0.43019715	-0.46475223	-0.28369343	-0.110305324	-0.38584408	0.121149786	0.41226298	0.34791738	-0.12666589	0.28058648	-0.081964076	0.28106123	0.166737	0.390107	0.041009195	-0.20125508	-0.25612298	0.22942317	0.21269125	0.11690576	0.30173346	0.17522244	0.050810065	0.36925763	-0.27915707	0.104513325	0.3523818	-0.3785439	0.40990397	-0.23815618	-0.22615069	0.31104106	0.28905416	0.22487734	0.07116005	-0.1711709	0.13477646	0.24908532	0.08955571	-0.120682344	0.14122503	0.4136674	-0.046326704	0.18381628	-0.05405246	-0.04064566	0.062198278	0.09292874	0.03449979	0.34568286	-0.24468303	0.09526957	-0.012056964	-0.33733034	0.3541359	0.2241589	-0.3197953	-0.020016205	0.40083534	-0.023710674	-0.2768882	0.11303631	-0.24463639
-0.1497141	-0.16134235	-0.12196404	0.16199285	0.010962926	-0.041169196	-0.0035244834	0.1104568	-0.026568629	0.19129027	0.11572793	0.03421229	0.24436907	-0.19243237	0.24018453	0.38089553	0.03495646	-0.076943725	-0.032267433	0.116062656	0.18079224	-0.010974614	-0.017634297	0.1848887	0.14901423	-0.025564924	-0.055645116	0.14231418	0.038540263	0.15160485	-0.02840878	0.0033502697	-0.010902863	0.13297738	0.063674554	-0.10948652	0.19428898	-0.11361346	0.13986704	-0.10638526	-0.054424733	-0.1035453	0.18388323	0.32579622	0.032257717	0.37805653	0.11186828	0.19498657	0.3182305	0.044391926	0.07333515	0.0054474534	-0.030339587	0.12936883	-0.094987296	-0.045248337	-0.17349023	-0.13241912	-0.05738158	0.039657053	0.12867597	-0.06395758	0.13570954	-0.009472945
0.65116996	-0.07711968	-0.073274955	-0.29960194	0.4507894	0.011760288	0.44078234	0.2667641	0.18374959	-0.5500058	-0.4612132	-0.4924738	-0.0011360815	0.34758204	0.08381951	0.09900702	-0.5616397	-0.3706807	0.5279022	-0.51470804	0.24610977	0.32590327	0.507575	-0.4441879	0.29547286	-0.33207527	0.5629512	0.14881821	0.12275609	0.20904166	0.21851285	0.40892377	0.10709734	0.34907714	-0.4267942	0.15147151	-0.5506459	0.04590273	0.47578964	0.59530526	0.52264756	0.41603178	0.32662147	-0.062016807	0.48091286	-0.49857375	-0.6210272	-0.3785267	-0.6559256	0.47864813	0.3189953	0.13651837	0.46860754	-0.38727003	0.14063412	-0.073812924	0.29304305	-0.4147406	0.42255393	0.05928917	-0.50506693	-0.37362733	-0.48044813	-0.13810612
-0.105287105	-0.108803265	-0.22597045	-0.14744164	-0.19348484	-0.12137214	0.04456042	-0.009073823	0.23860864	0.020301756	0.098423414	0.12664977	-0.04291586	0.10855805	0.008806682	-0.18545943	0.122530095	0.0111956205	-0.08016377	0.040720757	-0.22011307	0.11655392	-0.051235918	-0.06462728	0.028738376	-0.14725995	-0.09503763	0.087028876	-0.45610735	0.06456374	-0.21415888	-0.17361248	0.20056298	0.005044262	0.22660163	0.10704748	-0.018051708	0.077554315	-0.059169687	-0.059825554	-0.06197362	0.002339346	0.084106475	-0.22511928	0.025996841	-0.17267302	0.036829475	-0.27830622	-0.048828386	-0.14032827	0.03372196	-0.30080265	-0.0073038074	-0.100799024	-0.23364674	0.22615075	0.21062103	0.046817403	-0.20848407	0.222425	0.053870197	0.06317939	0.0676484	-0.10976726
0.12183999	-0.09151424	-0.025906703	-0.08948396	0.20830317	0.013318558	0.038627386	0.005304338	-0.14742127	-0.14967978	-0.15562166	-0.14507346	0.15926227	0.17082477	0.14050639	0.21138737	-0.09365107	-0.095276505	0.07546971	-0.19708543	0.11718135	0.13452758	0.093236625	0.15104151	0.1520556	-0.0053496407	0.12096867	0.122339234	0.05202518	0.14384735	0.16663116	0.19190356	-0.14250565	0.1931046	-0.07490154	0.077322654	-0.1123911	-0.19199003	0.11052823	0.05488603	0.21017492	-0.047669046	0.24711132	0.25311837	0.163777	0.0263304	-0.14030173	-0.008539202	0.018135097	0.20474273	0.18615386	0.01320031	0.21162233	0.13101138	0.07072167	-0.096805125	0.0785368	-0.08418282	0.09004577	-0.040120747	-0.09893242	-0.13179822	0.04425508	-0.13720287
-0.12299767	-0.066545375	-0.07583862	-0.057187527	-0.0952827	0.01546697	-0.0068902406	-0.098438405	0.13829532	0.043396596	0.019142756	0.13169254	-0.13570093	0.09259784	-0.073682666	-0.18400988	0.16612758	0.1386639	-0.08835288	0.01840478	-0.1757757	0.021675728	-0.07466943	-0.05430845	-0.14153865	-0.13684644	-0.1080161	0.07828821	-0.24184643	-0.022876972	-0.0786258	-0.062409468	0.09906308	-0.015460719	0.12853688	0.15584566	-0.015115679	0.07992312	-0.088962935	-0.09526708	-0.001335602	0.015793022	0.025062263	-0.12633516	0.0069726347	-0.22913101	0.0124951815	-0.27056438	-0.0870402	-0.071500786	0.0038850724	-0.14048699	-0.012622718	-0.08088626	-0.119897395	0.10823465	0.13245691	0.11152346	-0.081349306	-0.009650821	0.038694065	0.12873375	0.011644289	-0.10505495
0.17102136	0.076341294	0.10274628	0.052709915	0.10297065	-0.014463796	0.11734194	0.06690075	-0.0097592585	-0.10185322	-0.09810193	-0.14217721	-0.051465	0.012022378	-0.025467237	0.118306525	-0.1342899	-0.11715741	0.10097882	-0.08592653	0.09912963	0.015433204	0.17837892	-0.09914907	0.026082423	0.031323582	0.12626942	-0.049944952	0.038578205	-0.0027679077	0.025373245	0.034486063	0.035342835	0.07354803	-0.07069082	-0.1166321	-0.10773414	-0.018883837	0.11726017	0.12349587	0.106762975	0.0974385	-0.0004351189	0.039864443	0.1263258	0.002423402	-0.10510832	0.047657277	-0.122947864	0.10344683	0.02930266	0.09369684	0.038437914	-0.048919372	0.10008491	-0.052219465	-0.020287948	-0.087694615	0.15468965	0.009901374	-0.107794866	-0.071812294	-0.184288	0.12084234
0.24242057	-0.0374483	0.10910267	-0.12256122	0.32133308	0.123288885	0.21075866	0.06917049	-0.17464174	-0.22456808	-0.19047862	-0.20394947	0.061207063	0.08512256	0.041217748	0.23596002	-0.1926427	-0.094065465	0.19824389	-0.27458334	0.22187646	0.049273968	0.22555587	-0.037545756	0.07901153	-0.019765697	0.22202995	-0.037141323	0.14361182	0.036922656	0.23624527	0.24454767	-0.13123365	0.12434462	-0.2727786	0.012204274	-0.21646744	-0.32734367	0.20787935	0.22195865	0.2994168	-0.09205768	0.12256992	0.24268886	0.18831187	-0.102361694	-0.24025373	-0.13932802	-0.124046184	0.30922267	0.15174265	0.13466842	0.27143058	0.08041314	0.20104009	-0.24278963	0.12266229	-0.1137033	0.18230936	-0.1369159	-0.17093669	-0.18349487	-0.17146128	-0.05554026
-0.05212006	0.05281844	-0.12212771	-0.04877912	-0.3156225	-0.17191936	0.17767678	0.0076889414	0.63599104	-0.037499186	0.24879546	0.11620894	-0.26829624	0.08507372	-0.23328345	-0.46019793	0.05277041	0.0074500563	0.1206628	0.22796816	-0.29576367	-0.033331294	0.1229328	-0.48118696	-0.19936484	-0.2877289	-0.1146981	-0.08732231	-0.5515314	-0.024926992	-0.3897498	-0.3757674	0.42031938	-0.0010427608	0.3356595	-0.04386061	-0.044724252	0.4988586	-0.11984727	0.045689803	-0.2689426	0.40925702	-0.14587936	-0.50714517	-0.08801511	-0.4718791	-0.011984281	-0.44176054	-0.51776415	-0.34961647	-0.095775336	-0.29035053	-0.22846912	-0.46243554	-0.36354488	0.52065533	0.040162325	0.121672176	-0.24447171	0.3289696	0.015692778	0.07657737	-0.23082264	0.16863464
-0.06815757	-0.09106952	-0.14789425	-0.048735972	-0.14129493	-0.20871912	0.1586863	0.16855387	0.19723883	0.0066192434	0.18492854	0.045552157	0.0381632	-0.10721366	0.066571444	0.026451744	-0.0279546	-0.09442186	0.050943088	0.0994939	0.012106885	0.06151818	0.089815505	-0.057518702	0.06936374	-0.106895044	-0.07745896	0.057414863	-0.14566632	0.15052691	-0.1619887	-0.15006988	0.24237658	0.092091076	0.16422081	-0.043390162	0.040313896	0.14031188	0.016921464	-0.022704354	-0.0562722	0.10665121	0.081052594	-0.047322877	0.0038912173	0.039743595	0.02439563	0.0963558	0.035928704	-0.11535246	0.06289566	-0.105052225	-0.09390615	-0.08357053	-0.19575483	0.2263991	0.030689066	-0.11140286	-0.070948675	0.17328797	0.032901622	-0.097213715	-0.021481538	0.0121535435
-0.2295381	0.0017146704	0.10316799	0.20743604	-0.0627532	0.022445437	-0.10181061	-0.16012193	-0.24129201	0.20234837	0.05190477	0.1491914	0.062095184	-0.18827485	-0.010763851	0.28765982	0.19180997	0.062166348	-0.24156512	0.08925707	-0.02360594	-0.23746127	-0.1679675	0.277333	-0.061818354	0.26217964	-0.28133667	-0.093239196	0.07673797	-0.062398206	0.043347463	-0.009318275	-0.13157912	-0.19587828	0.06599833	-0.1402344	0.2861861	-0.25951532	-0.17015691	-0.23097624	-0.06700372	-0.24164204	-0.090958335	0.26764554	-0.18245685	0.3401093	0.29533544	0.12107417	0.20645903	-0.113564104	-0.14272942	-0.1107507	-0.09805434	0.23861296	0.015811441	-0.16941518	-0.19391532	0.19740754	-0.11596962	-0.098583475	0.20842215	0.043188877	0.13669863	0.069206625
0.030854758	0.14031287	0.1264008	0.09399084	0.015606819	0.12470308	0.08634204	-0.1532331	-0.01812685	0.0022275734	-0.0077095684	0.0044212285	-0.1588481	-0.023076316	-0.19176234	-0.0725521	0.063143216	-0.026757374	0.0011928729	0.020446647	-0.104715616	-0.12309873	0.03287752	-0.13531847	-0.12934664	0.058408707	-0.058635186	-0.13395883	-0.03476827	-0.15812807	-0.047685273	0.029621396	0.03299438	-0.10681891	-0.06965528	-0.104626305	0.00086506846	0.09865357	-0.085770406	0.07828227	-0.015224662	0.049220238	-0.14810774	-0.091215715	-0.03307736	-0.11036512	-0.014831869	-0.05659662	-0.20743002	-0.07860178	-0.1530955	0.02909906	-0.03737021	-0.046372656	0.044466678	0.004948274	-0.10942552	0.053340767	-0.0015754716	-0.10940316	-0.010338667	-0.0014350936	-0.12217855	0.11757657
-0.30803257	0.39384398	0.51164144	0.37693897	-0.33613902	0.04748292	0.17823847	-0.42840472	0.42530626	0.3494293	0.2984767	0.3390462	-0.44364014	-0.3454213	-0.53600556	-0.4698501	0.4173179	0.35240486	-0.32411852	0.3353722	-0.33818847	-0.448603	-0.21331997	-0.4540998	-0.47398221	0.0155540975	-0.33563727	-0.45242584	-0.33009624	-0.4662727	-0.3346266	-0.32612723	0.3490929	-0.42582443	0.33873925	-0.29266873	0.3001317	0.45103028	-0.4829514	-0.29318497	-0.3371095	0.33880115	-0.44315895	-0.47012305	-0.37126726	-0.5767117	0.22801699	-0.25585487	-0.46884266	-0.37167242	-0.39474848	-0.09420953	-0.3410501	-0.38237816	-0.30333814	0.30553624	-0.40733224	0.49492046	-0.3400762	0.088035345	0.31288818	0.41815835	-0.3720996	0.38648614
-0.3413237	-0.35096022	-0.20621474	0.11627268	-0.14568487	-0.037929233	-0.21211642	0.03339273	-0.2852092	0.36393243	0.06431341	0.21484727	0.4555729	-0.049997754	0.39513233	0.44287613	0.2632011	0.05317817	-0.27844504	0.1569816	0.10804089	0.16689153	-0.28495625	0.4565481	0.25861537	0.07312071	-0.22221467	0.32780302	-0.095834605	0.1939571	-0.05606105	-0.024894046	-0.12319065	0.013216198	0.23244531	0.08080024	0.4300256	-0.40345672	-0.11377768	-0.37066916	0.0031067808	-0.34507975	0.3066874	0.54571825	-0.14464743	0.40258512	0.3852481	0.1252705	0.52034265	-0.031341974	0.23470448	-0.22307117	0.0044828714	0.44927227	-0.08428051	-0.046215765	-0.0041230237	-0.060631223	-0.18124382	0.08290662	0.3485029	0.0043467865	0.33022293	-0.3057093
-0.75696206	-0.68453044	-0.07796751	-0.6304499	0.058875546	0.676958	-0.57114965	-0.7704153	-0.7603844	0.4939265	-0.7753938	0.7396456	0.45324835	0.8384857	0.19209035	0.17143068	0.70929796	0.7220166	-0.80630285	-0.75155824	-0.4356311	0.6818427	-0.7973573	0.72338235	-0.65404415	0.6403444	-0.39677888	0.58179086	-0.52802956	-0.5198028	0.6163205	0.7378282	-0.78048533	-0.56532705	-0.2335254	0.7327099	0.6259586	-0.8443334	-0.7793712	-0.69042856	0.7871535	-0.6867962	0.3329076	0.67838174	-0.14489168	-0.16734391	0.6631088	-0.7801544	0.6099887	0.5674854	0.1827837	-0.7505375	0.7021967	0.71699363	0.66729736	-0.68996495	0.91302013	0.82707417	0.01510953	-0.75235665	0.5834254	0.7119371	0.6687916	-0.63300616
-0.04495515	0.13704318	0.016990144	0.02940811	-0.15875188	0.2105713	-0.033833407	-0.2663739	0.22327122	0.03301023	-0.04277494	0.08058062	-0.26414174	0.103505	-0.22196601	-0.30189762	0.073786564	0.1497213	-0.08370527	0.0004612932	-0.28140458	-0.06476964	-0.07706418	-0.17985806	-0.24106877	-0.11299522	-0.10588546	-0.0639579	-0.22976021	-0.23427233	-0.05603346	-0.008284146	0.026491508	-0.07856182	0.02645508	0.1478754	0.04165881	0.19352801	-0.20355858	-0.009346722	-0.019013653	0.051133696	-0.115386695	-0.29982504	-0.025120731	-0.3355099	0.05181985	-0.43101686	-0.21503776	-0.14714918	-0.15763503	-0.155445	-0.015322678	-0.107853435	-0.085885145	0.087476686	0.046540424	0.23709667	-0.11734749	-0.14885136	0.07058855	0.2220959	-0.10958	0.037502807
-0.2964306	-0.24910948	-0.34974095	0.045311585	-0.16652511	-0.26632962	-0.015717154	0.18565883	0.2277073	0.20102622	0.33356488	0.12284187	0.22713494	-0.17743789	0.24764875	0.08056876	-0.02334434	-0.11119154	-0.01618955	0.31147018	0.09353663	0.14364913	0.018759793	0.13209015	0.24762669	-0.1365347	-0.20159765	0.25115642	-0.28508946	0.29666138	-0.27677917	-0.2835821	0.2120005	0.17159359	0.3260111	-0.13140443	0.15736789	0.053865187	0.13650739	-0.22807339	-0.24284242	-0.06414597	0.21658649	0.18061887	-0.015357055	0.34893438	0.29043996	0.16671643	0.28867164	-0.16421717	0.19814505	-0.17791311	-0.16732259	0.0882761	-0.2913161	0.19256106	-0.073163435	-0.22671536	-0.1824417	0.3025041	0.15723617	-0.15936075	0.16229606	-0.08569829
-0.010670949	0.34669557	0.19192891	0.25248593	-0.19949858	-0.07821089	0.37612158	-0.102452785	0.3889821	0.11949449	0.2647223	0.14444722	-0.3800284	-0.30677596	-0.38723955	-0.27352458	0.043235406	-0.049536955	0.100189395	0.2678893	-0.26272124	-0.37155277	0.22263862	-0.42314404	-0.26609832	0.06813784	-0.21805656	-0.38025707	-0.006376272	-0.14665203	-0.22680588	-0.25861403	0.36082098	-0.28273505	0.13092284	-0.3974772	0.029882923	0.48393226	-0.1327552	-0.043429274	-0.32696787	0.46092305	-0.34773242	-0.43111143	-0.21168196	-0.10746504	0.02080923	0.05295886	-0.3328656	-0.3149808	-0.30133498	0.23820831	-0.29061192	-0.41759267	-0.30689827	0.24274853	-0.3839753	0.20707545	-0.22106443	0.10070098	0.05207221	0.069078214	-0.42292413	0.4427822
-0.09042164	0.39801615	0.3232778	0.4623416	-0.263466	-0.027520185	0.46419638	-0.18536177	0.37967163	0.26339614	0.31447265	0.20262316	-0.37514654	-0.5692973	-0.4724002	-0.23381998	0.12658001	0.05162286	-0.045950487	0.27878883	-0.26707196	-0.46133944	0.17108893	-0.5037701	-0.32201695	0.16967347	-0.30761027	-0.4850323	-0.032851756	-0.33708066	-0.29855826	-0.32669187	0.3824093	-0.40197974	0.15533777	-0.5450141	0.20460974	0.51673776	-0.18033676	-0.118580066	-0.39188492	0.48681918	-0.4388508	-0.38378814	-0.35469022	-0.008289436	0.09950884	0.07882876	-0.4114016	-0.31094852	-0.47776067	0.22627798	-0.37075874	-0.45893082	-0.31375802	0.30217376	-0.6129676	0.2700285	-0.2204908	0.06245184	0.18013287	0.13717824	-0.4031349	0.4386538
-0.0074855518	-0.05593911	0.02625526	0.12469881	0.026950855	-0.11154144	0.19889858	0.2584376	-0.06456232	-0.0046997503	0.14113641	-0.07481414	0.21750227	-0.27616858	0.15664737	0.29831555	-0.06654769	-0.34191397	0.093057945	0.107932076	0.19534348	-0.09173247	0.19437593	0.13591272	0.23397076	0.037029527	-0.013799074	-0.060117066	0.10598067	0.12201535	-0.05781123	-0.05684691	0.055755924	0.09941769	0.03127352	-0.33049676	0.037640665	-0.10238201	0.16821764	-0.00010870875	-0.061191138	-0.0654386	0.068936534	0.25732794	0.028906805	0.2617024	0.011080839	0.29360732	0.10907027	0.05323956	0.017694935	0.13941158	-0.06394281	0.1483714	-0.029912518	-0.058281664	-0.2903326	-0.32796392	0.027975298	0.054973073	-0.017395537	-0.3068137	-0.061778225	0.13827594
0.00775586	0.25749102	0.3506957	0.35132062	0.13989714	0.17654826	0.08921714	-0.13498847	-0.37687367	0.089921184	-0.098698795	-0.025933992	-0.108385965	-0.41740754	-0.27927327	0.28466582	-0.008486184	-0.014293839	-0.097966954	-0.061780963	0.13034487	-0.35855278	0.07236496	-0.0049496484	-0.17092997	0.35951224	-0.06923642	-0.29035512	0.32056648	-0.18911679	0.100612305	0.14626852	-0.15296954	-0.22637098	-0.18800567	-0.3105272	0.23700218	-0.1739235	0.020512186	-0.027282283	-0.027413283	-0.0072471346	-0.3360417	0.23961838	-0.16770421	0.3250774	-0.0053232242	0.2040004	0.024120936	0.07642325	-0.32325906	0.24212196	-0.12821046	0.044984147	0.20124811	-0.26875803	-0.46038523	0.082476206	0.08007412	-0.2636336	0.04912039	-0.022383934	-0.20751685	0.2601544
0.27400276	-0.47887683	-0.5145879	-0.41724896	0.23603854	-0.20623578	0.23774377	0.3396757	0.36371204	-0.31918854	-0.21047746	-0.29551056	0.3040682	0.52242965	0.43753535	-0.17160295	-0.2910732	-0.20782456	0.21890569	-0.26606008	-0.0461873	0.5092681	0.19479014	-0.110395	0.3865441	-0.39804617	0.2981432	0.5384513	-0.42839834	0.4072907	0.07591849	0.19945107	0.24277692	0.32242838	-0.05065519	0.3994979	-0.36479208	-0.0924952	0.22939835	0.2720294	0.44953912	0.12975068	0.49975875	-0.07860814	0.35926852	-0.36244425	-0.23758183	-0.37224478	-0.1634444	0.34647036	0.50222397	-0.30024654	0.40315747	-0.10456379	-0.1359987	0.22976536	0.5957494	-0.2672657	0.22408524	0.28120387	-0.26145267	-0.25495222	-0.09971152	-0.38857186
0.07329999	0.060717482	0.1744851	0.20447254	0.051980995	-0.018642778	0.14788327	0.09223237	-0.15989044	0.04489777	0.0247073	-0.090714514	0.026338868	-0.27439502	-0.037135236	0.29804194	0.0005872105	-0.19829084	0.04384907	0.016083274	0.1503502	-0.14763056	0.14478968	0.16416483	0.13865857	0.13239585	-0.018999398	-0.13230135	0.17208354	-0.0036567997	-0.020658826	0.04313982	0.008432337	0.0118534155	0.01683905	-0.29723138	0.064605944	-0.13394792	0.064489596	0.0009608465	-0.044790454	-0.07196617	-0.07473898	0.20182432	-0.049665842	0.22896855	0.03458101	0.24353704	0.1270656	0.066388614	-0.08096141	0.12436158	-0.012868121	0.09740635	-0.007889539	-0.097758405	-0.29041132	-0.10518778	-0.0027159462	-0.033291932	0.023934048	-0.15568657	-0.04768459	0.14576887
-0.080609135	0.07502215	-0.036849856	0.007365359	-0.13738385	0.08875811	0.05257431	-0.06611367	0.2114315	0.092790544	-0.017498724	0.112284444	-0.15504675	0.015021692	-0.14913519	-0.24626087	0.0688697	0.12598024	-0.049785644	0.06312459	-0.10340048	-0.06318608	-0.067627355	-0.17303345	-0.12059435	-0.03996933	-0.12078829	-0.06382409	-0.26848826	-0.06864222	-0.08156639	-0.09680591	0.08067885	-0.04425746	0.06122537	0.08527662	0.031826276	0.1664484	-0.14662413	-0.04979614	-0.069006026	0.040083192	-0.08769808	-0.13500597	-0.0947548	-0.16740172	0.095492676	-0.2639214	-0.14089942	-0.1578542	-0.057458036	-0.08498376	-0.076177046	-0.13636903	-0.13840854	0.18022329	-0.028449072	0.14053364	-0.095427096	0.06789122	0.0971429	0.105696075	-0.0360476	-0.00023890546
0.13157888	-0.072895475	-0.17317659	-0.080339074	0.10481165	-0.2725643	0.35245624	0.37824452	0.16731313	-0.14910914	0.14669745	-0.15162632	0.09922041	-0.106834866	0.19997509	0.1843121	-0.29023737	-0.43090346	0.31601712	0.06178331	0.29114074	0.09599418	0.38873497	-0.09373873	0.29035908	-0.14478758	0.13457261	0.08782594	0.05336381	0.300702	-0.13411178	-0.15289903	0.3139485	0.25835645	0.003927022	-0.2645202	-0.20655234	0.16663034	0.37009704	0.119113676	-0.04885196	0.23359695	0.14887159	0.025725788	0.11307336	0.10821956	-0.11562803	0.21768963	0.031537965	0.09899353	0.19705857	0.19038688	0.04573454	-0.22943291	-0.1518099	0.1158729	-0.11369472	-0.4252689	0.03843809	0.21253593	-0.10712582	-0.46452138	-0.19178046	0.15906401
0.3965151	-0.09014492	-0.095021136	-0.17442307	0.33825463	-0.07767724	0.33958963	0.19758204	0.02429853	-0.37388888	-0.16824725	-0.34481943	0.08869327	0.18603078	0.051178038	0.16564216	-0.37263775	-0.33165058	0.3736421	-0.21634875	0.23679043	0.23359355	0.3605992	-0.1992828	0.24011244	-0.20366469	0.332709	0.0853516	0.11150003	0.16321416	0.152352	0.19499667	0.083314456	0.24817917	-0.20035528	0.061012976	-0.35333937	-0.0063259085	0.34360155	0.3081011	0.2582284	0.15664585	0.22276379	-0.020512387	0.35640964	-0.27224615	-0.3668891	-0.11823216	-0.28486973	0.37754142	0.17711896	0.13275337	0.34473795	-0.16037184	0.06859214	0.005180935	0.223676	-0.32312766	0.28723472	0.074626416	-0.31913397	-0.3546468	-0.24404627	-0.022937588
0.11534547	-0.0077504735	0.042910986	0.061555386	0.19497487	-0.15687107	0.15865505	0.15997933	-0.11833035	-0.014564894	0.04099066	-0.16200183	0.19073695	-0.18448848	0.10117986	0.3934254	-0.17565474	-0.278447	0.18206804	0.07328138	0.32764113	-0.04479254	0.23397478	0.06740664	0.23596992	0.08503849	0.059311766	-0.030403225	0.18457647	0.1642608	0.019971803	0.034718767	0.0154938605	0.0645416	-0.1082793	-0.1836307	-0.05923784	-0.13774155	0.25653684	0.10177523	0.0617823	-0.017941838	0.111931585	0.331909	0.09642101	0.1850742	-0.09440034	0.27112186	0.09486264	0.16161606	0.09320673	0.23096819	0.03446224	0.08888451	-0.012527645	-0.030575952	-0.13781232	-0.28290278	0.16457728	0.06402818	-0.031445604	-0.2858904	-0.04133763	0.12391379
0.07842178	0.26671934	0.26103652	0.18172333	-0.016769793	0.014679007	0.3613766	-0.14190081	0.22848076	-0.101429366	0.08747286	-0.01919985	-0.3044879	-0.21010733	-0.34573138	-0.16777581	-0.04079629	-0.080604985	0.20294504	0.024213646	-0.1216422	-0.18871157	0.26092514	-0.47265148	-0.14577612	-0.044942416	-0.014086911	-0.27437252	-0.022847101	-0.1491053	-0.07201234	-0.10210388	0.25028676	-0.1028525	0.050085183	-0.3087664	-0.059110567	0.34973514	0.06605121	0.14763418	-0.13343143	0.32148096	-0.17560692	-0.31147066	-0.007849692	-0.33069468	-0.13417283	-0.24589492	-0.50117624	-0.106253654	-0.21065815	0.13193545	-0.085674554	-0.32470644	-0.13855468	0.18050642	-0.25401273	0.09283169	-0.07017174	0.024604294	-0.10995834	-0.034940008	-0.42328826	0.24166498
-0.09053947	-0.011023168	0.008028437	-0.016249705	-0.10961714	0.026093232	0.09645017	-0.11617589	0.17018767	0.07825204	0.13219906	0.099039495	-0.122179635	-0.009141111	-0.095409535	-0.20797144	0.07130236	0.06219844	-0.018633228	0.13817167	-0.17821957	-0.04426496	0.0028783847	-0.14528403	-0.11972085	-0.095525876	-0.12289112	-0.0046245554	-0.27020591	-0.021315185	-0.15493	-0.1394138	0.17335048	-0.07094134	0.20370035	0.035489798	0.08009792	0.17767587	-0.10972208	-0.11030852	-0.1179231	0.02010183	-0.059508156	-0.250001	-0.09468732	-0.12802815	0.13046901	-0.12133135	-0.13065954	-0.15283021	-0.05709992	-0.15473184	-0.14379612	-0.09831728	-0.15456793	0.21108752	0.053087685	0.114139915	-0.1826192	0.11892226	0.11449788	0.09828834	-0.090254605	0.016077457
0.011973257	-0.25552136	-0.22838709	-0.17407146	0.11931489	-0.0694102	0.07520081	0.1832415	-0.06311392	-0.066894434	0.0051368875	-0.121239126	0.23367508	0.17611177	0.23636708	0.21558374	-0.08596644	-0.16120408	0.12385755	-0.10232319	0.13578643	0.25882357	0.09404624	0.119792245	0.18257493	-0.080617316	0.081998445	0.30048236	-0.06394945	0.2153151	0.021991277	0.070082195	-0.01775034	0.12455799	-0.020812592	0.11235564	-0.08977733	-0.21684663	0.18026245	0.05296482	0.12279591	-0.0979205	0.34023225	0.27508375	0.15556146	-0.033363752	-0.0075712097	-0.062854536	0.069280036	0.19281565	0.24648657	-0.10300585	0.20796429	0.08288616	-0.014487719	-0.009174399	0.14534965	-0.15270829	0.038632397	0.13534269	-0.10139102	-0.19233982	0.061119813	-0.18775566
-0.10087149	-0.3759589	-0.39376023	-0.0024897836	-0.04554173	-0.24116609	0.050837338	0.3281427	0.1977053	0.090242416	0.1996115	0.056470424	0.33067423	-0.11363751	0.39552683	0.2532054	-0.037083566	-0.29699516	0.081756264	0.18445735	0.2357999	0.19911298	0.119135074	0.24953234	0.37825894	-0.21068071	-0.100117326	0.42860135	-0.28323594	0.40546325	-0.23462386	-0.17917712	0.23492055	0.2163104	0.20972872	-0.16082005	0.03977402	-0.029951988	0.31987163	-0.1005562	-0.14488798	-0.1570653	0.46525043	0.20306407	0.015307505	0.24103981	0.11668794	0.249157	0.2842972	0.023109285	0.30290684	-0.0643692	0.036107562	0.13629317	-0.22249293	0.25289968	0.03754495	-0.35820302	-0.121462755	0.33424398	0.06561169	-0.3112858	0.1722859	-0.2870096
0.11634414	-0.19732065	-0.18188313	-0.3021262	0.2027314	0.12987787	-0.0185403	-0.06134794	0.0005675795	-0.15506108	-0.3843086	-0.12040723	0.10042922	0.4345322	0.077151105	-0.011755167	-0.09997854	0.053015977	0.033703294	-0.34559414	0.016729156	0.30184552	-0.045217138	0.08417869	0.04059068	-0.16026549	0.18300909	0.2653857	-0.08377515	0.07314424	0.2784241	0.35459998	-0.17919555	0.16885841	-0.2566902	0.3302554	-0.1522095	-0.25133714	-0.005615236	0.09597788	0.37576067	-0.066313624	0.22212306	0.11976128	0.26006418	-0.28922576	-0.18727705	-0.40289026	-0.11209233	0.32332885	0.20479113	-0.12737662	0.374149	0.10862823	0.27103665	-0.17325461	0.38457572	-0.030840475	0.21217464	-0.15449488	-0.16266124	-0.040876754	0.054247405	-0.27579734
-0.34430325	0.54397815	0.46669447	0.4043726	-0.4105169	-0.1366117	0.34989843	-0.45044312	0.4851963	0.41540238	0.38726008	0.3730456	-0.51984316	-0.4633191	-0.5066402	-0.49271497	0.39693528	0.379253	-0.32684723	0.4073806	-0.4361086	-0.43944842	-0.12759964	-0.48008686	-0.41777188	0.029376965	-0.43359405	-0.5169231	-0.3042167	-0.46206814	-0.4316025	-0.39476344	0.46512493	-0.5232765	0.43462822	-0.50358003	0.35973766	0.5227222	-0.40666905	-0.28737804	-0.42765987	0.4541436	-0.4658104	-0.5544806	-0.41833478	-0.51908255	0.37019038	-0.13207293	-0.5252326	-0.45234865	-0.47596785	0.20596723	-0.40778923	-0.50817096	-0.4174555	0.42159352	-0.5139793	0.5421576	-0.35275835	0.22600774	0.4175489	0.3865627	-0.45190462	0.5022209
0.04712219	-0.30833942	-0.23842947	-0.21600929	0.044350218	-0.09539941	0.027719287	0.11101911	0.089577295	-0.09887406	0.06608185	-0.0043212413	0.097572334	0.1105439	0.2014321	0.037683416	-0.053836696	-0.12629639	0.11565816	0.03908845	-0.020343816	0.21428029	-0.0030448854	0.0019813818	0.20370355	-0.12634958	0.06900309	0.27042282	-0.19614825	0.20930547	-0.092417285	-0.0115676485	0.098742716	0.15311086	0.11743506	0.14100596	-0.089397855	-0.051745784	0.11074862	-0.026199812	0.07114734	-0.023316342	0.2160261	-0.04023948	0.110062085	-0.15863985	-0.07304214	-0.05330514	-0.0002165189	0.05851401	0.2148234	-0.122076556	0.19377626	0.0811549	-0.12939163	0.09386488	0.21657793	-0.11847885	0.022987666	0.20824394	-0.036136817	-0.119134665	0.11263317	-0.16397937
-0.07257162	-0.27001616	-0.28691667	-0.08205856	-0.06647521	-0.402225	0.11647417	0.34518537	0.24105875	0.09411142	0.2693348	0.0046764384	0.3212748	-0.08397232	0.42339796	0.2059296	-0.04960831	-0.25323856	0.10135464	0.26459262	0.17534113	0.17596138	0.15994368	0.12188006	0.4236328	-0.15290853	0.031373966	0.3081863	-0.13239785	0.35619903	-0.20555253	-0.25195953	0.28406712	0.1927957	0.22749026	-0.110639535	-0.012263923	0.1138808	0.24427542	-0.091471136	-0.10419303	-0.046938524	0.34136558	0.12525924	0.07815279	0.23099455	0.09383334	0.23729044	0.23393062	-0.04652626	0.27880833	-0.06459785	0.007221514	0.024533903	-0.2864916	0.20054254	-0.025650121	-0.34404474	-0.10192207	0.4098489	0.0841469	-0.35728276	0.09211893	-0.07278607
0.23653705	-0.15413356	-0.05977658	-0.18172295	0.2269589	0.0770333	0.017974656	0.0032703574	-0.07199345	-0.22369204	-0.25524798	-0.16243841	0.05322323	0.28683835	0.032919645	-0.045348246	-0.1097157	0.0063997866	0.05765825	-0.18478127	-0.06449544	0.18818998	0.04400562	-0.008991779	0.052127518	-0.05408636	0.25659227	0.107320435	-0.029045215	0.11573402	0.1580655	0.20838168	-0.123206295	0.13834248	-0.21484084	0.1963969	-0.18154444	-0.1586505	0.040084075	0.118295945	0.29059568	-0.024967236	0.2202737	0.013457367	0.23764725	-0.30302554	-0.19339871	-0.20819135	-0.15852484	0.28459412	0.1592224	-0.11726518	0.32175902	0.06376502	0.1753758	-0.08699115	0.25790444	-0.026703227	0.17536545	-0.0270007	-0.17598371	-0.026766023	-0.028345734	-0.21063699
-0.030429667	-0.039378345	-0.079415895	0.005178935	-0.009225632	-0.2076881	0.15850973	0.18331528	0.09916219	-0.025155427	0.16418263	0.014668461	0.02569357	-0.109744355	0.15609406	0.08991972	-0.070559666	-0.25289482	0.17437361	0.123462744	0.13051893	-0.005974542	0.1251597	-0.017329115	0.19639404	-0.14553581	0.013451252	0.049896363	-0.0036076854	0.16779596	-0.070500866	-0.10369762	0.18817917	0.124726675	0.114370815	-0.10032985	-0.050157007	0.094785266	0.21331453	0.042023588	-0.070613325	0.028851029	0.023089852	0.013059505	0.023971694	0.07032568	-0.0040564057	0.13358597	0.020454459	-0.00087287487	0.10888378	0.05856902	-0.049236678	-0.058699537	-0.16140963	0.08387727	-0.07919119	-0.24511658	0.003238723	0.12643056	-0.031639937	-0.16416198	-0.007570551	0.08176149
0.1732481	-0.07282096	-0.11586418	-0.091206335	0.035848897	-0.044711426	0.2337015	0.20071803	0.22411525	-0.13201399	-0.042248357	-0.13039775	-0.024838861	0.101801716	0.03993877	-0.07770295	-0.13271652	-0.15613773	0.17682321	-0.00505227	-0.06318875	0.07785062	0.20479017	-0.21470287	0.11263527	-0.18796106	0.13894138	0.08930722	-0.11730721	0.16160023	-0.07213745	-0.04110124	0.22079371	0.12853111	-0.025949147	-0.035514418	-0.14891262	0.13578396	0.14567225	0.17435086	0.05974213	0.17993435	0.07117044	-0.13100393	0.06268427	-0.22404388	-0.1765418	-0.18122698	-0.18195422	0.024795381	0.1283404	-0.014721161	0.0139460405	-0.1750428	-0.14218427	0.14637469	0.054111954	-0.19759889	0.02724419	0.15253334	-0.15506497	-0.12359077	-0.19309078	-0.0054687117
-0.069496326	-0.028672958	0.08630879	0.21752688	0.011822452	-0.0880542	-0.038458064	0.016509606	-0.17359447	0.1105646	0.04939216	0.04821836	0.13707495	-0.23336972	0.042890128	0.24294393	0.05618495	-0.05662872	-0.1641828	0.055473074	0.020747485	-0.18755713	-0.057520423	0.22878909	0.03500041	0.14456062	-0.17078759	0.0026837	0.10256617	0.05965514	-0.008951683	-0.0017477322	-0.08470063	-0.032927584	0.05024143	-0.13595518	0.18871154	-0.07361441	-0.042759854	-0.16809867	-0.06714075	-0.21128057	-0.014434181	0.22231758	-0.06385816	0.21293701	0.09568759	0.15055107	0.20193957	0.03223642	-0.05688789	0.034256782	-0.06473537	0.21517809	-0.05441163	-0.0601411	-0.20495632	-0.023411648	0.007137464	0.044374246	0.11548345	-0.037693284	0.0277171	0.035892084
-0.09298374	-0.026320565	0.01759171	0.157156	-0.060173307	-0.017870927	-0.053506993	-0.010646486	-0.10700877	0.15500927	0.08488173	0.07862591	0.087251686	-0.16430707	-0.009658458	0.121365614	0.11076899	-0.025311418	-0.111571066	0.10175727	0.03446601	-0.14996126	-0.09159517	0.1067737	-0.008611401	0.14887805	-0.15326318	-0.07250561	-0.032319207	-0.01789076	-0.08959915	-0.053146444	-0.061763912	-0.12314728	0.1367836	-0.067255005	0.21664867	-0.06882736	-0.04397243	-0.13117474	-0.10128723	-0.05885469	-0.044947147	0.12407446	-0.1604912	0.23383819	0.18883283	0.1486909	0.12833773	-0.0951963	-0.096092425	-0.054759778	-0.14325716	0.098205104	-0.07712754	-0.01704091	-0.14429484	0.0027967377	-0.105710045	-0.037696023	0.13155155	-0.011104814	0.052252747	0.076971956
0.120841354	-0.018473377	0.112518944	-0.012205178	0.20353392	0.115588926	-0.025655972	0.025677694	-0.23537374	-0.13266745	-0.17680897	-0.1082939	0.068608396	0.008919303	-0.006214809	0.1437731	-0.11524689	-0.053134423	0.037686303	-0.22842538	0.15352422	-0.013861167	0.09092631	0.112480566	0.017043853	0.103023164	0.102108926	0.0248918	0.14455763	0.009223713	0.23465033	0.19950072	-0.14393656	-0.02515601	-0.122556485	0.00098646	-0.050869722	-0.24277894	0.07692799	0.040180393	0.27720037	-0.11470223	0.07100561	0.2300977	0.12813295	-0.08849256	-0.13756688	-0.038945872	-0.045386136	0.3171244	0.048387907	0.031333458	0.29982165	0.14673185	0.14042285	-0.18656702	0.06701052	0.02013387	0.17120993	-0.14140835	-0.039800517	-0.090235695	-0.07491251	-0.046718683
-0.034297675	0.12982619	0.17621574	0.15158355	0.06553097	0.25495207	-0.071264595	-0.282105	-0.26210615	0.017987153	-0.22196585	0.06343559	-0.08703547	-0.05675536	-0.15169482	0.023476627	0.07603532	0.13444473	-0.16504717	-0.20064738	-0.02953538	-0.19240208	-0.08493167	0.042993166	-0.25427085	0.19666329	-0.09624024	-0.16349287	0.059628174	-0.19393791	0.095151275	0.19949646	-0.17787085	-0.24692559	-0.09178566	0.0015581805	0.1162492	-0.1216814	-0.14431897	-0.02478182	0.11603601	-0.15549585	-0.15528958	0.14299683	-0.037464205	0.00856053	0.026994716	-0.09680335	-0.012635449	0.053286873	-0.14563218	-0.016918974	0.015984146	0.07311803	0.19123276	-0.22137685	-0.10318903	0.27205828	-0.014870315	-0.20581003	0.03175968	0.16449802	0.013602035	0.015536313
-0.58764005	-0.5315677	-0.24889648	-0.31494635	-0.17189966	0.62694526	-0.47633502	-0.5800772	-0.56560117	0.41525224	-0.61921066	0.56848437	0.45675611	0.67238975	0.3651051	0.1527825	0.6452915	0.5752689	-0.6823102	-0.53201264	-0.31828094	0.510394	-0.6828543	0.57230306	-0.5201017	0.38449436	-0.41664472	0.50673884	-0.51582617	-0.3943116	0.45769733	0.5221036	-0.5850767	-0.39499938	0.13376309	0.5885203	0.5869476	-0.6119492	-0.6588389	-0.58244497	0.5327595	-0.6331194	0.25653896	0.52010024	-0.15755442	0.0024135513	0.62821347	-0.68382263	0.5439253	0.16730553	0.1958277	-0.6481928	0.49480698	0.56886095	0.51690835	-0.5563988	0.7065063	0.6661453	-0.15840651	-0.60560095	0.5804345	0.57621086	0.5055111	-0.58165896
-0.117322266	0.337547	0.40014353	0.35213816	-0.10583146	0.18681075	0.23309118	-0.3950926	0.09719166	0.07918597	0.060897067	0.15731487	-0.34910262	-0.28715312	-0.41532114	-0.1422019	0.15538098	0.15235598	-0.07733148	0.04796025	-0.14031014	-0.32159388	0.0004582373	-0.24679516	-0.3722548	0.10884522	-0.16271792	-0.44410396	-0.0637943	-0.33236918	-0.0727857	-0.059405968	0.0867549	-0.38567737	0.09951398	-0.28530163	0.19404015	0.13637987	-0.21397792	-0.13000463	-0.1850978	0.18244022	-0.32416338	-0.16155303	-0.18592422	-0.028805707	0.05813709	-0.21468091	-0.33469543	-0.15690798	-0.3489636	-0.052458752	-0.19669403	-0.15149102	-0.09449943	0.13263288	-0.39398867	0.32152712	-0.09589912	-0.08913186	0.13075566	0.16746299	-0.3428014	0.28938562
0.0128456	0.21338911	0.23349193	0.24211212	-0.026720664	0.16290495	0.11786327	-0.19884115	-0.10115877	0.07896715	-0.00192969	0.07911301	-0.28267875	-0.14142448	-0.23235114	-0.03149464	0.06631048	0.05117625	-0.027168075	0.009855229	-0.13864432	-0.21758623	-0.015981583	-0.19547534	-0.20744981	0.20577045	-0.0641287	-0.22538342	0.1440467	-0.21568415	0.05429823	0.025911909	-0.032395184	-0.23979037	-0.07765049	-0.12422687	0.101017274	0.092072435	-0.17273562	-0.030690657	-0.057542928	0.10364116	-0.3133376	-0.16792564	-0.11327768	-0.055241376	-0.012939751	-0.02550475	-0.18151136	-0.05700834	-0.20569089	0.11434698	-0.094236016	-0.09839661	0.04181511	-0.07067267	-0.19709428	0.18383156	-0.0018122627	-0.1676445	0.032102432	0.07841579	-0.18928477	0.23494707
-0.014452711	0.027260678	0.15451092	0.07549764	0.06449219	0.12425222	0.005864558	-0.14203459	-0.11655684	0.052234907	-0.13849686	0.0061403546	-0.07522599	-0.07988564	-0.1506048	0.015769765	0.08582838	0.09572192	-0.053437706	-0.11087734	-0.079095125	-0.050954346	-0.071452305	-0.045620725	-0.103817455	0.09312141	-0.054663785	-0.12747967	0.064661205	-0.07848169	0.039588213	0.08416184	-0.105105214	-0.048595347	-0.050172787	0.031398855	0.04434473	-0.020580886	-0.079113364	-0.017681258	0.053503633	-0.06642378	-0.07840152	0.06348388	-0.046408452	-0.028224507	-0.030656144	-0.055694062	-0.075838044	0.06429312	-0.052182212	0.01074356	0.037541777	0.0022801862	0.06110667	-0.09089149	-0.08182752	0.07219099	-0.029427623	-0.12139181	0.044198863	0.059209723	-0.003294386	-0.017767197
-0.07066589	0.42718086	0.31800324	0.32975826	-0.22006874	0.014135756	0.34776822	-0.22237907	0.41691405	0.124359116	0.30147132	0.15988445	-0.45253173	-0.34288448	-0.41742763	-0.35726908	0.1556323	0.1359914	-0.032313164	0.2860674	-0.28347024	-0.3443897	0.087719016	-0.46359518	-0.2763428	0.04971621	-0.2723433	-0.45150426	-0.13639474	-0.313279	-0.25216824	-0.26616135	0.38215292	-0.30901042	0.18642996	-0.40914142	0.19691958	0.5274187	-0.20394854	-0.040310916	-0.40360665	0.44935992	-0.39225024	-0.43311694	-0.2987128	-0.1896954	0.09639361	-0.035737943	-0.44654378	-0.35955653	-0.3426822	0.19867459	-0.30656582	-0.49533105	-0.33139828	0.30313656	-0.4350645	0.28207806	-0.26131788	0.034965817	0.09601087	0.17739289	-0.47446987	0.43029243
0.08606367	0.022576971	0.043704964	-0.05056203	0.055186044	0.053689275	-0.030936617	-0.055811614	0.008866578	-0.06484726	-0.12557115	0.001426675	-0.107463725	0.11828618	-0.03466878	-0.04588684	0.036299948	0.10033644	0.03246881	-0.13661987	-0.09117417	0.032037538	0.031084025	-0.07420483	-0.050687224	-0.028945332	0.07672191	0.019834712	-0.046324253	-0.03965536	0.07259217	0.082712136	0.03400295	-0.011440331	-0.058487885	0.07810253	-0.1007362	0.024995195	0.0014700264	0.03710704	0.061149444	0.01923341	0.037327114	-0.14119454	0.020586872	-0.14063123	-0.09823451	-0.17146233	-0.16686536	0.02388791	-0.014418766	-0.058523294	0.085506	0.002909212	0.030795794	0.058428373	0.081240386	0.10523515	0.0374215	-0.050168607	-0.024134774	0.07880897	0.0012864852	-0.07502991
-0.059470598	0.1650659	0.29741284	0.30769846	0.18796083	0.42500734	-0.10910449	-0.44329578	-0.5370854	0.12654257	-0.42375633	0.017802518	0.014315533	-0.13078548	-0.20885749	0.3520499	0.15893185	0.25464582	-0.24194749	-0.37506258	0.041584834	-0.17150548	-0.18961215	0.27425015	-0.4156865	0.36128184	-0.012301024	-0.18098162	0.15697956	-0.36946732	0.34525216	0.34755945	-0.3816719	-0.28923815	-0.209558	0.0938895	0.26996884	-0.42157328	-0.20676981	-0.10591319	0.36748314	-0.31154776	-0.2611992	0.43840712	0.012621662	0.27574542	0.024642386	-0.10944001	0.16945499	0.23654449	-0.22969	0.076279916	0.3822916	0.31042764	0.37893158	-0.366942	-0.11099552	0.324452	0.15728448	-0.48272043	0.0015009923	0.1811861	0.04032043	-0.007931512
0.36901498	-0.05145529	0.018997397	-0.18307492	0.355546	0.094450936	0.2706726	0.022127349	-0.031130316	-0.39607218	-0.2617433	-0.3973321	-0.062295783	0.2754928	-0.0639621	0.1376991	-0.29224733	-0.13402851	0.2535474	-0.31057823	0.111894645	0.15466447	0.2981776	-0.21113871	0.07667795	-0.037694063	0.4046986	0.013263813	0.154975	0.042907313	0.30166674	0.3374873	-0.08039929	0.17444418	-0.29377642	0.20461757	-0.3168303	-0.1995151	0.19026423	0.38943395	0.38218093	0.20118862	0.1595171	0.070852056	0.3302586	-0.2941804	-0.36289558	-0.26604995	-0.38150162	0.36692122	0.17200796	0.08360407	0.35435748	-0.106650196	0.21735725	-0.12527587	0.2578756	-0.14783585	0.30261573	-0.026386756	-0.3720155	-0.19975244	-0.2669781	-0.09634822
0.2794972	0.0097528165	0.0042768507	-0.10344298	0.24406788	-0.11247523	0.32401535	0.14281072	0.17474116	-0.24894267	-0.13513592	-0.29756653	-0.11053851	0.06891381	-0.032769658	0.034489457	-0.33732873	-0.26365033	0.30246112	-0.13782893	0.08453019	0.08520133	0.37352204	-0.26564527	0.08502333	-0.11324457	0.20500328	0.0035606767	0.0848198	0.12434454	0.08493475	0.053892903	0.16632845	0.19328815	-0.15922962	-0.13989688	-0.2860962	0.12101962	0.2643787	0.313967	0.104110725	0.31886396	0.09891562	-0.07911873	0.15776666	-0.17726631	-0.31799802	-0.04304528	-0.34059277	0.13346004	0.06745185	0.12054218	0.13306409	-0.2869615	0.0059131337	0.05874699	0.0521112	-0.24585852	0.18518804	0.09118753	-0.2523834	-0.28599268	-0.2958811	0.09053581
-0.38761228	0.4685309	0.43907082	0.4545341	-0.4991977	-0.1937841	0.38257036	-0.30209053	0.66604996	0.4204375	0.50390714	0.4523228	-0.47667724	-0.5547969	-0.5472621	-0.49214366	0.48588586	0.24881926	-0.2920938	0.5651873	-0.44787434	-0.5112057	-0.14020675	-0.48455116	-0.39126998	0.059604403	-0.51697475	-0.51426935	-0.42326063	-0.44722992	-0.48712286	-0.48589465	0.5214152	-0.4739922	0.5291425	-0.5393625	0.43944907	0.5810062	-0.43438658	-0.39398918	-0.5439091	0.59220976	-0.5444188	-0.55718774	-0.43705216	-0.31957993	0.3496105	-0.051975593	-0.47316206	-0.52349883	-0.5066647	0.092672534	-0.5032939	-0.5129202	-0.51983637	0.48103225	-0.5994522	0.40474617	-0.3901862	0.3405318	0.46809238	0.38454825	-0.48777714	0.51561046
0.077605344	0.0361699	0.04695394	0.09347219	0.059133068	-0.052359328	0.14252436	0.054037306	0.015907677	0.016092474	0.010635646	-0.08008726	-0.09270675	-0.09396466	-0.109218374	0.109337926	-0.08690699	-0.18104117	0.04276706	-0.024409447	0.009229646	-0.094759606	0.17930028	-0.10483705	0.06387516	-0.03465373	0.048785716	-0.06376524	0.10596608	0.02548102	-0.012453663	0.028315907	0.051259775	-0.032587387	-0.07418156	-0.20520145	-0.029369095	0.055656638	0.111379504	0.06430318	-0.02758781	0.11373928	-0.079456836	0.056032013	0.0018230971	0.07816839	-0.05954117	0.014059185	-0.11895699	0.010107492	-0.062049914	0.07346638	-0.021955907	-0.10798471	-0.009481266	0.029155182	-0.09630796	-0.073582724	-0.035373826	-0.014151562	-0.045838032	-0.13604727	-0.16706921	0.1011973
-0.04224585	0.38725832	0.2917737	0.29668915	-0.18997312	0.13505626	0.15701759	-0.27037752	0.32343382	0.025409427	0.11207987	0.18820792	-0.40448788	-0.25699988	-0.40858534	-0.35162622	0.107483506	0.079187386	-0.06334724	0.16280742	-0.17318694	-0.3350463	-0.011018427	-0.33119917	-0.286117	0.018683033	-0.13392387	-0.34601498	-0.09395437	-0.33374974	-0.1632156	-0.13789207	0.24733463	-0.30024186	0.18795057	-0.25802356	0.059449412	0.31553975	-0.15288588	-0.013050297	-0.22929704	0.22386035	-0.33871195	-0.3272606	-0.24078742	-0.29237148	0.08769131	-0.16525526	-0.3561773	-0.20376298	-0.3284134	0.028864907	-0.23942381	-0.2451687	-0.13881637	0.24973077	-0.2635358	0.23407416	-0.1392541	-0.01219835	0.049343523	0.15196006	-0.268402	0.25430757
0.19101818	-0.3343454	-0.3097192	-0.37417355	0.1986089	0.04685725	0.007602394	0.0328852	0.17007816	-0.25078848	-0.309946	-0.11651085	0.13897279	0.45514268	0.25183475	-0.14499308	-0.17238006	-0.07805998	0.14760189	-0.3436356	-0.04214062	0.361152	0.057399277	-0.054152958	0.17821097	-0.21707834	0.2370893	0.34266967	-0.23767442	0.18218672	0.16014864	0.2785886	-0.04837713	0.21399012	-0.18640056	0.43187216	-0.21491095	-0.14931786	0.10184121	0.17684758	0.45925957	0.05679711	0.3913888	-0.02646069	0.28825656	-0.37376058	-0.18839225	-0.4592819	-0.12691674	0.30293152	0.37290284	-0.2047925	0.42013162	-0.00234346	0.08272483	-0.01680796	0.4605984	-0.13904728	0.20597702	0.021795914	-0.14820828	-0.033538695	0.015608419	-0.35286278
0.04590114	-0.0896138	-0.16522485	-0.20294744	0.096555695	0.057286765	0.0040683392	-0.03343595	0.2480563	-0.14564367	-0.18533929	-0.04094569	-0.14907439	0.2773704	-0.09876851	-0.26812083	0.029384082	0.057419255	0.08731374	-0.10855424	-0.14798458	0.22495414	0.012907073	-0.1975853	-0.028805414	-0.13602746	0.067247406	0.104955435	-0.4219358	0.056909088	0.026405083	0.06880261	0.039658364	0.046507414	-0.04081183	0.20623814	-0.09276245	0.1265002	0.022184685	0.0755642	0.2083407	0.03472801	0.16256194	-0.29176778	0.078841954	-0.2458727	-0.12522894	-0.25927606	-0.19418526	0.11552512	0.09689113	-0.13811497	0.19614695	-0.05355268	-0.0051726964	0.08759891	0.29958585	0.04512218	0.05338619	0.011730592	-0.06025085	0.09668686	-0.089194804	-0.13218127
0.024967607	0.14746314	0.0982172	0.21886681	0.06172601	0.025420351	0.021538619	0.021175224	-0.16640016	0.052363485	0.05543236	0.024256356	0.024145555	-0.18903813	-0.0738221	0.13169205	0.058742918	-0.10152804	-0.009181471	-0.002847919	0.10577045	-0.21835345	0.0024357536	0.04842457	-0.038654678	0.1683355	-0.07788613	-0.12114049	0.16365989	-0.061735958	-0.032870002	0.0066151917	-0.013923751	-0.09220865	-0.045064338	-0.15990311	0.08458782	-0.009596544	0.01029275	-0.023355303	-0.08492782	-0.034471456	-0.09742975	0.1247436	-0.065327376	0.19108684	0.06623696	0.13203585	0.067841664	-0.050737444	-0.15277748	0.06144559	-0.13178545	0.035851795	-0.018697312	-0.06869085	-0.2563807	-0.0001630198	-0.025736425	-0.101043545	-0.015404054	-0.07750511	-0.07453	0.17788815
0.33376932	-0.3173884	-0.34003824	-0.3550927	0.19694723	-0.39137208	0.33573562	0.29742208	0.45166624	-0.35649705	-0.0849625	-0.2773512	-0.0117667755	0.34283844	0.19986606	-0.3234789	-0.35951746	-0.32659426	0.32905662	-0.17070842	-0.0551193	0.2894722	0.36660376	-0.4968007	0.1989092	-0.3915105	0.27199894	0.264114	-0.43574086	0.2658689	-0.09463715	0.09276218	0.41609898	0.26904398	-0.10528997	0.28082094	-0.39619383	0.23819414	0.27375072	0.32934868	0.20988555	0.46375063	0.31837648	-0.31197947	0.31785387	-0.44814727	-0.3807793	-0.41710326	-0.4643794	0.21960714	0.29112625	-0.18413451	0.22573122	-0.41574907	-0.23346572	0.4152803	0.40326443	-0.24352024	0.2053842	0.39984092	-0.3293593	-0.23911339	-0.41024414	-0.23854999
0.26626626	-0.08837855	-0.04079425	-0.1655309	0.37222075	0.03523766	0.15731554	0.14817382	-0.039478026	-0.28848284	-0.19185413	-0.28321418	0.12988114	0.2047889	0.10812497	0.24097224	-0.26559672	-0.18159115	0.2321209	-0.28883094	0.277696	0.19588986	0.2632681	0.015736047	0.20685807	-0.11899288	0.29589602	0.14232089	0.12206935	0.12157461	0.22464067	0.27793697	-0.1348831	0.23755603	-0.26904318	0.07556208	-0.26726595	-0.24411595	0.2962053	0.23240624	0.29770342	0.09532126	0.29641065	0.18841821	0.34303147	-0.11957015	-0.25350457	-0.05450451	-0.1239813	0.4107334	0.24997969	0.105073996	0.31696168	0.040227473	0.16003463	-0.13364619	0.12971188	-0.23954597	0.24134785	-0.073053375	-0.29319918	-0.2591874	-0.12027614	-0.16536549
-0.010359857	0.042611398	-0.020996073	0.034672473	-0.034801543	-0.17470482	0.08486808	0.11501364	0.20110008	-0.0099968035	0.15057445	0.050575543	0.010019031	-0.099681795	0.05699223	0.030052584	0.023633678	-0.07737263	0.0544277	0.15178557	-0.06844915	-0.0156867	0.09067187	-0.10627072	0.06704747	-0.10231868	-0.046843186	-0.018927258	-0.11686897	0.11380491	-0.112163104	-0.12625624	0.17990334	0.046316832	0.13952458	-0.1474762	-0.009641359	0.12439951	0.07005508	-0.023022944	-0.12316613	0.14368759	-0.034266766	-0.05942667	-0.008496185	-0.010914047	0.06905617	0.07893195	-0.0378677	-0.043461397	-0.022559587	0.0033162057	-0.11770856	-0.09455014	-0.17559074	0.10702559	-0.10229457	-0.06478344	-0.06631953	0.15964095	0.06766137	-0.056866314	-0.08925008	0.13214302
-0.26757595	0.0051376782	-0.068417534	0.16343012	-0.2346655	-0.18476549	-0.056683358	0.04948353	0.2138557	0.21125513	0.20879155	0.238498	-0.086842306	-0.20174806	0.009669363	-0.054136727	0.14264853	-0.017568132	-0.1785035	0.29473376	-0.13250114	-0.20675673	-0.1666263	0.013115651	-0.013491034	0.028088663	-0.25405216	-0.0344666	-0.23543411	0.012227106	-0.27408373	-0.3184635	0.20693822	-0.09242379	0.31534865	-0.20948233	0.15839675	0.15293425	-0.14115748	-0.22574857	-0.32111114	-0.006145606	-0.19666785	-0.08898644	-0.21776804	0.092885986	0.24118564	0.053654682	0.07558118	-0.33330554	-0.08871048	-0.1349203	-0.25098512	-0.07028051	-0.29904085	0.24820338	-0.21765192	0.085027374	-0.30234984	0.1858242	0.21674554	-0.0012402327	0.10918351	0.16390496
-0.38814205	-0.41394782	-0.44973826	0.21769279	-0.3105902	-0.37773767	0.06425217	0.42598087	0.048497703	0.37145364	0.39309958	0.16344626	0.5010355	-0.43003076	0.4774336	0.42103118	-0.13445455	-0.46461535	0.16033587	0.39795166	0.4104826	0.19635442	0.29449898	0.41497126	0.4953047	-0.21982838	-0.26598203	0.46561158	-0.2936351	0.44569284	-0.43660995	-0.4094195	0.39122522	0.34669805	0.43853265	-0.40399325	0.3507869	-0.07288108	0.46910897	-0.33203253	-0.45347533	-0.24241588	0.44395193	0.46120626	-0.13328087	0.5332953	0.3693176	0.40778327	0.44198942	-0.15617819	0.4361971	-0.21952316	-0.28771856	0.34193772	-0.37272832	0.32407635	-0.41113585	-0.524401	-0.27796376	0.41023344	0.28364998	-0.4494853	0.3761925	-0.22667453
-0.16010693	-0.26097375	-0.2853949	0.03431078	-0.17426379	-0.31847554	0.12751202	0.3473341	0.16667643	0.13248965	0.23855703	0.047766984	0.1929504	-0.16504093	0.28445193	0.2581697	0.0020554638	-0.31498158	0.08021471	0.23573802	0.10948815	0.00614741	0.08669962	0.07780028	0.30601197	-0.0738926	-0.15455092	0.1550178	-0.1643452	0.28912395	-0.2749209	-0.22632411	0.34998864	0.15460663	0.2742812	-0.25148857	0.041707788	0.04513449	0.097628325	-0.08112537	-0.15658484	0.01862524	0.1736045	0.08573607	-0.08664071	0.24015425	0.15056483	0.25042117	0.18985115	-0.13988271	0.10747107	-0.127617	-0.11199817	0.072462425	-0.27736008	0.26381877	-0.15140855	-0.29857284	-0.13034199	0.34446594	0.13562685	-0.27881053	0.123471074	0.068317614
-0.11979853	0.14668909	0.13838215	0.13905105	0.026779111	0.3120074	-0.113653764	-0.35905102	-0.20270754	0.055597734	-0.19414905	0.096436255	-0.08365669	0.0028177644	-0.25057006	0.06218808	0.18321297	0.2632114	-0.258991	-0.20629892	-0.13190235	-0.081033945	-0.1629396	0.13041966	-0.24397798	0.1568686	-0.070832476	-0.14396207	-0.0019836838	-0.27123323	0.24297549	0.2324258	-0.28398716	-0.22235617	-0.11851737	0.13359292	0.16223112	-0.23498408	-0.2808416	-0.12455818	0.17881086	-0.17347117	-0.17112611	0.114618465	-0.04421718	-0.015839964	0.13632433	-0.20894416	-0.045725405	0.055762738	-0.18557733	-0.101563156	0.14825836	0.15128824	0.23056851	-0.17715983	-0.013065986	0.34216964	0.00032194456	-0.26760373	0.05851492	0.268856	0.061590374	-0.08109516
0.09624463	-0.10232783	-0.08873425	-0.17508319	0.11122142	0.008803806	0.05650601	0.03404954	0.033984177	-0.16548371	-0.124933615	-0.12006077	0.045474835	0.15481614	0.05867386	0.0399574	-0.14838935	-0.1026633	0.118569255	-0.192868	0.11189933	0.10895161	0.11423198	-0.009215562	0.11492107	-0.061193436	0.11727376	0.11267234	-0.025624625	0.04129379	0.06087435	0.16339208	-0.05411287	0.08947754	-0.15384412	0.03905766	-0.13374631	-0.119697355	0.13438168	0.09274256	0.23140752	0.030174684	0.19484152	0.067682944	0.16964638	-0.13243072	-0.1539843	-0.14338261	-0.11493827	0.16655286	0.16036147	0.053672228	0.20040217	0.06299703	0.06004121	-0.06338912	0.17732488	-0.13411431	0.11380729	-0.07280706	-0.17392029	-0.12403924	-0.06755793	-0.0715666
-0.015026713	-0.218499	-0.27588347	-0.15032414	-0.05049633	-0.20222811	0.073371395	0.112488635	0.15780829	-0.022462241	0.084545724	0.044896476	0.052169587	0.11533909	0.13374789	0.0025196343	-0.04181321	-0.106696874	0.044644322	0.014761009	-0.0827268	0.1442112	0.049803812	-0.06036801	0.12287973	-0.10919865	0.034150124	0.2313033	-0.2854946	0.19657527	-0.13740888	-0.08765531	0.15630998	0.07298426	0.19901523	0.055224642	-0.04707894	0.04760947	0.05448422	0.004410327	0.040377934	-0.017242175	0.11611468	-0.09649494	0.052467514	-0.092377424	-0.0052134227	-0.026382837	0.007228962	0.010354201	0.1989089	-0.16831255	-0.00062108657	-0.048903614	-0.17882758	0.18512605	0.12358718	-0.1421211	-0.06729552	0.18654518	0.05027643	-0.11425562	0.07573535	-0.15937266
0.24303412	0.30396852	0.18293206	0.13056345	-0.009525509	-0.018663827	0.31686154	0.066800684	0.12472816	-0.13403505	-0.004099435	-0.15912257	-0.34129754	-0.12857065	-0.22846597	-0.057105526	-0.14012003	-0.13626991	0.25831345	0.049048916	0.023354517	-0.21270345	0.31828228	-0.32623646	-0.13713291	-0.06534907	0.019205349	-0.2657936	0.11674128	-0.13374794	-0.054420855	-0.11933444	0.26617047	-0.034042116	-0.12427977	-0.3252587	-0.1860627	0.27143785	0.11603285	0.21013533	-0.094784774	0.29624072	-0.18110478	-0.18183349	0.034500312	-0.18902792	-0.22367254	-0.014598829	-0.39819333	-0.03156558	-0.14364882	0.23018077	-0.11951778	-0.31047887	-0.043756135	0.10294782	-0.26271528	-0.03573794	0.00012287602	-0.019447973	-0.17661142	-0.16417012	-0.33494222	0.34644923
0.108341865	0.3255979	0.40348637	0.38538712	0.13847259	0.21550995	0.17504478	-0.1982984	-0.42437714	0.049418345	-0.15532164	-0.0550941	-0.26365387	-0.43891764	-0.30097306	0.2987448	-0.031186303	-0.09981438	-0.04794648	-0.044537067	0.14686918	-0.37158227	0.13868193	-0.015340405	-0.17082494	0.30893877	-0.058960073	-0.33522865	0.35167122	-0.274296	0.18118039	0.2035987	-0.1967967	-0.28067893	-0.23329112	-0.34506866	0.15224795	-0.18448001	0.03882204	0.106234245	-0.0078000952	0.014164392	-0.35162416	0.2268975	-0.16871539	0.36699107	-0.0118834805	0.25865066	-0.1133132	0.0923084	-0.3115735	0.3234615	-0.13949992	0.076700754	0.21450031	-0.29316384	-0.40533048	0.11825135	0.10874575	-0.3084074	-0.029181216	-0.017055301	-0.28766882	0.3265165
0.45252797	-0.40427217	-0.4722712	-0.4625559	0.3263645	-0.31073493	0.31795517	0.35875377	0.5464226	-0.39865056	-0.3028158	-0.32178003	0.21278866	0.47197977	0.37344426	-0.42723244	-0.36882287	-0.27301407	0.4107329	-0.367711	0.053952955	0.4187621	0.3239189	-0.43705297	0.3754711	-0.42229074	0.43458906	0.49693525	-0.51258767	0.44379485	0.055898264	0.20077014	0.421694	0.38139248	-0.2933257	0.44087934	-0.47044873	0.23343062	0.34276223	0.43826672	0.41752177	0.3747901	0.526089	-0.42075232	0.34623536	-0.48383585	-0.4170885	-0.49131224	-0.45642102	0.39382684	0.36916828	-0.20982444	0.42102224	-0.30781284	-0.18422489	0.34162495	0.52389413	-0.357966	0.27412945	0.43439662	-0.3320028	-0.28820044	-0.31430894	-0.41476086
0.110645175	0.014861765	0.069660276	-0.0034015633	0.09221682	0.030118015	0.059650898	-0.020725908	-0.08185656	-0.07123151	-0.06353728	-0.01595797	-0.07456753	-0.005440028	-0.04840671	0.09369146	-0.06109367	-0.0859861	-0.012288072	-0.026899375	0.05868455	-0.055283483	0.0680351	-0.05669266	0.030364167	0.071364954	0.07621496	-0.1004145	0.05707097	-0.048545573	0.063696645	0.10940186	-0.01508931	-0.0304796	-0.07725854	-0.06624705	-0.045031205	-0.0809998	0.067817375	0.050070163	0.06720244	-0.032571886	0.0018054324	0.093602516	0.020668222	0.067869075	-0.08114748	0.038735688	-0.06503722	0.093105845	0.016928097	0.06579998	0.015681362	-0.012177932	0.055431586	-0.05686013	-0.033084262	-0.01531341	-0.00024565234	-0.0890903	-0.08556075	-0.052009378	-0.029638547	0.03695417
-0.3365803	0.02966384	0.21463583	0.27324933	-0.16771302	0.44552663	-0.29022744	-0.5129225	-0.4106279	0.35142854	-0.34414235	0.40459523	-0.0022231997	0.08243172	-0.17342865	0.04559469	0.43818566	0.4625339	-0.44349298	-0.2631337	-0.17683046	-0.095459074	-0.46520534	0.36368668	-0.4537912	0.39715457	-0.30072308	-0.0666341	-0.04855109	-0.4516633	0.2705645	0.29335305	-0.41017476	-0.39938885	0.0022797843	0.29562855	0.42375267	-0.3089622	-0.40546227	-0.3974666	0.14105783	-0.38015914	-0.26553246	0.30203527	-0.29082465	0.24234265	0.41368908	-0.4110344	0.26698136	-0.07887754	-0.38092956	-0.27220413	0.050359517	0.3886893	0.348444	-0.39727426	0.21920466	0.47067505	-0.123942055	-0.49686167	0.38298652	0.40378395	0.2721232	-0.2650836
-0.077364095	-0.006820639	-0.068254836	0.035543703	-0.018382391	-0.16097859	0.023813197	0.17320117	-0.00023177503	0.010921247	0.1697054	0.042695712	0.12749974	-0.06500377	0.12699957	0.13785382	-0.033217393	-0.11643673	-0.034630444	0.095319405	-0.0103166895	-0.030533036	0.006367953	0.02944003	0.107722834	-0.018679118	-0.06746473	-0.010981826	-0.027567305	0.088256106	-0.14048734	-0.07505254	0.12682708	-0.019126693	0.116022505	-0.21243386	0.012474771	-0.024571246	0.06766386	-0.056648947	-0.06678111	-0.017974459	-0.019664664	0.101541944	-0.012987839	0.12918766	0.103294216	0.14380673	0.10173092	-0.11882111	0.03582548	-0.09727331	-0.05106889	0.012755953	-0.14893167	0.049268737	-0.11200246	-0.16027668	-0.056784485	0.103996016	0.015957287	-0.19766994	0.00022384242	0.10575254
-0.45568895	-0.33235872	-0.3931864	0.10625848	-0.27771962	-0.2546338	-0.18356855	0.25571194	0.043486536	0.32161343	0.3281997	0.26496524	0.34828022	-0.31446397	0.33269244	0.26285535	0.17203529	-0.06458715	-0.15059195	0.28720376	0.07359054	0.043906927	-0.15979466	0.28454018	0.2723054	-0.0527999	-0.28752157	0.3193984	-0.40576208	0.34986588	-0.2835697	-0.2690572	0.09107728	0.02621641	0.44453844	-0.13666263	0.29286027	-0.057367727	0.015194055	-0.36767876	-0.25552928	-0.21891277	0.2611537	0.24637851	-0.25357425	0.38967043	0.43206918	0.27333903	0.4151832	-0.22507663	0.17475264	-0.25181687	-0.19467689	0.22121067	-0.25861946	0.2040873	-0.12801184	-0.12169898	-0.3041151	0.30619296	0.41181633	-0.09445766	0.30683333	-0.20561922
0.12529258	0.047244553	0.10267483	-0.0142009845	0.20864372	0.19634709	0.044508487	-0.08215115	-0.15947093	-0.16824128	-0.25851446	-0.13368206	-0.05137562	0.14471084	-0.114636585	0.15648818	-0.102432	0.01820199	0.040143277	-0.1821383	0.027869813	-0.007781377	-0.02011752	0.024055924	-0.00085312675	0.11335477	0.13495022	-0.045412477	0.05632597	-0.0893499	0.14444184	0.1695515	-0.15987946	0.0036154285	-0.16061823	0.08916203	-0.08074734	-0.19698173	0.016284602	0.0755324	0.25005952	-0.036312267	0.02121395	0.082535036	0.14720811	-0.11224043	-0.104295634	-0.1224812	-0.08895469	0.20058042	-0.03616252	0.039935507	0.1547608	0.070639074	0.2117086	-0.13479285	0.070022635	0.050233454	0.19437343	-0.21311262	-0.07785684	0.004317238	-0.10571153	-0.015217685
0.62942785	-0.0870741	-0.10551085	-0.35262403	0.47389728	-0.113679394	0.4724304	0.2965671	0.18514471	-0.5070083	-0.3244293	-0.5089181	-0.018071305	0.31620952	0.074251324	0.055275247	-0.5427988	-0.48340458	0.58650166	-0.47238463	0.33378288	0.26463816	0.53088	-0.4563167	0.34785786	-0.27071968	0.5553961	0.084700264	0.13085182	0.27677625	0.23995472	0.36347765	0.20629933	0.39631328	-0.3856216	0.13817093	-0.5188051	0.052603528	0.48143208	0.5430003	0.44991976	0.4424303	0.31237492	-0.10644188	0.4801871	-0.46915787	-0.53077155	-0.32973152	-0.5936375	0.53326946	0.33708957	0.25641206	0.43618965	-0.3835198	0.12291314	-0.028768692	0.25222984	-0.39345402	0.4829985	0.059183866	-0.52207	-0.46469796	-0.49628204	-0.08996235
-0.46271798	-0.0043125683	0.05189842	0.25894627	-0.24997231	0.0792168	-0.20899898	-0.16811727	-0.14515701	0.4255284	0.07736554	0.4026787	0.043005094	-0.16489626	-0.0746362	0.01771267	0.38647395	0.21185191	-0.46444237	0.09736139	-0.28297183	-0.18632066	-0.37716246	0.16998847	-0.18884102	0.29951772	-0.43103647	-0.019791782	-0.16429411	-0.13815485	-0.072657146	-0.061627615	-0.0706243	-0.339029	0.24005766	0.08161125	0.47632545	-0.10833844	-0.34749335	-0.4259536	-0.15450574	-0.27071878	-0.19169258	0.02928556	-0.31712472	0.21558365	0.46937594	-0.056187984	0.23390311	-0.2327091	-0.16276819	-0.23647074	-0.18588634	0.24667859	-0.078366764	-0.06229201	-0.11030236	0.23625495	-0.31667978	-0.11319501	0.44029403	0.20404316	0.24523012	-0.11875011
-0.028479103	-0.49321014	-0.5572248	-0.30719537	0.020304767	-0.22828318	0.13490923	0.3053985	0.31307694	-0.075068414	0.047705386	-0.04492272	0.3721854	0.3068429	0.4915313	-0.087249026	-0.10938692	-0.13334323	0.15134533	-0.060413454	0.0498422	0.4475154	0.118911125	0.03166342	0.3726604	-0.26965204	0.076922745	0.47177792	-0.4949475	0.34169072	-0.17674395	-0.09970688	0.18567201	0.26025724	0.14718312	0.18425956	-0.18251134	-0.0123294685	0.24375391	0.105854355	0.08396385	0.030055689	0.42729437	-0.02422356	0.2336261	-0.12516999	-0.10083706	-0.12485838	0.034249134	0.06444183	0.42054284	-0.37163427	0.19667694	0.016514078	-0.20773079	0.27304837	0.30338743	-0.28173023	-0.022737551	0.30235606	-0.04667409	-0.16904582	0.119124174	-0.34151047
-0.40021023	-0.42444173	-0.42505506	0.29217628	-0.23314707	-0.5303366	0.06840682	0.66277355	0.047626246	0.39643067	0.54042375	0.16561368	0.6144344	-0.58008933	0.5547401	0.5864217	0.023521205	-0.632888	0.038018566	0.47638473	0.43416423	-0.051512595	0.20029567	0.4901366	0.6058184	-0.031735305	-0.34036097	0.3610158	-0.101047896	0.5315563	-0.42898494	-0.45904875	0.49047208	0.30115393	0.49754435	-0.63485354	0.33948147	-0.08999873	0.4931979	-0.36504105	-0.48442984	-0.35592872	0.4611868	0.5797128	-0.27114144	0.6442159	0.40846726	0.6042692	0.60942596	-0.24963413	0.3323053	-0.1115179	-0.3147192	0.36461815	-0.53137016	0.40309682	-0.43531036	-0.6173114	-0.2860345	0.60424674	0.3308136	-0.62902457	0.41486725	-0.06928875
-0.11773409	0.28769577	0.33089632	0.34483355	-0.1522899	0.12882915	0.14306457	-0.25053948	-0.011556214	0.15977648	0.103618406	0.13630219	-0.19781955	-0.34272036	-0.3088698	-0.11509645	0.15019454	0.10546283	-0.18432836	0.13584329	-0.15592186	-0.31340316	-0.03397008	-0.17257044	-0.2341298	0.18091041	-0.20776746	-0.3233287	0.057036765	-0.28174347	-0.055253737	-0.10157463	0.01771743	-0.37222388	0.09642727	-0.2732717	0.21719156	0.10731869	-0.26037836	-0.11069594	-0.22617687	0.03391295	-0.33035547	-0.1775924	-0.20335199	0.09296231	0.124266095	0.004976658	-0.16727135	-0.20362692	-0.29794943	0.05901202	-0.22569117	-0.13897827	-0.00040781434	0.0037326398	-0.30910695	0.25131306	-0.14736174	-0.18029585	0.1919156	0.18893379	-0.1200682	0.20018244
-0.0025216276	-0.09090338	-0.12485068	-0.038801298	-0.058955546	-0.21708448	0.20871148	0.21807444	0.21359521	-0.013125671	0.21618034	0.01679744	-0.024294723	0.0093936315	0.080903225	-0.07695709	-0.025459034	-0.17099018	0.091587946	0.1230602	-0.06770547	0.048639983	0.16581789	-0.18131003	0.06609119	-0.22777013	0.0016283005	0.06932596	-0.17576069	0.14432439	-0.20806614	-0.16382536	0.2387783	0.089461654	0.20142156	-0.12150052	-0.051268246	0.20066251	0.023747891	0.05524166	-0.10561508	0.16818377	0.06083097	-0.15109716	-0.047851972	-0.09152134	-0.004864281	-0.04527957	-0.076539606	-0.07569653	0.06545871	-0.032906402	-0.047395155	-0.21950994	-0.28005287	0.21208315	-0.0013140179	-0.10224448	-0.144586	0.25286767	-0.034882315	-0.0958569	-0.07154968	0.08231992
-0.35921246	-0.07870608	-0.11109212	0.2628149	-0.24785773	-0.13947311	-0.07592609	0.12460696	-0.0197341	0.37635863	0.22339545	0.31189033	0.09318693	-0.24292865	0.10444445	0.108215086	0.255679	-0.0604722	-0.19142486	0.27212727	-0.11240324	-0.11930712	-0.14737278	0.13840006	0.034980837	0.052349523	-0.30745474	-0.0033052387	-0.1602761	0.12983082	-0.16079302	-0.18736473	0.035316307	-0.13817908	0.31316236	-0.16532287	0.36276695	0.01160251	-0.11106095	-0.35833347	-0.24222223	-0.092974655	-0.06112037	-0.008755292	-0.2896349	0.27666116	0.33989677	0.19466367	0.23275171	-0.22876054	-0.10944801	-0.16799001	-0.129518	0.09407644	-0.23996967	0.1765249	-0.14628986	0.006616587	-0.2200379	0.20547512	0.3093907	-0.051755786	0.19199969	-0.02022956
-0.018000284	-0.13485101	-0.13433084	0.012568877	-0.080531254	-0.10885288	0.028272344	0.13461334	0.06277892	0.025836546	0.10715424	0.023284111	0.09344448	-0.051150374	0.11849993	0.038545	-0.02016113	-0.09571278	-0.017409792	0.06891194	-0.06701014	0.08598554	0.05668502	0.056199044	0.1311937	-0.028203066	-0.017109422	0.14354596	-0.16221996	0.1495256	-0.1614966	-0.075524315	0.17768507	0.049319386	0.17668204	-0.111152515	-0.023947509	-0.013984462	0.007594339	-0.050842013	-0.024887191	0.039690055	0.0895723	-0.04348252	-0.04067348	-0.015494719	0.10025262	0.107022524	0.070320696	-0.01007698	0.07590195	-0.115708105	0.0213664	-0.0100216735	-0.18753564	0.09607	0.003079149	-0.09917477	-0.13494188	0.1373304	0.037512008	-0.10926363	0.026146239	-0.081261314
-0.18255143	0.08085369	0.02083484	0.248794	-0.15120797	-0.10407204	0.018465424	0.060151093	0.08918203	0.15091182	0.15438648	0.18744075	-0.041819893	-0.21989943	-0.025646528	-0.000148886	0.17993908	-0.040107805	-0.08924031	0.22764005	-0.042248875	-0.15314494	-0.07984067	-0.027226917	-0.008308411	0.09232199	-0.21618754	-0.11297238	-0.07218067	0.044195063	-0.16778186	-0.13381664	0.15445855	-0.15520734	0.15889713	-0.24698511	0.20467173	0.09591814	-0.14630452	-0.12287131	-0.20493789	0.037682902	-0.06380183	-0.07462893	-0.16999662	0.17921785	0.22837955	0.12852712	0.09902281	-0.18788996	-0.12588218	-0.029392118	-0.13695338	-0.047905087	-0.18811856	0.107240774	-0.2724821	0.048010353	-0.17343816	0.08830711	0.13227928	-0.007557264	0.07258041	0.11070456
0.18553708	0.0072217486	-0.10374733	-0.13179867	0.031166382	-0.05161498	0.24546887	0.031687614	0.2315709	-0.22584444	-0.05437281	-0.15668891	-0.14407992	0.1936923	-0.088735975	-0.14137447	-0.17170604	-0.13869534	0.2326418	-0.12440983	-0.06521951	0.11474107	0.18323788	-0.27122134	0.00010360051	-0.21987283	0.15409867	0.074086696	-0.108424686	0.0670769	-0.017730024	-0.02064718	0.19527254	0.118173875	-0.033860046	0.0357419	-0.23430054	0.21478406	0.15388738	0.21362014	0.113004565	0.17213562	0.046891093	-0.27209023	0.111491404	-0.31369564	-0.19107135	-0.20382383	-0.3302226	0.090257704	0.029574562	-0.0094523495	0.039219912	-0.20010121	-0.09368322	0.12243644	0.17697515	-0.06951976	0.01859568	0.06533354	-0.16019122	-0.116315775	-0.19218637	0.055168275
-0.39322197	-0.42074564	-0.4287442	0.30309653	-0.34651163	-0.38615733	0.059182018	0.43674693	0.24399284	0.4053427	0.45254642	0.24626446	0.4731881	-0.46442917	0.53392375	0.40628478	-0.06304551	-0.5126031	0.13408005	0.44523516	0.39368153	0.008740316	0.26903185	0.40753266	0.4603933	-0.23291667	-0.34296975	0.40331298	-0.29928222	0.3889796	-0.46489853	-0.48629913	0.41652986	0.27121055	0.46060812	-0.46300194	0.33067954	0.02253111	0.4542797	-0.34626776	-0.5099489	-0.18230402	0.3884621	0.3751725	-0.30624357	0.47805646	0.3681138	0.44180658	0.48737705	-0.33551806	0.37169817	-0.15163407	-0.3856125	0.2823111	-0.43699396	0.3934829	-0.35822183	-0.5650604	-0.31672862	0.40711963	0.33986455	-0.43814778	0.43909958	-0.09086953
-0.5094201	-0.43321508	-0.35077122	0.25427336	-0.36772782	-0.23997313	-0.21716318	0.2618136	-0.1168409	0.3816736	0.26951942	0.413235	0.4467546	-0.30877706	0.3941939	0.38666922	0.30250055	-0.16939847	-0.24272735	0.26591146	0.10780578	0.026192732	-0.18799782	0.4476281	0.29788142	0.14957546	-0.37378722	0.41969582	-0.3632547	0.2506534	-0.2389219	-0.24602608	0.0911654	-0.0031646804	0.31613863	-0.12831871	0.44450092	-0.1351542	-0.08414224	-0.4102682	-0.2906969	-0.36569405	0.33109182	0.48554245	-0.35389075	0.37301338	0.47869468	0.33696213	0.52532053	-0.28551385	0.23991528	-0.28500983	-0.22436832	0.3635609	-0.19952011	0.1558434	-0.09557175	-0.17002508	-0.36692387	0.28830954	0.4248324	-0.17661612	0.40428334	-0.18812515
-0.10308445	-0.023671571	-0.122234315	-0.070448734	-0.27657604	0.0027872035	-0.050263457	-0.14350952	0.3932391	0.06486289	0.033749234	0.19178952	-0.2154118	0.17527616	-0.11371961	-0.4389047	0.15843445	0.20258951	-0.040182628	0.14345407	-0.2587711	-0.03291519	-0.0532171	-0.26321563	-0.19440287	-0.14426395	-0.14868686	0.032326564	-0.36965704	-0.05261025	-0.24887358	-0.19114591	0.17825276	-0.10862488	0.23907395	0.11318782	0.019382099	0.30342165	-0.23464634	-0.049023397	-0.09381421	0.10703335	-0.06748603	-0.35057467	-0.10198144	-0.38795885	0.094967805	-0.32015952	-0.23461641	-0.27197412	-0.08559695	-0.19607937	-0.11838284	-0.21137828	-0.16580693	0.28985876	0.13454689	0.16758375	-0.24924485	0.08361444	0.10725894	0.17627136	-0.059104092	-0.029773971
-0.3960947	-0.29065955	-0.19193694	0.2653528	-0.18114223	-0.25636047	-0.06815867	0.33377913	-0.10484907	0.3445304	0.32894292	0.2332392	0.33994788	-0.39694148	0.39312235	0.3845636	0.1432954	-0.22435883	-0.17434832	0.32493365	0.2109929	-0.12584344	-0.07319567	0.37702063	0.3733995	0.07633338	-0.33198202	0.21759745	-0.085167065	0.33333033	-0.23227623	-0.2614038	0.08902567	0.045952417	0.26582915	-0.25422844	0.38341147	-0.15734464	0.029607786	-0.31804234	-0.31690496	-0.27820492	0.2124986	0.42080325	-0.26681033	0.425834	0.341026	0.40371847	0.45787635	-0.18687257	0.077386566	-0.12160309	-0.24083403	0.26962277	-0.19819266	0.15000305	-0.3428437	-0.2745451	-0.26603773	0.24814184	0.33284384	-0.25039494	0.32110003	-0.046539456
-0.6602896	-0.20940468	-0.39382884	0.3597057	-0.4753311	-0.53759545	-0.08937755	0.46706095	0.29794395	0.60269445	0.6276223	0.3876403	0.27620474	-0.6461595	0.3080318	0.15549603	0.21924241	-0.32208598	-0.24577868	0.69126016	0.021680074	-0.1851733	-0.070450306	0.16347358	0.30135885	-0.019048711	-0.54272383	0.26569903	-0.5935091	0.32084426	-0.64489543	-0.5998057	0.5179706	0.05187459	0.68220866	-0.57529557	0.5356208	0.16281119	-0.013727475	-0.57532555	-0.621686	-0.06076599	0.108702235	0.06815828	-0.40964794	0.62324744	0.6125214	0.55891246	0.5072775	-0.47075075	0.0004499494	-0.34324795	-0.46163633	0.058282424	-0.5745952	0.5139307	-0.5008519	-0.26180154	-0.46317893	0.63124907	0.5210178	-0.2564201	0.41019288	0.107478835
0.03793117	-0.23444568	-0.2450755	-0.07222207	-0.028399397	-0.27610183	0.17796662	0.28024587	0.122763045	-0.074754626	0.16455097	-0.10169094	0.21982345	0.04714501	0.2784323	0.15311383	-0.09177438	-0.253767	0.11187097	0.16524826	0.1164899	0.112578124	0.16928053	-0.017581834	0.32132098	-0.11466258	0.051582586	0.21216209	-0.11676434	0.2664963	-0.181351	-0.11909176	0.20730177	0.2163672	0.07684007	-0.14144146	-0.07529898	0.07247884	0.2596734	-0.003734828	-0.107764505	0.06396373	0.28295773	0.13567494	0.1012065	0.054898664	-0.03116145	0.088226035	0.050444946	-0.018638236	0.26522475	-0.097885326	0.015276999	-0.0063403356	-0.23576158	0.15383074	0.044282213	-0.31257424	0.0064945174	0.30372518	-0.063384004	-0.3002277	-0.007190731	-0.13023642
0.54955107	0.38549945	0.46433735	0.1815419	0.4831041	0.47244558	0.5007444	-0.21617807	-0.4086208	-0.37048933	-0.48084286	-0.39588186	-0.4425299	-0.18219778	-0.42487437	0.33464795	-0.39159414	-0.308813	0.31785467	-0.40231365	0.28082284	-0.32671598	0.49024308	-0.34769306	-0.22794859	0.21378118	0.3151454	-0.46935895	0.50980705	-0.31639647	0.37953332	0.47074443	-0.26917773	-0.043029744	-0.4673369	-0.32491216	-0.19499364	-0.2132596	0.33004498	0.41113892	0.3880211	0.19706194	-0.2520787	0.20813061	0.28482673	-0.033470426	-0.38674703	0.003489073	-0.44874316	0.41999748	-0.24913895	0.42134044	0.21294002	-0.03879987	0.36836824	-0.39690918	-0.3297165	-0.05568141	0.3599896	-0.49182877	-0.42384323	-0.26161736	-0.5601005	0.42474315
0.08982453	-0.03026004	-0.07511285	-0.047246475	0.10692426	-0.13851096	0.25068393	0.19821727	-0.037081018	-0.039885458	0.02016395	-0.19907472	0.085556075	-0.08289738	0.13063754	0.25501862	-0.19619	-0.2877595	0.23722884	-0.021385128	0.17938223	0.08720347	0.2816546	0.04449983	0.24973646	-0.11876688	0.1120446	0.015915258	0.14674836	0.16868752	-0.025845988	0.04705125	0.09590544	0.18279986	-0.01830497	-0.20707056	-0.11902143	-0.09218997	0.30461195	0.11306799	0.05944682	0.05374526	0.1683176	0.16450877	0.11561157	0.1570174	-0.05170052	0.15547498	0.022736426	0.16714044	0.14532289	0.073052615	0.008355775	0.038030878	0.013596962	-0.064651124	-0.062379807	-0.2994883	0.09120571	0.07410516	-0.07095076	-0.293273	-0.13335167	0.047311228
-0.36018	-0.56730664	-0.39470664	-0.35879782	-0.01611754	0.2985127	-0.3844485	-0.20362352	-0.32778153	0.25774816	-0.32940796	0.27718145	0.51073754	0.47546768	0.58574224	0.20507732	0.34716418	0.3052361	-0.3658699	-0.39266273	-0.16209199	0.5225381	-0.43188733	0.48912886	-0.07768688	0.042320874	-0.10914681	0.52184665	-0.44889513	0.083791986	0.25990954	0.31914967	-0.32824355	-0.04685832	0.189901	0.45719954	0.2667594	-0.4392612	-0.25746897	-0.2926737	0.49901545	-0.38870227	0.54302067	0.42424685	0.07522011	0.02767384	0.34826398	-0.43460897	0.41567114	0.29563108	0.39769953	-0.4348281	0.5115721	0.42787093	0.30821207	-0.24788414	0.61550766	0.31872523	-0.037614018	-0.1837892	0.2947205	0.3437847	0.424316	-0.55291855
-0.022486398	-0.08325978	-0.07888542	-0.045785874	-0.01878624	0.0065095215	0.07175062	-0.017608471	0.02234262	0.011818703	0.04005701	0.033901393	0.040659525	-0.014680078	0.0268926	0.067929536	0.024052808	0.03551415	0.0028608683	-0.023446828	-0.08309755	0.012104953	-0.070627525	0.047327403	0.077340215	-0.08606818	0.0030452262	0.08071955	-0.10626791	0.11641793	-0.0022754162	0.018970773	0.011135842	0.13229033	0.07684229	0.058046155	0.03233961	-0.009720397	0.060057003	-0.09437073	0.057258	-0.01679324	0.11999826	0.014135566	-0.013444934	0.023432339	0.0838832	-0.07693901	0.022901954	0.020076718	0.039550643	-0.12918064	0.028019747	0.05634992	-0.044601437	0.049649704	0.07113975	-0.03075745	-0.07683187	0.03487596	0.021197595	-0.031105673	0.059024237	-0.079164594
-0.22519317	0.046879187	0.018455954	0.05705249	-0.23179175	0.023779564	0.037505567	-0.13717349	0.18159032	0.17305535	0.06505785	0.2158509	-0.11238621	-0.0025441141	-0.13384154	-0.2361414	0.22339089	0.17115438	-0.1785521	0.06997944	-0.22386152	-0.06625013	-0.18239494	-0.10320737	-0.18830952	-0.04190299	-0.2089989	-0.07864875	-0.33802316	-0.16179982	-0.098747574	-0.12118179	0.112454385	-0.15655594	0.1942298	-0.014868126	0.15094629	0.06493542	-0.2597813	-0.25124592	-0.07339275	-0.03605776	-0.098901555	-0.1721765	-0.13221522	-0.079318486	0.174717	-0.25343412	-0.085292935	-0.1891203	-0.12392744	-0.28158268	-0.13760076	-0.06095108	-0.07735103	0.13237496	-0.005472179	0.2614163	-0.1382237	0.013233799	0.16709782	0.15096067	0.013373211	0.06455275
-0.1757923	0.30472875	0.3798276	0.31824967	-0.26282415	0.15734614	0.021117711	-0.31461543	0.15560573	0.28394023	0.10243652	0.21161142	-0.3307419	-0.26197764	-0.40709922	-0.27422425	0.33329126	0.27190435	-0.23284948	0.15618342	-0.24946602	-0.36024946	-0.104305044	-0.22925018	-0.36342067	0.26952502	-0.29220754	-0.37902662	0.018902479	-0.33726138	-0.12922691	-0.09668285	0.13777561	-0.39235517	0.09133616	-0.21526068	0.32768804	0.27905464	-0.3495966	-0.23596098	-0.30345574	0.14313069	-0.33804187	-0.30078796	-0.34303337	-0.09344451	0.15402414	-0.1052512	-0.23551849	-0.32101035	-0.40922523	0.057366375	-0.27168694	-0.18629584	-0.12121239	0.11687553	-0.35513163	0.40493557	-0.22194143	-0.20265655	0.22655314	0.25933704	-0.14054017	0.2202696
0.23891275	-0.16121875	-0.21138933	-0.27384526	0.09484458	-0.114242226	0.32551056	0.20785454	0.41785866	-0.3098998	0.0045448393	-0.18775609	-0.12938824	0.21701474	0.050756916	-0.19424915	-0.27176234	-0.2678074	0.36093292	-0.086452104	-0.023896895	0.22161242	0.3978923	-0.2972964	0.1579619	-0.3543883	0.20856003	0.10489668	-0.18790111	0.16945031	-0.09994734	0.029648965	0.2794374	0.21392757	-0.024770524	0.061556805	-0.25300962	0.32949054	0.2825986	0.21907781	0.16072457	0.2985833	0.19901575	-0.2778709	0.25037783	-0.2845406	-0.21805242	-0.17523633	-0.2725997	0.12768385	0.16484037	0.002507312	0.15764983	-0.32329604	-0.0850159	0.25632367	0.25433272	-0.27197808	0.11247683	0.15365544	-0.25293303	-0.2427233	-0.27138776	-0.08266281
0.08348612	-0.16096	-0.03736848	-0.06883679	0.15877298	-0.0046387976	0.06781673	0.022758974	-0.059700325	-0.09576676	-0.09358389	-0.057458006	0.08751097	0.050535753	0.095058106	0.20118538	-0.072668545	-0.056837764	0.033817824	-0.07232402	0.068453334	0.0915579	0.058259353	0.059086617	0.14456666	-0.08609614	0.107578166	0.09767013	0.03482509	0.10103388	0.07752613	0.1454686	-0.05327946	0.12281492	-0.06988534	0.054731593	-0.054595005	-0.11156222	0.09285597	0.04461526	0.14755176	-0.07257777	0.15177327	0.21188919	0.15380187	-0.04767197	-0.044077847	-0.084297955	0.067730635	0.15252702	0.13760103	-0.06579709	0.17258064	0.12144702	0.046224147	-0.10095204	0.12840624	-0.10609574	0.077374615	-0.024319459	-0.07402443	-0.04725295	-0.033964	-0.15183716
-0.009074324	-0.09014747	-0.03730438	0.068812825	0.08735719	-0.07067123	0.11896086	0.14028485	-0.119685605	0.074339524	0.057432152	-0.07001324	0.20293365	-0.1122115	0.09423756	0.28077587	-0.007360457	-0.19139002	0.004017161	0.09448915	0.1344418	-0.0011549667	0.06157606	0.08993459	0.19975622	-0.018037546	0.032795515	-0.0070234095	0.06563459	0.14763409	-0.0761478	-0.010838546	0.032535624	0.07541895	0.059575394	-0.09050089	0.014720014	-0.11000389	0.12999178	-0.018546363	-0.022705324	-0.13403304	0.13942862	0.29398745	0.0022046932	0.17062806	0.03680185	0.11401592	0.17192599	0.09966729	0.0062656053	0.060077514	0.027382402	0.15450631	-0.03049007	-0.0077624144	-0.06773299	-0.1473451	-0.0008367195	0.010937074	0.029064953	-0.17814277	0.0026350627	-0.026436297
-0.07665766	-0.053349096	0.014894295	0.029420203	0.038634703	-0.005674052	-0.0029317983	0.05178549	-0.10402221	0.012746905	0.043877378	-0.022360342	0.13988936	-0.06960776	0.13749191	0.24805026	0.06259263	-0.04856759	-0.069316626	0.030335601	0.08678986	-0.030792044	-0.005201559	0.13914585	0.13455331	0.0021699076	-0.011954894	0.05631185	0.045974582	0.08769975	0.0011518379	0.04862217	-0.060374256	0.027752077	0.0026229357	0.014203631	0.027778558	-0.15445225	0.051840704	-0.056541994	0.030647535	-0.110013716	0.14419192	0.18885817	0.07227921	0.10291847	0.11355917	0.050098576	0.15830308	0.12525356	0.09201505	0.009643392	0.051501375	0.18762593	-0.010179115	-0.064715914	-0.035314813	-0.037470993	0.02700361	0.056454208	0.07100505	-0.02397623	0.10853972	-0.073868304
0.039754104	0.29859927	0.28380316	0.1723684	-0.076014735	0.020844812	0.38292137	-0.15598512	0.29195535	-0.000331472	0.17526758	0.02551203	-0.40057683	-0.25049913	-0.3821331	-0.24706891	-0.04370124	-0.10874572	0.15935926	0.18466423	-0.16406812	-0.23523228	0.21256442	-0.4806687	-0.22806174	-0.05975863	-0.0996427	-0.3579287	-0.025234113	-0.24208729	-0.2084226	-0.2043358	0.2898947	-0.14465688	0.067245975	-0.413649	-0.00024998846	0.48341447	-0.023084365	0.08411072	-0.19716403	0.463265	-0.29214677	-0.38294777	-0.13880557	-0.2524897	-0.07235724	-0.1702425	-0.4827388	-0.14835647	-0.25398389	0.14480862	-0.21356949	-0.46537465	-0.18666163	0.19964293	-0.32427368	0.10631914	-0.14176011	0.08939622	0.02838008	-0.006597207	-0.44509745	0.37030038
0.1143665	-0.45975354	-0.45645037	-0.25879914	0.021655152	-0.41842988	0.18364164	0.44113243	0.49383873	-0.107892424	0.19876577	-0.10473622	0.32600018	0.14917837	0.43521374	0.0562005	-0.29193977	-0.33662868	0.29401776	0.09366679	0.2818068	0.33877993	0.3652741	-0.053221222	0.48551184	-0.41244525	0.11510693	0.46219635	-0.3759674	0.4068773	-0.2568749	-0.18668143	0.39047346	0.3256507	0.11755711	-0.08311471	-0.2503097	0.20861574	0.40586475	0.1584711	-0.01420119	0.27934146	0.50331616	-0.08706088	0.15673272	-0.036536142	-0.08283658	0.09137064	0.074688666	0.09249944	0.36566812	-0.061223432	0.071332276	-0.23995017	-0.251149	0.4097426	0.16847171	-0.40922683	0.005050222	0.4432121	-0.098753095	-0.40568238	0.033807203	-0.16396092
0.16084322	0.060011823	0.072250746	0.05663272	0.10413511	-0.03914919	0.22981207	0.14924812	-0.023143264	-0.10724282	-0.03599883	-0.20732532	0.014142961	-0.063886635	0.04010037	0.22233908	-0.13667542	-0.23041132	0.16283496	-0.044240884	0.13878258	-0.0014532628	0.29497662	-0.047630493	0.08045853	-0.028696673	0.13459699	-0.061982144	0.1591106	0.0078835515	0.03332184	0.05079914	0.019156152	0.06728986	-0.15223226	-0.1495764	-0.07845527	-0.05077884	0.21499564	0.11873717	0.041753717	0.17021653	-0.011136689	0.13845854	0.09501429	-0.00374113	-0.11633686	0.1125092	-0.11994666	0.14712477	0.024979938	0.19178247	0.09124035	-0.13712983	0.061367683	-0.0451788	-0.06840003	-0.20832752	0.08611222	-0.021786666	-0.11138418	-0.23114693	-0.1752443	0.0869859
-0.04205876	-0.06170471	-0.16224581	0.06283026	-0.07079403	-0.23717095	0.15964352	0.3618044	0.20481728	-0.00028399908	0.19431822	-0.019143414	0.08390054	-0.15229708	0.16278723	0.1394965	-0.11192886	-0.23971857	0.15434274	0.17888817	0.11113935	-0.04283429	0.1823849	-0.083429195	0.19544138	-0.1461627	-0.0694763	0.102202244	-0.07355743	0.20292577	-0.2540547	-0.17516552	0.24446374	0.1244311	0.17672995	-0.24983962	-0.05704125	0.13121986	0.2700022	0.049925234	-0.16439526	0.13585916	0.12793583	-0.019124784	-0.0052709114	0.14712958	0.013408465	0.24182619	0.019524131	-0.039814774	0.11589059	0.052739035	-0.101065025	-0.06606713	-0.21562584	0.24236882	-0.10017546	-0.3166815	-0.11103457	0.21882859	-0.04256628	-0.27650803	-0.040985826	0.08741615
-0.1476921	-0.0067507117	0.0514037	-0.07816645	-0.09911594	0.18334551	-0.05136837	-0.19859976	0.047613993	0.076824404	-0.103268765	0.1587615	-0.10414487	0.20341738	-0.16187298	-0.2382633	0.21661124	0.21348736	-0.15544845	-0.06774777	-0.23630862	0.05484249	-0.15339297	-0.035693556	-0.21084969	0.028020205	-0.117638126	-0.04415956	-0.30866438	-0.16007929	-0.01970462	0.06369423	0.0011373636	-0.08850308	0.03263427	0.2076917	0.06681529	-0.0025716093	-0.22142358	-0.061736673	0.030471845	-0.046866134	-0.063139446	-0.10793677	-0.09477929	-0.31667885	0.047188085	-0.3187615	-0.1056226	-0.06268844	-0.094746955	-0.23484069	0.055518836	0.032404967	0.03211704	0.0017496026	0.2422588	0.23757048	-0.0797226	-0.13584769	0.16126175	0.1918974	0.026714854	-0.1181268
-0.0359517	-0.08873749	-0.09756119	0.0011740031	-0.028443096	-0.05562109	0.0057517956	0.090252146	-0.0021733635	-0.03651404	0.07392093	0.018259892	0.025531787	-0.003933538	0.07214484	0.06467664	0.0272946	-0.113796495	0.016516615	0.07590261	0.073133476	0.042967353	0.048415624	0.08848619	0.14090443	-0.056229595	0.03686075	0.029115964	-0.051646862	0.12918994	0.0008917611	-0.056472484	0.061637737	0.009005071	0.057800546	-0.032598015	0.025116391	-0.05125421	0.0106422985	-0.000529454	0.00042254856	0.0025786369	0.03640657	0.04588808	-0.014478095	0.0629662	-0.020165412	0.10824722	0.061970595	-0.024993055	0.08867509	-0.083849	0.012054205	0.012354498	-0.004144179	0.05274965	0.03985848	-0.03176091	0.009981925	0.0730408	-0.026243892	-0.04741227	0.060218427	-0.021892091
-0.2908158	-0.0052328994	-0.013345755	0.27683556	-0.1944452	-0.16073819	-0.09353163	0.08289928	-0.030551007	0.35614362	0.21520925	0.23073663	0.030335346	-0.38574094	0.030489057	0.20684221	0.27156737	0.010453277	-0.22579525	0.23580368	-0.06079312	-0.21232976	-0.15199383	0.13317111	0.040447935	0.10426183	-0.35780722	-0.019544726	-0.03631719	0.058479697	-0.22952293	-0.18039674	0.08201887	-0.0965341	0.20045093	-0.22503331	0.3036897	0.0061637275	-0.15585911	-0.23885326	-0.30113047	-0.109025456	-0.15354763	0.09318768	-0.30577347	0.27490455	0.30127445	0.24956855	0.216947	-0.21514346	-0.14635216	-0.029443491	-0.27148616	0.075800724	-0.20103928	0.08438357	-0.32812947	-0.04177273	-0.2439365	0.117720425	0.25189602	-0.085782364	0.16152361	0.07004377
0.23269242	0.008032784	-0.025611617	-0.11479593	0.14878164	0.017346432	0.16505495	0.06827718	0.05488973	-0.17375526	-0.12129419	-0.18272768	-0.1469233	0.08853206	-0.038808737	0.004155424	-0.20765467	-0.1870461	0.17424126	-0.11369583	-0.0122099435	0.06554714	0.23244841	-0.22883877	0.079432406	-0.11352254	0.13981318	-0.055812202	0.033311907	0.06305457	0.01003281	0.03589899	0.12347224	0.07725213	-0.11032807	-0.053633332	-0.18460001	0.11206459	0.10007834	0.17345846	0.11295681	0.14658707	0.024978163	-0.122322805	0.12630133	-0.22087042	-0.18705364	-0.1379308	-0.22375293	0.12893933	0.101027586	0.10042583	0.045296676	-0.17426355	0.047849078	0.03659148	0.11316738	-0.10304904	0.10684524	-0.026693279	-0.2136128	-0.16677502	-0.22445232	0.02499687
0.19440448	-0.38835582	-0.42454764	-0.313297	0.18348138	-0.32204625	0.29118174	0.39899898	0.30013958	-0.18629389	0.030394858	-0.18674599	0.2408243	0.1862296	0.32840326	0.027580837	-0.27922133	-0.32026017	0.28778982	-0.068785615	0.072518095	0.27731103	0.26292065	-0.20519015	0.31201854	-0.29418522	0.22150588	0.36702743	-0.28408873	0.40188605	-0.123545334	-0.05381976	0.39317706	0.32353994	0.008389389	0.12416911	-0.26423228	0.14194265	0.33048397	0.23917638	0.12569427	0.25287503	0.4059011	-0.0829618	0.25107348	-0.1548165	-0.23872802	-0.1346112	-0.08408526	0.15901805	0.29748422	-0.18061501	0.24583663	-0.19739467	-0.24948213	0.24186356	0.27603033	-0.3887714	0.11467033	0.28671062	-0.17524768	-0.3010651	-0.11791072	-0.3326452
0.13139623	0.15816	0.19018371	0.15734142	0.18818061	0.14835432	0.16800731	-0.062049124	-0.2970762	-0.080155276	-0.19426443	-0.13580735	-0.031643342	-0.12231797	-0.18383454	0.36213183	-0.13831453	-0.11519794	0.060956445	-0.14071132	0.21825643	-0.16786322	0.15801442	0.04551172	-0.011183442	0.09657738	0.13010429	-0.16777174	0.25283206	-0.14420462	0.18590516	0.19323485	-0.19957864	-0.036479943	-0.25060362	-0.14680493	-0.089957766	-0.24407275	0.06458277	0.14653963	0.14800175	-0.044476036	-0.111867435	0.29347965	0.09601395	0.036200155	-0.09059178	0.024461646	-0.033999115	0.27568638	-0.14448528	0.21801016	0.11186957	0.046313886	0.19730183	-0.31441763	-0.19710141	-0.009743781	0.18846546	-0.2695317	-0.16154875	-0.1091482	-0.12658714	0.09675011
0.087108605	-0.099878974	-0.22657709	-0.13313566	0.049901582	-0.25124958	0.28388035	0.28485394	0.20504993	-0.12719165	0.044908185	-0.10969423	0.13058323	0.080519766	0.19331625	0.07850748	-0.16923966	-0.3441696	0.25506258	0.0011481135	0.10992721	0.16462262	0.2925899	-0.09247501	0.30314156	-0.15256616	0.13649304	0.17183642	-0.02912993	0.22064953	-0.120603964	-0.07841661	0.2592649	0.20730524	0.011238279	-0.13297108	-0.110016	0.09757914	0.27177572	0.079410486	-0.075698435	0.2573443	0.12773277	0.06805224	0.09076284	0.01651946	-0.14518762	0.051847957	-0.11447236	0.065660425	0.20291254	-0.052397054	0.059640404	-0.2317955	-0.19811845	0.15508652	0.0016023342	-0.34935966	0.043546766	0.19885969	-0.14623989	-0.36771247	-0.12417907	-0.031325627
-0.18297295	-0.0075084292	0.072811574	0.28770307	0.08669809	-0.07995954	-0.16208348	0.08370356	-0.39958027	0.1955628	0.018277194	0.11049036	0.3019072	-0.25677505	0.14916268	0.48303282	0.08576215	-0.09318268	-0.18715005	0.06627549	0.22400439	-0.11956444	-0.12081501	0.45293957	0.13567328	0.22805539	-0.16617464	-0.037475526	0.10518672	0.059908554	0.10112324	0.04409789	-0.14754143	-0.03605994	0.06443563	-0.09255037	0.2457838	-0.38821962	0.04921106	-0.20778027	0.047846776	-0.31091598	0.10749158	0.575338	-0.10429789	0.4206694	0.1710618	0.2493528	0.34019196	0.06624509	0.032864977	0.019358117	-0.008920579	0.3291794	0.07737527	-0.24405797	-0.22820865	-0.0013673777	-0.000107836466	-0.024958093	0.15791467	-0.05034755	0.22158739	-0.032070965
-0.61183715	-0.6336137	-0.57127976	-0.43766162	-0.14069477	0.33632797	-0.41597188	-0.41232252	-0.4495692	0.37934634	-0.40125218	0.5215983	0.4469514	0.5800087	0.57311684	0.11950495	0.4830603	0.43954876	-0.51025945	-0.35579845	-0.31866407	0.6320234	-0.5281197	0.5627926	-0.24211763	0.23024555	-0.38872784	0.6210545	-0.5483958	-0.020157231	0.2586909	0.39101034	-0.5038737	-0.12339509	0.33978644	0.56913614	0.49246848	-0.5094151	-0.51328945	-0.5474011	0.497405	-0.48774198	0.45143968	0.43108436	-0.10276067	0.037710186	0.54905635	-0.57147807	0.57809055	0.116562374	0.46369	-0.5094021	0.48635837	0.48272902	0.34197742	-0.3022477	0.65180427	0.5272592	-0.1919142	-0.35442063	0.43494222	0.43636584	0.5185781	-0.51969486
-0.31128576	-0.2724667	-0.099874586	-0.19300263	-0.10953157	0.26249874	-0.25259438	-0.26647606	-0.1897473	0.1628341	-0.21995462	0.25054294	0.12911566	0.28529784	0.086244084	0.012511351	0.29046085	0.38012758	-0.3819796	-0.1655133	-0.21911114	0.19612932	-0.39591062	0.27337718	-0.22547178	0.11624532	-0.12123724	0.23804462	-0.3210162	-0.11318589	0.16033345	0.17399976	-0.2987839	-0.1379947	0.00039742267	0.37345195	0.15452802	-0.27911633	-0.35431612	-0.22500937	0.23073497	-0.29019514	0.20876409	0.13857065	0.0051435623	-0.106258586	0.30929863	-0.32224694	0.2878346	0.028821133	0.061978962	-0.37005696	0.1514568	0.26184413	0.18439639	-0.21107543	0.38216367	0.31474483	-0.019171037	-0.2641232	0.2604516	0.3744133	0.3002734	-0.371932
0.34347862	0.1478747	0.17097375	0.1868988	0.2825532	0.0565073	0.3237615	0.0282962	-0.14682144	-0.1873778	-0.13138707	-0.280704	-0.1162559	-0.15905315	-0.16407612	0.31848833	-0.32161197	-0.35301667	0.28066033	-0.096071966	0.30543935	-0.16162625	0.37661448	-0.083904624	0.060329482	0.124481335	0.23183471	-0.22991128	0.17504153	-0.04098972	0.12449906	0.14217064	-0.0143694505	0.05046434	-0.2317246	-0.22076276	-0.11378347	-0.12005988	0.2393891	0.2264854	0.19879484	0.07666746	-0.10458228	0.15666167	0.1303336	0.029588174	-0.25910595	0.06572329	-0.13760738	0.29378024	-0.101935886	0.18354933	0.1923698	0.052301057	0.09359775	-0.1245199	-0.23906665	-0.15380962	0.1706743	-0.08983594	-0.30187437	-0.29251322	-0.29033634	0.20884006
0.05301035	0.13895895	0.17234898	0.22101872	0.12493143	0.14320596	0.017465407	-0.05434007	-0.26176924	0.020281358	-0.112499505	-0.061538097	0.015818696	-0.22440559	-0.107194096	0.39577103	0.049328342	-0.067893066	-0.034955308	-0.051815815	0.069317006	-0.18237007	-0.010940966	0.2160523	-0.022816844	0.25538507	0.008896506	-0.12827227	0.17388234	-0.030717792	0.100871645	0.16236092	-0.14993896	-0.15200907	-0.0940704	-0.1668805	0.130625	-0.2787786	-0.060587596	0.023218766	0.068920426	-0.23198256	-0.083586104	0.32211196	0.018542765	0.19096586	0.008305847	0.07889512	0.087242045	0.17365326	-0.053911436	0.12539372	0.09568497	0.19522102	0.16979448	-0.18149695	-0.169203	0.03513237	-0.003901938	-0.121308394	-0.02444813	-0.01424152	-0.024507117	0.02476898
-0.0561265	-0.06414051	0.055033084	0.10810473	0.0020810305	-0.056208964	-0.04882892	0.12181456	-0.094757244	0.0246399	0.094644785	0.009985527	0.15826826	-0.17981754	0.07604013	0.21276239	-0.01624315	-0.09307321	-0.03892154	0.11034972	0.16360508	-0.044337217	0.08106048	0.16489606	0.19692822	0.084903605	0.023466554	0.013529402	0.042534485	0.07308083	0.03842294	0.04573098	0.008436094	0.008459167	-0.015210815	-0.13961317	0.010867078	-0.10485573	0.1645161	-0.07398206	0.019277157	-0.14859356	0.10318211	0.25586173	0.041151814	0.2063517	0.07312994	0.23785184	0.23870851	0.010342243	-0.0074746967	0.038079064	-0.03068698	0.114553176	-0.041480258	-0.025715142	-0.11120795	-0.0996631	-0.017755555	0.018680872	0.0798811	-0.12565601	0.056533266	-0.036651365
-0.047504533	-0.17629108	-0.11880268	-0.109971575	0.037196767	0.11726352	-0.08833823	-0.05800092	-0.08641617	0.037853528	-0.15276432	0.115663655	0.18493727	0.20681028	0.15049718	0.001052893	0.0854501	0.17800419	-0.15564695	-0.14598742	-0.07213232	0.15978678	-0.19870152	0.15869941	-0.0550633	-0.0072681983	-0.056127734	0.17308712	-0.12287562	0.0079565365	0.0718431	0.10288372	-0.1878122	0.051943768	0.023672905	0.2541584	0.03595325	-0.13075233	-0.06981856	-0.09446334	0.1694215	-0.14334789	0.113233894	0.09502377	0.005358532	-0.05014733	0.053093378	-0.21708387	0.10125755	0.074817605	0.066775315	-0.19526899	0.13864598	0.17060988	0.044405162	-0.029009908	0.217188	0.0920633	0.04912429	-0.07507931	0.105113484	0.14126727	0.18162069	-0.19730781
0.033686407	0.11792138	0.09310209	-0.0011108138	0.036593024	0.0953582	0.06407056	-0.116331466	0.08397881	-0.05509681	-0.15196909	0.035855424	-0.14760503	0.08523469	-0.13079251	-0.122735046	0.032826316	0.07163831	0.022701627	-0.08629543	-0.09084398	-0.04352914	-0.029083824	-0.07987274	-0.17353828	-0.0023508677	-0.009978391	-0.030474717	-0.0817975	-0.09969963	0.059891403	0.08596662	-0.012357723	-0.053034056	-0.04148426	0.057108775	-0.032468896	0.08063634	-0.11491312	-0.006551746	0.039669998	-0.020738846	-0.053617682	-0.08300998	-0.016749665	-0.24623506	-0.076799735	-0.2364597	-0.1481124	0.0077444417	-0.044136032	-0.017725367	0.04510781	-0.05422418	0.06563457	-0.0018374432	0.021491168	0.11140031	0.047630657	-0.11826092	-0.06335057	0.17042518	-0.06508408	0.033253957
0.015399482	-0.024878293	-0.03282426	-0.00067200395	-0.10104192	-0.07829646	0.084703006	0.083470434	0.18714622	-0.022556437	0.09932822	-0.017287424	-0.070229165	-0.14340363	-0.031089054	-0.04079004	-0.02337356	-0.05187738	0.03918767	0.07975733	-0.05000822	-0.07039531	0.05181502	-0.059683498	0.056288507	-0.014018602	-0.046103496	-0.024230152	-0.058971953	0.08973376	-0.15697454	-0.1318222	0.19915257	-0.0008155928	0.10368695	-0.11144363	0.0038627104	0.17415354	0.07066348	-0.034093697	-0.14383556	0.044216257	-0.04306369	-0.059653845	-0.021249106	0.06651931	0.049770553	0.04047903	-0.01501893	-0.04191587	-0.038887512	0.052930906	-0.0879021	-0.10711153	-0.18887529	0.17874849	-0.07411831	-0.10190772	-0.037878647	0.09545345	0.059828617	-0.113226205	-0.0995457	0.03865169
0.32028955	-0.51667804	-0.53852135	-0.51776075	0.28497073	-0.14892241	0.20037094	0.26522613	0.3970675	-0.33161026	-0.3380012	-0.24069288	0.29032254	0.57598096	0.36721703	-0.17462832	-0.34685078	-0.19204694	0.3091394	-0.35913682	0.05809245	0.53772634	0.2749827	-0.15680148	0.3117905	-0.38051656	0.35976747	0.50574136	-0.4497948	0.35151136	0.13066642	0.20393382	0.13515987	0.38427815	-0.23135199	0.48696482	-0.3875203	-0.06977437	0.27063313	0.29668692	0.45882377	0.24477196	0.49455386	-0.17488343	0.36237556	-0.5024449	-0.38336653	-0.47749096	-0.28113812	0.29832765	0.46981406	-0.158295	0.44682544	-0.16361113	0.05017468	0.24771798	0.6006708	-0.28468117	0.27891594	0.26320207	-0.26764265	-0.20456241	-0.11481819	-0.46094072
0.107349336	-0.016269	-0.0838453	-0.09791481	-0.029135462	-0.07308917	0.2044539	-0.06277026	0.34584987	-0.16810957	-0.057816297	-0.04024479	-0.15253149	0.21168226	-0.100693464	-0.28214797	-0.06687993	0.002080384	0.12098437	-0.07059499	-0.11798304	0.075240515	0.07445321	-0.26692417	-0.12008321	-0.27262557	0.046166137	0.03297107	-0.3375967	-0.025011647	-0.12924173	-0.026091754	0.20492616	0.09077404	0.0881936	0.1355884	-0.1420785	0.20343763	-0.021451395	0.05668933	0.025260262	0.16460636	0.039555725	-0.25042924	0.038722284	-0.34548336	-0.11115522	-0.27569455	-0.3312175	-0.03613793	0.0010568425	-0.18683545	0.006816185	-0.2428329	-0.14449407	0.2020842	0.15551908	0.0108562475	-0.07411455	0.07381184	-0.033359703	0.056959663	-0.21833996	0.036935803
-0.03490321	-0.0657024	-0.1091644	0.04338867	0.010765214	-0.22040547	0.15635851	0.24750271	0.029566634	0.025051847	0.2068453	-0.026975969	0.14259349	-0.20089382	0.13357799	0.24760808	-0.08483547	-0.2967233	0.1916787	0.1193254	0.24813224	-0.053674325	0.16677555	0.038116902	0.26711968	-0.055933524	0.024591245	0.11849857	0.037312474	0.20483539	-0.11568621	-0.122837044	0.17818588	0.17848934	0.12171264	-0.2423976	0.029283551	0.051017802	0.19551826	0.017600887	-0.13321589	0.060879175	0.088610336	0.19911838	0.010012573	0.16559206	0.06184655	0.26956883	0.10799219	0.052023645	0.1273904	0.09584488	-0.070115075	-0.025753565	-0.14155498	0.13233723	-0.20548224	-0.28538683	-0.045479607	0.16399239	-0.020307511	-0.30500638	-0.011387525	0.09265079
0.20078841	-0.19604239	-0.20418532	-0.14478387	0.09971998	-0.31150827	0.21872412	0.36474138	0.23558067	-0.11488968	0.023238126	-0.11830035	0.16288646	0.13968886	0.2626602	-0.042263597	-0.2802692	-0.27054387	0.24752836	-0.035996936	0.11812178	0.101496235	0.3228427	-0.2112752	0.26452872	-0.25498676	0.10371494	0.15861522	-0.10258529	0.23867208	-0.12175189	-0.10314711	0.2732586	0.18439654	-0.026917415	-0.049860768	-0.19161592	0.1397555	0.2582311	0.11885014	0.01844541	0.27962813	0.18171285	-0.14141768	0.11947571	-0.09376409	-0.11917556	-0.037943263	-0.066315904	0.10883242	0.14054547	-0.013013861	0.014664025	-0.21905155	-0.16297059	0.27828568	0.062499337	-0.2800595	0.0346631	0.33748668	-0.14658144	-0.28984782	-0.082330704	0.042892903
0.002643007	0.24759285	0.39848188	0.36745304	0.20484777	0.5430945	-0.12306842	-0.50203943	-0.6861098	0.12699665	-0.52590185	0.01140174	-0.0449086	-0.18226346	-0.21654627	0.48629513	0.15458402	0.24747258	-0.21598008	-0.4414911	0.19091754	-0.2823103	-0.11839277	0.29419196	-0.4138913	0.5120209	0.05839744	-0.25770354	0.29540014	-0.48043245	0.44932222	0.505526	-0.5791926	-0.3102915	-0.31588867	0.02321135	0.19220592	-0.531294	-0.128898	-0.058917787	0.48685747	-0.32035735	-0.24259809	0.53789985	-0.10645164	0.39575553	0.034747034	-0.015160455	0.17429861	0.33090302	-0.39098248	0.12192943	0.2989987	0.40564936	0.5476183	-0.6196379	-0.13919528	0.29538223	0.14065996	-0.61851794	0.025892004	0.22556084	0.087861344	-0.020307776
-0.14778237	-0.21106645	-0.15096155	0.085888244	-0.006778736	-0.22618417	-0.06866921	0.2595045	-0.059839785	0.12501338	0.18210937	0.10597109	0.390847	-0.11950789	0.3284498	0.4289765	-0.013321228	-0.12192698	-0.07142519	0.11285323	0.06763873	0.03860208	-0.004954854	0.23881453	0.2695379	0.017384581	-0.086948015	0.18161863	-0.0658081	0.27337733	-0.11574746	-0.064822346	0.062169448	0.067173235	0.14696698	-0.16519369	0.14734384	-0.21471329	0.054303803	-0.12245305	-0.030884584	-0.1362442	0.26489317	0.4113814	-0.048781116	0.21638373	0.18215124	0.17258708	0.31627625	-0.017108176	0.13298073	-0.18087819	0.015897816	0.20267881	-0.117161915	0.018526688	-0.03178783	-0.16688453	-0.10343583	0.18093745	0.1597462	-0.23448509	0.21648012	-0.13562635
0.003433423	0.013104686	0.022550795	0.31181747	0.09015876	-0.1603193	0.004721884	0.1574434	-0.23456207	0.10193063	0.098142296	-0.043687142	0.15298812	-0.31768873	0.045294166	0.34831834	-0.029360719	-0.17544478	0.015188429	0.13785034	0.24228185	-0.09341186	0.08990488	0.15210266	0.13656986	0.2105508	-0.10128674	-0.0038916436	0.124660715	0.11684593	-0.02329541	-0.009841229	-0.032527916	-0.051445093	0.028918482	-0.23273641	0.110961944	-0.1709827	0.17460544	-0.057760224	-0.08632281	-0.13572052	0.010491721	0.32206368	-0.06869493	0.35189176	0.073535025	0.2653287	0.1469669	0.07804978	-0.057371095	0.14820772	-0.08832263	0.13821608	-0.030747456	-0.058508858	-0.20710842	-0.12663321	0.012246641	0.09707603	0.075195335	-0.1647026	0.027262524	0.04492087
-0.19440353	-0.08454905	-0.061020736	0.058456045	-0.20679237	-0.09899663	-0.03732441	0.017680572	0.16748397	0.1504271	0.17690635	0.15864554	0.02100779	-0.113271214	0.0101481145	-0.027339214	0.11728606	0.03265176	-0.19638506	0.15828127	-0.1333977	-0.07641337	-0.11714903	0.012702759	0.011341539	-0.0009640018	-0.2169186	-0.00869711	-0.17964995	0.021618498	-0.12609366	-0.15789226	0.11902283	-0.1121751	0.21958809	-0.021533817	0.20015037	0.047200732	-0.115605	-0.2212112	-0.10027953	-0.033278055	-0.029871492	-0.052270398	-0.10995377	0.08304781	0.20833828	0.056274373	0.11184296	-0.19486646	-0.018092766	-0.08777859	-0.14148253	0.017536415	-0.17212464	0.15069225	-0.029107101	0.046598747	-0.18661271	0.10081276	0.24048653	0.03504913	0.12528871	-0.042089384
0.069485284	-0.09284315	-0.015888697	0.015193569	0.077821255	-0.20727271	0.26820642	0.27475843	-0.084844224	-0.017935239	0.10792697	-0.1732475	0.19255982	-0.17340313	0.12639084	0.33695486	-0.2356334	-0.35833552	0.18991889	0.10597693	0.26436526	-0.036981717	0.33801138	0.0691764	0.34322643	-0.013937282	0.018078769	0.013724242	0.20039916	0.18531464	-0.052056223	-0.06669643	0.15700561	0.20449178	-0.0066090412	-0.28887296	-0.077089764	-0.027761593	0.36295477	0.10919894	-0.021148225	0.05100287	0.22734743	0.29373866	0.09681991	0.16005175	-0.035358265	0.18019003	0.13422006	0.1557861	0.15248048	0.20223081	0.078610845	-0.030909363	-0.06684255	-0.034769554	-0.110639416	-0.40880617	0.041336723	0.12371903	-0.056289453	-0.4066912	-0.04814493	0.10711785
0.18989752	0.052242003	-0.030460432	-0.12547544	0.005313154	-0.07832185	0.29851216	0.027762733	0.3327261	-0.19178021	-0.1061681	-0.10043056	-0.34829432	0.14708503	-0.20560862	-0.24551012	-0.13817714	-0.048457816	0.18409479	-0.08006384	-0.1756836	-0.0029304458	0.26281816	-0.51108754	-0.05246511	-0.13845664	0.07292429	-0.08897638	-0.07567142	-0.008833025	-0.03334816	0.0011638087	0.22516342	0.06902922	-0.09794741	0.04167049	-0.24093558	0.277142	0.0357497	0.26076934	0.01683822	0.38446286	-0.062243402	-0.32680604	0.07959359	-0.40129167	-0.27748933	-0.40107757	-0.56165534	0.017345477	0.017962178	0.13434641	0.048831593	-0.44033387	-0.13047007	0.1547761	0.07630534	0.02890942	0.016576836	0.13076459	-0.20566908	-0.015971318	-0.4785144	0.14341766
-0.28854552	-0.45471793	-0.50681865	0.07515113	-0.24572037	-0.40661818	0.06924625	0.41544777	0.17981516	0.27898046	0.38506135	0.09210356	0.44492486	-0.24083912	0.5595839	0.3245082	-0.039786175	-0.27832174	0.13232912	0.41120514	0.20913361	0.23635209	0.10064138	0.25273547	0.46307206	-0.31507048	-0.20990065	0.44571826	-0.40732774	0.42699277	-0.36504653	-0.33962762	0.19250897	0.2910882	0.5156847	-0.145768	0.11700344	0.018925047	0.21731645	-0.24698545	-0.2618299	-0.07116878	0.35403082	0.35018808	-0.046564985	0.39815623	0.2937175	0.38551477	0.4771558	-0.20657292	0.3417021	-0.18689322	-0.16794688	0.1320987	-0.40061063	0.3465409	-0.124378346	-0.32526305	-0.27985457	0.4198838	0.1930334	-0.2507545	0.27632782	-0.10808761
0.28306508	-0.1166908	-0.12035126	-0.12718475	0.29389474	-0.038082473	0.30521938	0.16236408	0.035576664	-0.25686902	-0.1891389	-0.21171457	-0.021839209	0.22846602	0.09166479	0.13057752	-0.23593064	-0.24615957	0.28549224	-0.3036338	0.05666882	0.12762365	0.29289186	-0.19198492	0.19686635	-0.13371085	0.21223077	0.1180021	0.024869297	0.18817823	0.18667194	0.22676213	0.08027634	0.15583473	-0.18341698	0.12576194	-0.2516248	-0.102786355	0.23221302	0.295108	0.2595914	0.18200308	0.1839661	0.052660357	0.17006825	-0.19645263	-0.3000086	-0.19949912	-0.23975366	0.30762967	0.18981123	0.073375516	0.28935078	-0.15541972	0.0746702	-0.037573468	0.12768734	-0.14514048	0.16476583	0.043476395	-0.2678486	-0.18137206	-0.24918722	-0.10717429
0.5271426	0.45441353	0.5280384	0.47245157	0.43444172	0.45921904	0.3976159	-0.349641	-0.4596591	-0.32761788	-0.43841785	-0.46907496	-0.4761287	-0.57283527	-0.5027114	0.43331966	-0.411445	-0.37986687	0.42261818	-0.32106355	0.36908406	-0.52950776	0.4294656	-0.22516611	-0.40141967	0.3523208	0.36241296	-0.4798526	0.45998627	-0.38885376	0.3527144	0.40715072	-0.25454694	-0.18498155	-0.4011723	-0.5167357	-0.21916859	-0.19686915	0.36155894	0.40440857	0.24208316	0.13945857	-0.4759079	0.33263806	0.3169737	0.19269378	-0.36739755	0.2841816	-0.41996738	0.42049497	-0.52636915	0.43503064	0.26182392	0.011417901	0.34193525	-0.41463134	-0.52847666	-0.17446257	0.2792873	-0.4853081	-0.42001107	-0.33892617	-0.47550085	0.4361181
0.16004024	0.12848675	0.07927883	-0.066563256	0.0057411417	0.12801068	0.1748404	-0.16014002	0.19634247	-0.12932621	-0.13230197	-0.022158736	-0.34703872	0.18344961	-0.30839863	-0.31273666	-0.0041969824	0.1160558	0.12562655	-0.16067532	-0.19990711	-0.056256063	0.090068184	-0.37880626	-0.22283813	-0.026123367	0.048270717	-0.17486571	-0.051484913	-0.16650769	0.014005555	-0.0049066907	0.08473651	-0.105814025	-0.07739757	0.09145038	-0.11852201	0.21963212	-0.077755705	0.20368317	0.07396164	0.2772774	-0.12763272	-0.31799382	0.0801093	-0.5247146	-0.21217123	-0.38583395	-0.5113027	-0.07637951	-0.121928625	0.045865837	-0.03416298	-0.25660202	0.019845165	0.11457874	0.1277564	0.106505774	0.027533315	-0.08626044	-0.15099949	0.07706324	-0.285791	0.13677974
-0.010813831	-0.038743753	-0.11466454	-0.13734154	-0.10419118	-0.029476883	0.078738436	-0.028317815	0.37954253	-0.009995614	0.0053742407	0.051197	-0.15700847	0.08368367	-0.096252434	-0.3214217	-0.020184869	0.006378432	0.053935982	0.094537355	-0.22646934	0.05780309	0.02622752	-0.21334966	-0.13920939	-0.16950113	-0.08632041	-0.029930377	-0.4381273	-0.05575757	-0.11566011	-0.08747265	0.23398983	-0.021315964	0.14661083	0.025513269	-0.060079977	0.2842769	-0.0719319	0.052639008	-0.04008126	0.1970773	-0.08833314	-0.2839262	0.025085356	-0.30203545	-0.001187122	-0.24784274	-0.24462071	-0.15062505	-0.001427873	-0.21015964	-0.06597903	-0.23047851	-0.14124088	0.32310212	0.16924845	0.043213643	-0.14100346	0.13516249	0.025791472	0.0758286	-0.14444715	0.058426276
-0.28717166	-0.17003348	-0.014462054	0.18249153	-0.0040320647	0.30744052	-0.21116169	-0.29881072	-0.38685355	0.26286912	-0.2253583	0.19659907	0.20889157	0.13406302	0.14444654	0.32075766	0.2753412	0.30604848	-0.3413368	-0.18386874	0.011560034	0.057721842	-0.26067147	0.3738014	-0.23515536	0.35341313	-0.14079875	0.09798869	-0.027045934	-0.19138798	0.21413659	0.3145377	-0.34758496	-0.26751482	0.023816843	0.24382538	0.32121933	-0.36500034	-0.24355529	-0.25226024	0.25469673	-0.3738198	0.09507636	0.46564454	-0.14999418	0.28751454	0.2846626	-0.22818306	0.3688293	0.16449402	-0.042466354	-0.14370362	0.25610125	0.36519465	0.2750522	-0.32969195	0.19552475	0.2689322	0.05634052	-0.29563996	0.22833519	0.2745756	0.2712782	-0.22919269
-0.074682385	-0.08226233	-0.10490284	0.030244347	-0.05735385	-0.13513052	0.114774026	0.17208973	0.122879446	0.032061417	0.19056936	0.011873618	-0.0639362	-0.06739133	-0.00038792583	-0.068840325	0.033100884	-0.09604434	0.044641003	0.12992004	-0.07188283	0.0040924684	0.100245714	-0.091826685	0.052136578	-0.11893165	-0.0302673	0.009018569	-0.11883673	0.064979695	-0.12730691	-0.18939519	0.18730326	0.056905553	0.14817558	-0.18210444	-0.026198715	0.17547107	0.09511372	-0.038930878	-0.17588101	0.1439339	-0.037934676	-0.19206366	-0.052652244	0.035754565	0.035164684	0.0015997274	-0.0023734083	-0.12511386	0.05821318	-0.076572545	-0.13950159	-0.10690492	-0.18089409	0.21317689	-0.07581814	-0.05560067	-0.07983359	0.1984949	-0.007851261	-0.1351391	-0.0824119	0.053213503
-0.1534467	-0.37672573	-0.4576833	0.090410136	-0.19176275	-0.45989105	0.16285348	0.5249054	0.28330913	0.1369712	0.4430124	0.060139455	0.44550368	-0.21588182	0.49320728	0.3869277	-0.100077055	-0.45710158	0.10059052	0.32948986	0.3724791	0.08994681	0.23379275	0.1578787	0.49806285	-0.121463194	-0.12652734	0.37738353	-0.14190254	0.41834125	-0.37639394	-0.38702536	0.4976176	0.2124223	0.2886804	-0.4496269	0.012991544	0.30857465	0.37169442	-0.14535064	-0.28298822	0.017634064	0.36976227	0.24735467	-0.07082082	0.33728203	0.14785482	0.34496894	0.28891018	-0.12790829	0.24617094	-0.049851548	-0.14506547	0.008803078	-0.40444678	0.45707643	-0.22575489	-0.54263663	-0.23834689	0.48837614	0.13285759	-0.5257337	0.21584336	0.07466948
-0.26359576	-0.2699266	-0.10798808	-0.00089086435	-0.11780673	-0.07843636	-0.084364325	0.012250389	-0.07798027	0.13973223	0.010112173	0.15358411	0.18740061	0.012333149	0.2309661	0.12825328	0.19962575	0.07833367	-0.19264658	0.071661465	-0.043142833	0.14642031	-0.1775458	0.29522097	0.1377815	0.03019799	-0.17383066	0.24453929	-0.08419758	0.12932473	0.007166251	0.04058333	-0.08923601	0.0069362144	0.11046988	0.10507244	0.1908832	-0.18641238	-0.07559573	-0.2119	0.061642606	-0.20573597	0.21894808	0.2352386	-0.08808856	0.16034485	0.26693925	0.05618361	0.26700336	0.021458285	0.19420795	-0.12179081	0.11046918	0.24803096	-0.000555791	-0.05810608	0.11492754	-0.0227164	-0.118482225	0.034663573	0.22994922	-0.0021237228	0.22307798	-0.24379925
-0.3314441	-0.052317113	0.094859965	0.11932147	-0.07247058	0.26480997	-0.22273082	-0.32434598	-0.15527947	0.19921061	-0.0840547	0.32144627	-0.08370407	0.041296463	-0.11835494	-0.028561955	0.288837	0.3306509	-0.32374153	-0.09458411	-0.2527875	-0.07190186	-0.29036826	0.1321044	-0.23103054	0.18569541	-0.18053165	0.029972203	-0.112709254	-0.16436481	0.040708877	0.08360807	-0.16113356	-0.25713906	0.0417644	0.1783624	0.23859538	-0.17762843	-0.37909275	-0.2852052	0.049268667	-0.22459827	-0.06727066	0.055936057	-0.13249286	-0.06806561	0.2776098	-0.25493115	0.18376355	-0.096915476	-0.13425106	-0.22094999	0.062247653	0.2180863	0.07859617	-0.12846993	0.14593805	0.35069248	-0.10732364	-0.18131332	0.23592226	0.2661694	0.22972098	-0.14911841
0.16627602	-0.3004459	-0.27214944	-0.20972018	0.04046349	-0.27793556	0.24068524	0.35476574	0.32465068	-0.21697517	0.07455909	-0.21344724	0.17809094	0.1822695	0.22411507	-0.017369954	-0.23480812	-0.30168074	0.2720609	0.020558912	0.09300842	0.23257877	0.31119445	-0.14473946	0.24121064	-0.33073843	0.14590615	0.23798917	-0.20763	0.271094	-0.07969012	-0.07435231	0.2616129	0.2758244	0.04688205	0.10765585	-0.23858364	0.1274004	0.276408	0.13547699	0.097261414	0.19306464	0.2915262	-0.11111686	0.2255886	-0.17257306	-0.1874969	-0.06943608	-0.048605338	0.11459098	0.33113617	-0.0815719	0.16004714	-0.17852797	-0.1393738	0.22018097	0.21479553	-0.3576186	0.041483838	0.24065302	-0.14706464	-0.24669425	-0.033693325	-0.22260858
-0.16291407	0.07519818	0.017598603	0.16600893	-0.058944553	-0.025974823	0.023573788	-0.021230975	0.10012775	0.11355749	0.09481373	0.1105736	-0.06303922	-0.208217	-0.07338708	0.058751095	0.089638464	-0.01441631	-0.13139094	0.099337384	-0.0116068	-0.12508483	-0.0821081	-0.036663685	-0.02185547	-0.024077674	-0.15291528	-0.062432427	-0.14998142	-0.04385261	-0.16457075	-0.16931681	0.11922579	-0.02353597	0.16759591	-0.1328837	0.16519575	0.09730531	-0.023982262	-0.17226167	-0.118455015	-0.055613056	-0.10511577	0.009894768	-0.14718637	0.083055	0.15675615	0.005248756	0.019126678	-0.12520428	-0.095919415	-0.0351614	-0.13757691	0.046112206	-0.17075609	0.11801199	-0.14530838	0.044470463	-0.17333847	0.029566532	0.09905512	0.027019454	0.05180414	0.04297264
-0.06865001	-0.16542523	-0.28293034	0.045548312	-0.07857177	-0.41535568	0.38587645	0.4926504	0.3025007	0.07472676	0.37933278	-0.05915894	0.16957372	-0.24517572	0.29940984	0.19966963	-0.1949138	-0.41735566	0.3050906	0.38774103	0.24882917	-0.03069993	0.38480258	-0.047815207	0.33456007	-0.27211294	-0.11503619	0.21307237	-0.11515049	0.31222862	-0.32718885	-0.36182815	0.4403946	0.3126679	0.23677436	-0.4489086	-0.0035927042	0.24273424	0.3491346	-0.002917946	-0.27735552	0.19776823	0.24326175	0.06875985	0.024147907	0.25150254	0.08704281	0.3652448	0.1274787	-0.1131425	0.1323895	0.10320308	-0.18353403	-0.11925637	-0.38100573	0.30787325	-0.30134338	-0.4314353	-0.110714056	0.4570001	0.085723616	-0.4448021	-0.004616275	0.1787162
0.11759775	-0.04229252	-0.059291467	-0.14039595	0.021808745	0.05055474	0.07025155	0.0039346316	0.13343076	-0.1276359	-0.1025588	-0.07083215	-0.071348585	0.11552214	-0.006473632	-0.13442299	-0.06969211	-0.057990965	0.0818652	-0.08106232	-0.10620664	0.06778383	0.031741988	-0.101189576	-0.015295192	-0.14116922	0.09336465	0.019217074	-0.0719112	0.07515145	-0.00027354274	0.014728504	0.08640476	0.021864658	-0.050408803	0.10492731	-0.079423405	0.017058218	0.041655395	0.10715488	0.0859061	0.12554482	0.03319111	-0.13216405	0.022760436	-0.26754567	-0.056686606	-0.18405356	-0.12698369	0.052633703	0.08892117	-0.03538485	0.090392016	-0.12975357	0.0060907495	0.03308596	0.13858894	-0.02236462	0.03206518	0.044701934	-0.07444018	-0.042911164	-0.12085363	-0.0426558
0.13583723	-0.19439477	-0.17059006	-0.14361735	0.04898843	-0.22047827	0.17272018	0.3262048	0.16517389	-0.12811713	0.12651028	-0.1619977	0.26344165	0.072603665	0.21940415	0.16220872	-0.15402816	-0.32627636	0.23984225	0.09810267	0.20687169	0.14088438	0.20618312	-0.021424076	0.34627524	-0.17592528	0.098192155	0.1874195	-0.05770858	0.2930692	-0.14437152	-0.10458066	0.2254414	0.24553174	0.031429674	-0.08273601	-0.17763014	0.0735204	0.24630377	0.070088476	-0.015925294	0.086352274	0.2856204	0.009905288	0.18843965	0.034084827	-0.10897799	0.09910916	-0.014891732	0.060959462	0.1920074	0.00613486	0.06286468	-0.08438029	-0.1567824	0.13099022	0.067082554	-0.39153072	0.04210193	0.194303	-0.06345491	-0.32807335	-0.0034916543	-0.115034394
-0.32058492	-0.17955847	-0.091298155	0.20968193	-0.23736243	-0.03054953	-0.254385	-0.08009167	-0.22255944	0.35122034	0.09995482	0.22875069	0.25068638	-0.11690035	0.19630352	0.18640457	0.3079609	0.13894852	-0.31099743	0.12844214	-0.0469966	-0.070776954	-0.28673813	0.35039058	0.0052944385	0.23097274	-0.2554217	0.1648013	-0.15964201	-0.011512073	-0.092156425	-0.10972866	-0.108682744	-0.11276795	0.20088975	-8.440803e-05	0.37983206	-0.22672588	-0.18808456	-0.36341012	-0.13243107	-0.2755304	0.11075979	0.2774244	-0.27217987	0.36695105	0.3482392	0.08061029	0.4008285	-0.16411057	-0.0013864082	-0.15641938	-0.08117313	0.31668028	-0.018021254	-0.11377393	-0.08471608	0.16045856	-0.15224953	-0.02105106	0.3003831	0.10133256	0.30182076	-0.12832397
0.070897005	-0.14440379	-0.064475045	0.009466856	0.087518506	-0.026082154	0.08140676	0.074114494	-0.11109749	-0.049964014	-0.016103394	-0.055923328	0.2090615	0.049171675	0.07774799	0.20480911	-0.052980307	-0.03321651	0.05615441	-0.07441566	0.076483265	0.036902487	0.030303463	0.12049833	0.15975502	-0.049948886	0.08679502	0.08119604	0.06409815	0.15814054	0.05626227	0.041976452	-0.079653844	0.1481904	-0.076680884	-0.022901976	-0.0875086	-0.24004987	0.09035238	0.06932758	0.119734354	-0.13173138	0.18665372	0.26668924	0.12241418	0.07889206	-0.043260925	-0.0013401334	0.08426577	0.122943014	0.11042216	-0.023412306	0.14161548	0.16887058	0.06657214	-0.07787237	0.05199965	-0.11725772	0.017676111	-0.028649807	-0.034666598	-0.1307624	0.0077389483	-0.15315035
0.007898747	0.14585106	0.30963615	0.108762756	0.07625512	0.37198132	-0.03666762	-0.3593694	-0.23926605	-0.027231857	-0.23585618	0.0029328025	-0.21141328	-0.030566068	-0.27517053	0.015840948	0.1313062	0.1482956	-0.15858136	-0.23625848	-0.11921217	-0.13600701	-0.12195683	-0.017608626	-0.25439176	0.19223937	-0.033406574	-0.14630724	0.09060711	-0.25961864	0.14297864	0.161986	-0.15234645	-0.2149748	-0.15050888	0.036463764	0.13985702	-0.1436125	-0.19638243	0.014801881	0.15677431	-0.10200028	-0.21995649	0.068289004	-0.074816756	-0.114723325	0.035221074	-0.24732903	-0.062010497	0.028834537	-0.16056174	-0.00044476046	0.10328836	0.109340005	0.18303636	-0.22962293	0.018285803	0.24656098	0.031012205	-0.36686066	-0.025270293	0.23094751	0.00879657	0.004774805
0.111450635	0.3236328	0.37320653	0.31009454	0.041122757	0.16676325	0.1997804	-0.19404565	-0.1631628	-0.009399716	-0.051783964	-0.04569061	-0.20646171	-0.34868947	-0.3038714	0.15205391	-1.858301e-05	-0.040337417	-0.010783413	-0.032259166	0.07616362	-0.34925762	0.080791086	-0.05436162	-0.18736733	0.29022735	-0.0070023327	-0.3431632	0.2554003	-0.22585131	0.043601964	0.032398444	-0.018299747	-0.20062402	-0.14207281	-0.27724198	0.13715917	0.06059577	-0.01399976	0.014033807	-0.092808075	0.060678706	-0.26013508	0.016840031	-0.07636984	0.21842131	-0.0022696615	0.11382703	-0.064136565	0.052277647	-0.31441548	0.25251037	-0.12258746	-0.044930276	0.057798874	-0.15582979	-0.32337856	0.15885636	0.012383188	-0.20049582	-0.067137085	0.02186152	-0.25136736	0.2549372
-0.27165648	-0.35404813	-0.3142966	0.024018906	-0.1108717	-0.18469717	-0.14136377	0.18657045	-0.0829629	0.20568348	0.23178816	0.116656326	0.44126287	-0.1405766	0.4156526	0.3972642	0.064106815	-0.043160427	-0.049871672	0.13767856	0.18967654	0.18092221	-0.06660949	0.42797446	0.29437748	-0.09831093	-0.18974674	0.31564602	-0.06860814	0.311576	-0.073276564	-0.12821493	-0.01187243	0.19108295	0.17567287	0.005009086	0.16277781	-0.2251742	0.11163642	-0.2219226	-0.043028288	-0.27463335	0.3725353	0.44597718	0.018246766	0.38661742	0.295112	0.2532396	0.47448665	-0.0020229723	0.3475809	-0.14105251	-0.012170338	0.23822513	-0.09176749	0.004119754	-0.034503672	-0.20160936	-0.04206232	0.20073211	0.18274999	-0.07539182	0.2957475	-0.21745308
-0.03574044	0.11937105	0.168675	0.062350545	0.09090556	0.21073136	-0.050729733	-0.1964517	-0.31129432	-0.0049754344	-0.13340786	0.036206525	0.015282179	-0.064068906	-0.10673992	0.17464447	0.053088162	0.15879123	-0.093981884	-0.19556722	-0.030799164	-0.047379836	-0.07273977	0.13509355	-0.13761601	0.18011895	-0.025097504	-0.09200178	0.15791212	-0.14935458	0.21428283	0.21863185	-0.22198687	-0.09646475	-0.15167046	-0.021057488	0.1481602	-0.20841636	-0.13724004	-0.014179635	0.13883995	-0.19862609	-0.12863359	0.13236575	-0.062274612	0.06647617	0.07143209	-0.035932455	0.007265644	0.090396985	-0.13096292	-0.028832974	0.06307953	0.14552082	0.17446937	-0.21834598	-0.06399255	0.17973064	0.047209766	-0.16721456	0.0071798684	0.1285108	0.0017675639	0.023504766
0.118323654	0.21673982	0.3125342	0.33395818	0.2767243	0.39234132	-0.03110011	-0.29305208	-0.3263298	-0.09121077	-0.36875558	-0.10377704	-0.14613837	-0.22573555	-0.25023967	0.3118109	-0.027518418	0.09297519	-0.104578316	-0.327828	0.12877938	-0.2621347	-0.026614724	0.07886529	-0.31833124	0.2849151	0.12284768	-0.27557382	0.1625782	-0.27166808	0.30105996	0.30091313	-0.24121603	-0.14912929	-0.25457004	-0.09850466	0.061325256	-0.26820847	-0.006466838	0.027442046	0.2524223	-0.19287165	-0.3076881	0.3098173	0.061563145	0.12965785	-0.018679371	-0.06451595	-0.033413276	0.30344215	-0.26301163	0.13242406	0.26080623	0.21633245	0.27295274	-0.32707724	-0.17808175	0.19489852	0.150228	-0.40191787	-0.06964938	0.08162676	-0.05658575	0.090302095
0.12987791	0.34008792	0.39444253	0.23985367	0.31041697	0.44854635	-0.0047396948	-0.44788232	-0.41773602	-0.0070555615	-0.36601558	-0.11002587	-0.24556592	-0.16991736	-0.3564546	0.2894381	0.08922064	0.20041531	-0.082283154	-0.30078232	0.08978506	-0.28470182	-0.014899701	0.029516568	-0.36736748	0.32682434	0.011364426	-0.32389265	0.3740414	-0.38426176	0.35837007	0.42122248	-0.42763197	-0.3459548	-0.41197053	-0.11064422	0.074404776	-0.35936445	-0.18951538	0.068244	0.28370994	-0.1389584	-0.29897818	0.23973218	-0.06164372	0.062951125	-0.10839823	-0.094325826	-0.10956777	0.212229	-0.31776974	0.19705787	0.1044864	0.11594506	0.4489045	-0.37375537	-0.1805038	0.380865	0.21950588	-0.42072496	-0.13124174	0.17593987	-0.14698763	0.19192941
-0.584179	-0.5026252	-0.40781164	-0.4272036	-0.19330181	0.48924443	-0.40606037	-0.4669069	-0.41539398	0.37120423	-0.39558408	0.45664105	0.49578336	0.6839551	0.47938043	0.016865663	0.50258636	0.53819746	-0.6026069	-0.36591852	-0.33186072	0.5553276	-0.57819307	0.5490619	-0.36019298	0.25978664	-0.40717307	0.48794702	-0.48399824	-0.19254987	0.2282627	0.34986156	-0.5328809	-0.27279907	0.2924311	0.5289392	0.4308178	-0.5276199	-0.57876104	-0.46848768	0.43203777	-0.49445212	0.4019482	0.44615117	-0.26311046	0.036596887	0.49991116	-0.6074176	0.58201635	-0.0069906707	0.25359163	-0.49328703	0.5293031	0.499029	0.33574829	-0.28999823	0.71614033	0.49670595	-0.24269924	-0.37355408	0.4714165	0.5460573	0.47352156	-0.5484606
0.15686135	-0.24677874	-0.23920766	-0.31370783	0.21149947	0.01678447	0.0986118	0.09707747	0.052459948	-0.19298078	-0.12419978	-0.2527018	0.11608877	0.27799278	0.22324914	0.050360374	-0.14239469	-0.09130479	0.20418721	-0.11698917	0.12183022	0.35640424	0.09253478	0.0059088175	0.21025565	-0.21925901	0.2626552	0.3286146	-0.0913002	0.18057568	0.05751339	0.11143597	-0.026061593	0.21988456	-0.16158892	0.16208546	-0.1768388	-0.12966289	0.18559766	0.15057482	0.2706389	-0.0025511906	0.30103594	0.09894169	0.3014769	-0.17438957	-0.23593861	-0.108253196	-0.051417742	0.29468387	0.34146592	-0.038424198	0.29616818	0.059495926	0.109751225	-0.073002644	0.26373178	-0.20697545	0.20617457	0.02321253	-0.14092217	-0.12134279	-0.056822304	-0.25955662
0.33412373	0.3221643	0.29185095	0.2532541	0.3422405	0.3742213	0.2552793	-0.26391742	-0.31307852	-0.1283591	-0.36393166	-0.24929301	-0.33855632	-0.34114403	-0.33503485	0.29465726	-0.11718452	-0.08647704	0.06543473	-0.24052186	0.15752968	-0.30299827	0.15995055	-0.18852027	-0.29285467	0.20840389	0.07951606	-0.33443236	0.309176	-0.20307136	0.23387052	0.32947603	-0.16181661	-0.14947385	-0.33011457	-0.31519535	0.040897146	-0.2867277	0.06431067	0.26116586	0.2501898	-0.18920092	-0.2839343	0.270173	0.10312855	-0.0129453065	-0.133762	-0.008329968	-0.2585718	0.32225463	-0.26001707	0.28122854	0.19325945	0.24039698	0.3000047	-0.34655476	-0.27060208	0.11037418	0.15920447	-0.3928658	-0.19482374	-0.12224473	-0.34860682	0.3221072
-0.17822273	-0.11020256	-0.026398832	0.09199057	0.014393863	0.014004527	-0.13291019	0.0065314085	-0.25506926	0.074797645	0.06156765	0.03983764	0.31487128	-0.11036776	0.18227018	0.3544082	0.04486687	0.002010204	-0.16474816	-0.01767805	0.07615059	-0.04077079	-0.07413887	0.37669295	0.1653034	0.08601814	-0.082743734	0.101263076	0.0590498	0.14690116	0.043750387	0.08492568	-0.14918397	0.040698204	0.0062973923	0.0053028446	0.12732561	-0.29663235	-0.013124496	-0.14027877	0.05804961	-0.24062309	0.1354339	0.3861165	-0.005843986	0.31410807	0.19293378	0.112444304	0.3478647	0.13635072	0.091397665	-0.12229194	0.039023098	0.32570466	0.0012642372	-0.16457994	-0.036836512	-0.049609005	0.05118232	-0.018964438	0.16108437	-0.099974126	0.14553328	-0.10169633
-0.07274081	-0.27191523	-0.27944347	0.02939988	-0.051443167	-0.3325823	0.17761894	0.4289418	0.07808837	0.09237578	0.25639993	-0.018785855	0.30530456	-0.15621825	0.32945734	0.23775917	-0.12743951	-0.32473183	0.109902404	0.1874436	0.20512053	0.10228278	0.1583251	0.11850866	0.3436912	-0.19563101	-0.008768144	0.2603306	-0.14099884	0.35529354	-0.26448813	-0.19830869	0.25860843	0.211043	0.19466725	-0.26191187	-0.027520526	-0.07124358	0.23426858	-0.036003657	-0.14092784	-0.06547796	0.24663973	0.21836913	0.07067761	0.20466696	0.097235754	0.2961872	0.24564917	0.04655952	0.25677815	-0.090135835	-0.030793022	0.08779136	-0.25905246	0.15777051	-0.0933905	-0.42194438	-0.10957328	0.39140886	0.08582289	-0.40228173	0.08295545	-0.030338999
-0.44451424	-0.33809254	-0.23199368	0.043725573	-0.26354453	0.12152295	-0.21481933	-0.12524836	-0.066907465	0.36921433	0.05150279	0.29229522	0.26317668	0.04066516	0.25323758	0.106139496	0.2563199	0.20642124	-0.28863597	0.06883105	-0.050519954	0.08073106	-0.27196208	0.3136753	-0.06783981	0.036464844	-0.31299618	0.25404152	-0.33944488	0.01621018	-0.009446043	-0.033074103	-0.08814451	-0.041622534	0.27260998	0.1605884	0.3987557	-0.14295594	-0.16193587	-0.38414115	-0.066944025	-0.2924117	0.15916626	0.27177262	-0.19379848	0.24070446	0.47142226	-0.11330427	0.38482505	-0.15575631	0.099608354	-0.27799857	-0.09103752	0.24021542	-0.08575163	-0.0011484495	0.06073398	0.19567299	-0.19157135	-0.04939955	0.38250098	0.20354366	0.36409342	-0.23110378
-0.28558102	-0.2622401	-0.23160337	0.2637703	-0.1887902	-0.2679374	-0.044739664	0.3097958	-0.026620107	0.28216186	0.2997571	0.19909275	0.2682067	-0.2754204	0.30269456	0.29929888	0.103099555	-0.32395673	-0.12992465	0.24042682	0.17680897	-0.040685706	-0.024800692	0.3328314	0.25781074	-0.00042755489	-0.22676142	0.26233715	-0.23601691	0.25512022	-0.30780572	-0.28627014	0.24091214	0.1324695	0.3256866	-0.30684787	0.2890847	-0.020202255	0.14287095	-0.24180788	-0.2742565	-0.24933252	0.21010925	0.29355052	-0.21519735	0.28894767	0.3281041	0.3378305	0.27253786	-0.13815105	0.16216093	-0.2256633	-0.15293345	0.30618623	-0.2975753	0.211704	-0.21605518	-0.34036058	-0.2080982	0.3052761	0.22071107	-0.2843347	0.28801823	-0.049758878
0.07303793	-0.19150421	-0.31353298	-0.1438711	-0.035783168	-0.3964383	0.1686081	0.3999232	0.35045522	-0.07377694	0.18426463	-0.08596605	0.17328303	0.049182158	0.26532483	0.0036372473	-0.20158742	-0.35397872	0.20200723	0.16570993	0.07208485	0.20413052	0.232699	-0.08786784	0.38457868	-0.2956822	0.06091805	0.21815301	-0.23961705	0.3775062	-0.24454144	-0.14126028	0.4231272	0.26174	0.173443	-0.18089586	-0.15335163	0.33842194	0.24889895	0.042346466	-0.14435714	0.2607666	0.25937265	-0.13166557	0.056976344	0.0225609	-0.03251922	0.08239132	0.026288383	-0.02804915	0.19495523	-0.123097725	-0.020839587	-0.2107834	-0.32347676	0.3409691	0.05681182	-0.4201856	-0.020272532	0.40721866	-0.08287387	-0.37657535	-0.0945845	-0.032386646
0.29857555	-0.23704873	-0.23435806	-0.20404503	0.1523093	-0.22177337	0.37533885	0.39688373	0.22911698	-0.26000553	-0.043565053	-0.27527168	0.18065023	0.1631428	0.23763731	0.027115706	-0.279647	-0.46271965	0.37811956	-0.08320215	0.29087684	0.27451757	0.42335224	-0.22637722	0.4180295	-0.24678373	0.23118901	0.21916603	-0.040309295	0.36239323	-0.028262254	0.039841056	0.3286185	0.29680616	-0.085655965	0.013643719	-0.24564372	0.25876492	0.37423354	0.22199102	0.09088578	0.2879811	0.3246107	-0.1369721	0.25903735	-0.16020115	-0.27078557	-0.1006702	-0.2138637	0.21073475	0.31069073	0.03617331	0.18141529	-0.3606424	-0.027555153	0.12360422	0.17076506	-0.43566632	0.10857149	0.26783448	-0.26256806	-0.41201782	-0.17664218	-0.14973262
-0.44311067	-0.14266507	-0.10408062	0.37725142	-0.33314812	-0.34049845	0.017164141	0.22406414	0.097615875	0.4575393	0.39945439	0.3260912	0.29178432	-0.4646523	0.28331056	0.2600141	0.14252143	-0.18493651	-0.098668024	0.36011276	0.090285584	-0.26192793	-0.0097059375	0.22050776	0.20617813	0.056692254	-0.44514766	0.043099117	-0.04852176	0.2070006	-0.2967536	-0.32292494	0.22184323	0.013035907	0.43792674	-0.31466612	0.36681372	0.13830414	-0.030632937	-0.33737427	-0.4024051	-0.0740717	0.0041922545	0.1995181	-0.34871563	0.42007157	0.4334385	0.35031345	0.36678952	-0.40449876	-0.040132865	-0.09555314	-0.3649586	0.11475386	-0.30318296	0.21605067	-0.45631355	-0.13139561	-0.38125035	0.32530284	0.3681366	-0.1553398	0.21902183	0.18813764
0.07119927	-0.11239798	-0.029160291	-0.19468877	0.17001478	0.13300489	-0.005580298	-0.021241749	-0.11629185	-0.11984176	-0.15193	-0.113998406	0.06672162	0.22992124	0.039898448	0.068686575	-0.05127082	0.02855213	0.06992459	-0.16420428	0.017322117	0.12847461	-0.00757218	0.04254732	0.07549592	-0.009811409	0.17885374	0.07843853	0.0406087	0.09085155	0.15459287	0.19359328	-0.10166598	0.1419022	-0.067791335	0.20299558	-0.07119178	-0.14379129	0.053042203	0.04857777	0.25007856	-0.073133364	0.18957147	0.10548408	0.12457689	-0.18488272	-0.13439801	-0.19486989	-0.043560375	0.165165	0.15779786	-0.00015558112	0.2182676	0.06957321	0.10770814	-0.08444286	0.17076778	-0.030996753	0.060775075	-0.07581474	-0.041796125	0.01690752	0.06871481	-0.13279141
-0.0029193386	-0.3013447	-0.18476358	-0.09847713	0.11841643	-0.015130917	-0.074587695	0.09057489	-0.1361349	-0.09404173	-0.05184663	-0.054155234	0.22809787	0.068701215	0.20319737	0.23785613	-0.07241148	-0.02348723	0.03544371	-0.15589683	0.13847336	0.16344585	-0.007710708	0.20851164	0.19542995	-0.10784944	0.08406331	0.25029853	-0.026003394	0.12874667	0.090417035	0.10957066	-0.060252283	0.1497295	-0.100676015	0.15354729	-0.088853285	-0.20451812	0.09705663	-0.009451707	0.16235475	-0.15360303	0.29232427	0.2621773	0.19260155	0.02070274	-0.047857713	0.008453794	0.16356908	0.23559113	0.26286617	-0.06995434	0.17441365	0.16189238	0.06666192	-0.07014281	0.1462072	-0.103910476	0.15912877	0.007616252	-0.06697491	-0.03741535	0.10405206	-0.269369
-0.14772142	-0.11713008	-0.14488666	0.02008953	-0.075646795	-0.12284576	-0.09224196	0.17200176	0.007186254	0.09871712	0.15818389	0.11393384	0.26527256	-0.11493836	0.19006121	0.17138578	0.102667175	-0.08095371	-0.13642548	0.119589955	0.023032838	0.0026741533	-0.059194718	0.13343462	0.1802191	-0.012080501	-0.14065444	0.0968344	-0.12600924	0.18244989	-0.16640016	-0.0749843	0.07633289	-0.04571885	0.17752154	-0.08879163	0.059153523	-0.068673745	-0.10495154	-0.12076159	-0.14160952	-0.11091837	0.08265623	0.15218061	-0.049559716	0.13484365	0.17144023	0.13576923	0.14909959	-0.0738359	0.040085975	-0.12164637	-0.028587092	0.11765828	-0.11619852	0.08710651	-0.047689196	-0.15052074	-0.11813444	0.21413276	0.16359329	-0.09580104	0.14149109	0.0005183138
0.13932112	-0.13388698	-0.16384625	-0.1418221	0.11492647	-0.2003108	0.25406614	0.25601044	0.14809053	-0.21644118	0.12091378	-0.23726411	0.23205423	0.11110046	0.21819596	0.094486184	-0.31924075	-0.38383055	0.31548068	0.04904678	0.17947955	0.15816784	0.34692705	-0.068372175	0.31266758	-0.22603296	0.25573194	0.18094696	-0.060482495	0.30730245	-0.050497334	-0.045899607	0.2128514	0.23930293	0.0064641633	-0.029776435	-0.26063892	0.09703118	0.40648243	0.20238532	0.077734485	0.1340012	0.2965824	0.012773759	0.20319729	-0.053679235	-0.14227997	0.060700707	-0.036205254	0.16818358	0.1904826	0.037541598	0.13035786	-0.10180265	-0.14858578	0.10199243	0.1435081	-0.33906958	0.08299732	0.20284197	-0.23018077	-0.3832159	-0.052044705	-0.06162121
-0.08504049	-0.039422225	0.0032535803	0.093763284	-0.11807526	-0.04477913	-0.01923677	-0.06988403	0.07718698	0.05469858	0.099931404	0.1270571	-0.033797406	-0.0930466	-0.08116376	-0.051522296	0.07053368	0.011238893	-0.034552176	0.1214578	-0.16917232	-0.03234062	-0.016784467	-0.062884234	-0.048756603	-0.07409062	-0.15077512	-0.067239456	-0.1051167	0.013526453	-0.035808194	-0.07432635	0.0052360143	-0.08709285	0.16175891	0.032365073	0.06216571	0.087006204	-0.13980977	-0.098427854	-0.099576846	-0.06425842	-0.09352123	-0.0354792	-0.045240812	-0.09275623	0.14161482	-0.03574542	-0.043797016	-0.10785776	-0.04649766	-0.09836078	-0.058242008	0.047696274	-0.08603171	0.04200254	-0.005094423	0.04401947	-0.09966296	0.022781752	0.08396245	0.0802097	-0.014232036	0.016069233
0.031245073	0.29566997	0.21739647	0.25893977	-0.011384756	0.161254	0.05823615	-0.22230503	-0.17210002	0.045103114	-0.14010528	0.004837237	-0.20170864	-0.23464236	-0.26630232	0.067923255	0.0862185	0.07879462	-0.10186995	-0.03994455	-0.090656735	-0.28674844	0.038300846	-0.065687425	-0.2591723	0.15205567	-0.1019633	-0.29442832	0.12563074	-0.20216471	0.10306352	0.122911386	-0.115961194	-0.23032898	-0.090234764	-0.14867057	0.14786744	-0.07042971	-0.1420328	0.03323906	-0.001921818	0.05257914	-0.2552797	0.045674905	-0.061855167	0.06746226	0.005797559	0.035041943	-0.14875855	0.025286935	-0.2333961	0.13370115	-0.06290885	-0.0049167294	0.14762516	-0.06460602	-0.22373188	0.22828218	0.010543251	-0.16735224	0.031700592	0.11795785	-0.19049464	0.19920878
0.08553813	0.07372076	0.06285865	-0.04913226	-0.03978944	0.075046174	0.047964185	-0.17111193	0.041943174	-0.041864265	-0.032016233	0.0020928127	-0.22232692	0.038357135	-0.23101585	-0.19601789	0.018839845	0.032738972	0.009045845	-0.023609668	-0.1212257	-0.081158504	0.049524304	-0.14063624	-0.13945255	0.0449175	-0.02532112	-0.13837267	-0.06647446	-0.09587668	0.0080184	0.087623365	0.030341845	-0.0707011	-0.007868568	0.05313273	-0.0493534	0.105216965	-0.047367614	0.0026213727	0.053574085	0.041421894	-0.08805515	-0.19364974	-0.0015435839	-0.22009274	-0.10061122	-0.16369246	-0.16007687	-0.053488154	-0.10397476	0.01962523	-0.010083748	-0.07689258	-0.027694387	0.0637754	0.035758708	0.18790081	-0.003257709	-0.07576769	-0.04445905	0.09326477	-0.102090724	0.082809225
-0.14759289	-0.012167805	0.11613965	0.12462859	0.0270052	0.2797975	-0.07122893	-0.27684566	-0.1478812	0.104329795	-0.09687781	0.12595545	0.0027997883	-0.013363577	-0.074204765	0.011769598	0.21192947	0.16122732	-0.2687306	-0.058541395	-0.07043029	-0.09112239	-0.21624403	0.06323313	-0.12628604	0.11863707	-0.16487834	-0.067399986	-0.048741292	-0.14649737	0.04820158	0.087967955	-0.17199896	-0.119740985	0.12695883	0.080773115	0.27889085	-0.08401704	-0.20286936	-0.16884635	0.008484541	-0.22025481	-0.13782243	0.15099174	-0.094973594	0.13554369	0.16159844	-0.16912527	0.05710665	0.0050476557	-0.13305122	-0.1580716	-0.008034042	0.11084782	0.076092474	-0.093548715	-0.006954354	0.25516412	-0.061090425	-0.16003959	0.13752516	0.21093778	0.124744706	-0.013890456
0.15339279	0.0038526428	0.034039207	0.07629357	0.08070543	-0.0518496	0.27645957	0.11503455	0.09991744	-0.09946274	-0.027842693	-0.12886025	-0.091101386	-0.15474516	-0.059784535	0.14033708	-0.23774023	-0.19188894	0.23676921	-0.07346433	0.16296631	-0.0876124	0.21122092	-0.17913055	0.084493525	-0.0776781	0.092080474	-0.042000327	0.07350852	-0.01201532	0.020763703	0.013380178	0.1281567	0.045445077	-0.041901793	-0.15334794	-0.09756006	0.11397514	0.23749669	0.22157492	0.021758484	0.21815448	-0.0011514561	-0.057213414	0.06517234	0.01026097	-0.16476426	0.042054165	-0.10127993	0.10466563	-0.005775531	0.13968267	0.028566273	-0.18976368	-0.023402765	0.0029594484	-0.12458663	-0.10142758	0.10075684	-0.015621205	-0.11408651	-0.12799856	-0.15538388	0.14221768
0.12937261	-0.020755777	0.0043639517	0.0012476473	0.17045812	-0.15774527	0.22575739	0.17748535	0.056579985	-0.139923	0.060203187	-0.20527536	0.017368076	-0.016200017	0.0013799525	0.122471996	-0.23270379	-0.27500746	0.26571926	0.033585414	0.22213556	-1.8371378e-05	0.34503886	-0.19124873	0.19130468	-0.055508107	0.16937014	0.028100777	0.0936523	0.18070543	-0.07250353	-0.06287941	0.16019423	0.122036204	-0.008999142	-0.24808891	-0.088587	0.16253598	0.2227884	0.15808503	-0.025363635	0.22919315	0.03213469	-0.012453254	0.06982723	0.053302646	-0.17857698	0.14683792	-0.12906085	0.072087444	0.011563542	0.1512898	0.066888645	-0.14860718	-0.033040237	0.08271909	-0.0504204	-0.26005134	0.03496631	0.10210501	-0.0931775	-0.23601757	-0.20921116	0.1875155
-0.40638846	-0.2593003	-0.2898706	0.34296024	-0.305754	-0.28833708	-0.008264962	0.39156285	-0.033241488	0.37870115	0.4121338	0.24268766	0.3680739	-0.41899532	0.4599107	0.39049357	0.19417575	-0.23862502	-0.14407532	0.37459925	0.23465332	-0.056070693	-0.065757714	0.34529918	0.39379397	-0.0040540807	-0.33178297	0.28334704	-0.14208327	0.35865268	-0.30540693	-0.302531	0.19474223	0.14236256	0.3623727	-0.34494004	0.3944168	-0.00939464	0.1888533	-0.29448798	-0.3838284	-0.2642109	0.27144763	0.45444882	-0.31990832	0.5146646	0.33619952	0.37981677	0.4831302	-0.35263288	0.21091484	-0.14079458	-0.34843752	0.27173442	-0.33155334	0.22635385	-0.37523875	-0.33779684	-0.33346575	0.32360816	0.33611217	-0.23534332	0.256829	-0.095242836
-0.074693166	-0.11512408	0.042293005	-0.08182257	0.19174142	0.35344866	-0.16296217	-0.34834328	-0.43800682	0.01313854	-0.42359412	0.006306893	0.27962446	0.2758623	0.09509932	0.28787294	0.12271816	0.22735077	-0.19696167	-0.3908119	0.022695709	0.20344882	-0.22183926	0.3361112	-0.16812503	0.285313	0.063827865	0.07556675	0.10680633	-0.21261747	0.3914853	0.45049536	-0.425264	-0.04155305	-0.20606753	0.2938219	0.07827171	-0.44406953	-0.14341539	-0.09282911	0.42898846	-0.3874509	0.20419717	0.46279237	0.15704893	0.0030168733	0.03579593	-0.35338938	0.18417737	0.28379527	0.13476817	-0.08407622	0.40898758	0.37058505	0.43399277	-0.3610331	0.2513908	0.2533547	0.13876891	-0.4434715	0.010277125	0.2527598	0.21918301	-0.2902843
-0.17482518	0.0385955	0.03639041	0.13056168	-0.07751444	-0.03446881	-0.0834174	-0.010605551	-0.14372668	0.1614066	0.14705098	0.13911834	0.0888425	-0.121224	0.020262692	0.19375037	0.11463496	-0.03382459	-0.1541516	0.078790665	-0.076028846	-0.09707415	-0.058266684	0.15264744	0.039982207	0.16703133	-0.17331344	-0.08229852	0.06537674	-0.016510041	-0.06341242	-0.11372513	0.013756498	-0.07124468	0.06132895	-0.1466389	0.1742788	-0.06931159	-0.091008544	-0.16905053	-0.11962589	-0.09897737	-0.11260216	0.15151507	-0.15100136	0.19241138	0.11002287	0.158264	0.11758687	-0.14410825	-0.08461123	-0.05815127	-0.07086253	0.12501156	-0.090116255	-0.019416297	-0.18628602	-0.037584785	-0.10610672	0.08628564	0.1437427	-0.04720997	0.09373248	0.10689785
-0.05336613	-0.009537849	-0.06496981	0.058843374	-0.108834006	-0.11810565	0.066042244	-0.0032536841	0.16132109	-0.014371688	0.12889133	0.055735223	-0.050690055	-0.07224973	-0.08131477	-0.14009546	0.018142795	0.029251458	-0.009136649	0.11910616	-0.0536997	-0.047847476	0.022567524	-0.07885152	0.017226811	-0.040645454	-0.07689318	-0.042264674	-0.1262425	-0.02465058	-0.10391901	-0.16997232	0.148495	-0.057798035	0.13894041	-0.101323195	-0.02118343	0.19805893	0.027548986	-0.07225677	-0.099542566	0.11311583	0.0055422247	-0.11135225	-0.06531669	0.003673426	0.044759005	-0.073259346	-0.056224413	-0.15646634	-0.067107625	-0.015174466	-0.124790356	-0.07021758	-0.20403539	0.13143644	0.026826814	-0.019360939	-0.06831456	0.11272914	0.053154446	-0.00791722	-0.046669327	-0.0021586288
0.049395688	-0.160869	-0.15318744	0.010958675	0.031880334	-0.14610367	0.1814868	0.21094093	0.13333529	0.012052453	0.08122164	-0.0134519525	0.16629057	-0.045480497	0.19578053	0.20434879	-0.15824969	-0.2945317	0.10750464	0.09590944	0.094833046	0.039642327	0.13057935	0.051379777	0.2793323	-0.075185046	-0.005930373	0.120514825	-0.020950234	0.26310718	-0.1103949	-0.06610074	0.14809595	0.18207078	0.08797099	-0.19641045	-0.011536953	0.065857455	0.24755466	0.018916428	-0.043299917	0.031228274	0.16216576	0.114268005	0.091930725	0.058237337	-0.011966497	0.090500295	0.04591849	0.059419964	0.17696097	0.0053587966	0.003084142	0.0011317377	-0.18578774	0.16056608	0.0040645967	-0.29503664	-0.049999803	0.15104148	-0.015868407	-0.28399035	0.00010443549	-0.043623652
0.0445091	-0.1971072	-0.14569698	-0.2654208	0.09449194	0.15681939	-0.034323294	-0.12884448	-0.0435362	-0.04047823	-0.35429496	0.024042297	0.0964529	0.3298622	0.12534359	-0.074977204	0.029752225	0.04413276	0.03405516	-0.33110246	-0.10155624	0.21109341	-0.11321649	0.062033243	0.030961689	-0.055904415	0.05527468	0.23066685	-0.20332696	0.036252055	0.1535121	0.2675796	-0.112068094	0.058953706	-0.09628408	0.33618295	-0.1065423	-0.19779925	-0.016706621	0.029127955	0.34048697	-0.072185434	0.18135712	0.042237595	0.1742361	-0.33093894	-0.023066489	-0.50718796	0.0121165225	0.14694822	0.14618099	-0.17258404	0.29462904	0.060007628	0.23669429	-0.137996	0.3945053	0.0017349956	0.08807774	-0.09596617	-0.0069970354	0.04050867	0.02179335	-0.33127967
0.073678434	-0.10951248	-0.15048505	-0.073715426	-0.021779705	-0.23575078	0.22373933	0.21583773	0.098535344	0.02056702	0.17258747	-0.080416955	0.18936183	-0.044088256	0.18513328	0.09551179	-0.13846782	-0.2765002	0.192631	0.18172866	0.1475485	0.047350332	0.2508078	0.045013208	0.24665773	-0.09902754	-0.001668635	0.17476664	-0.04998079	0.25891176	-0.12314435	-0.16323687	0.23876213	0.15961997	0.13911696	-0.19915336	-0.111804016	0.073572025	0.20415226	0.07071939	-0.067795746	0.10843866	0.14946596	0.10639907	0.049019728	0.14635193	0.01110192	0.17390198	0.08192299	0.02912865	0.15259357	0.0035693329	-0.018391741	-0.0056775506	-0.12975903	0.19291297	-0.029937834	-0.21741207	-0.032396503	0.18823269	-0.000101034486	-0.24432637	-0.030626988	0.038154043
-0.2464799	-0.3062795	-0.22340387	-0.13489991	-0.13348769	0.010064683	-0.17130215	-0.026027257	0.030591516	0.081794925	-0.01691668	0.16482094	0.24747899	0.164331	0.29208082	-0.04142887	0.20481473	0.074427746	-0.18343288	-0.02707104	-0.13613445	0.24260667	-0.18390045	0.18170308	0.07861591	-0.029598504	-0.10033793	0.27882802	-0.38933158	0.16324688	-0.0044742795	-0.022061497	-0.07499155	0.009674061	0.22073512	0.19127445	0.06389618	-0.15196694	-0.14526013	-0.16648288	0.13050121	-0.20870535	0.17374335	0.1497016	-0.010944219	0.0037088967	0.19027902	-0.13321884	0.21944815	-0.030698752	0.17723732	-0.34125113	0.14608815	0.17649144	-0.046087857	0.06834981	0.31260014	0.0668305	-0.17478281	0.048136294	0.17573956	0.14003521	0.19377126	-0.30529514
-0.13001186	0.004685178	-0.066302165	0.053211696	-0.028331306	-0.07068778	0.0029936852	0.14860395	0.061189067	0.048616868	0.09904059	0.04654019	0.12675394	-0.10990698	0.0938806	0.061043456	-0.014740107	-0.08167816	0.02388118	0.17906697	0.00042592522	0.030136624	0.043562714	0.051118087	0.08580197	0.010490684	-0.124743074	0.038022242	-0.04521756	0.06418121	-0.07129408	-0.10542316	0.16402458	-0.011444003	0.10329803	-0.099631146	0.09071437	0.120791726	0.093468495	-0.049487703	-0.103652686	0.0058327755	0.01082561	0.06492649	-0.037597507	0.10284531	0.065151066	0.12220569	0.09883069	-0.06459641	-0.017853735	-0.066401	-0.09665983	-0.028905138	-0.13697584	0.06152946	-0.11663912	-0.08451319	-0.033993892	0.053207904	0.028412793	-0.075026125	0.0064738235	0.003267721
0.3165906	0.11511884	0.11908483	0.069677986	0.36372268	0.18361343	0.14403234	-0.012653185	-0.2504443	-0.23299976	-0.2965802	-0.24766685	0.035214674	-0.013164173	-0.03348374	0.3655619	-0.18765776	-0.14535928	0.17125705	-0.28222662	0.2610074	-0.06982091	0.19876653	0.067944385	0.07459294	0.1144861	0.26815012	-0.09792641	0.20931877	0.022189751	0.3147866	0.2531385	-0.13872172	0.093867995	-0.2552592	-0.103888154	-0.12801073	-0.32679734	0.18846957	0.25795144	0.30970913	-0.037454147	0.05699954	0.3214486	0.2506939	0.034232337	-0.18909083	-0.015619178	-0.09389359	0.3536237	0.061988954	0.19237664	0.2602225	0.051807128	0.22344413	-0.2993264	-0.04673381	-0.05622848	0.3012345	-0.15439858	-0.22625381	-0.12542327	-0.1868428	0.041392613
-0.069376394	-0.0035761169	0.023374494	0.013524499	-0.04583978	-0.09006279	0.026008867	0.0876307	-0.020186465	-0.0049164095	-0.0074090115	-0.01669583	0.02035532	-0.026932903	0.0862547	0.09947267	0.032180235	-0.07885198	-0.042514138	0.07698118	0.05854065	0.008574992	0.014263158	-0.005566224	0.0487197	0.049561422	-0.059820928	0.051819224	0.0431718	0.05478211	-0.015141748	0.025838457	0.0128731	0.051524915	0.029433753	-0.004541026	0.026211778	-0.011445576	-0.01635397	-0.021665541	0.047916085	-0.035850402	0.054940663	0.03310592	0.041627713	0.06527098	0.05281853	0.06603688	0.00987321	0.021597195	0.04621768	-0.044124942	-0.024730977	0.031446416	-0.00860978	0.004616961	-0.03657614	-0.00057476683	0.021432374	0.011802718	-0.02469351	-0.099274315	0.026917815	-0.03287636
-0.06477892	0.021722205	-0.18176238	0.09663798	-0.2296965	-0.32450032	0.23984516	0.23569432	0.47494993	0.09179887	0.2869253	0.11340662	-0.12142859	-0.17265587	0.045232534	-0.08831337	0.05744214	-0.22190225	0.0739918	0.29543194	-0.13601865	-0.05427411	0.23898198	-0.1969586	0.01379226	-0.23518008	-0.14079909	0.0057595125	-0.31233725	0.14180958	-0.2687355	-0.25788426	0.4059738	0.0037721614	0.295209	-0.32704183	0.071660206	0.3289246	0.027048573	-0.110098846	-0.24966595	0.32728827	-0.051405713	-0.2874798	-0.12939079	0.04252082	0.12532672	0.11604801	-0.08477378	-0.1943751	-0.0790781	0.0562104	-0.21970643	-0.25124082	-0.2839249	0.38242358	-0.16222113	-0.07000623	-0.1528558	0.352962	0.13696115	-0.1306923	-0.14604932	0.18990767
-0.21213484	-0.0019180082	-0.028130095	0.15870106	-0.13406117	-0.084686264	-0.0142710395	0.027321056	-0.013336618	0.10718027	0.080909446	0.14418864	0.009415586	-0.07879969	0.07286661	0.07200607	0.11393245	0.058627546	-0.16715632	0.12084109	-0.050295893	-0.046980914	-0.09408553	0.022170119	-0.03052118	-0.020213185	-0.17953438	-0.034772635	-0.03711014	0.050126787	-0.11318221	-0.13699698	0.08531562	-0.05833393	0.10918823	-0.029478591	0.17811826	-0.008324991	-0.05203729	-0.17241612	-0.12861341	-0.052811302	0.008594202	0.017402114	-0.108017206	0.1703593	0.14726768	0.10016497	0.08055588	-0.10723394	-0.006964329	-0.08027432	-0.16007338	0.015157067	-0.08201365	0.028914059	-0.124931715	0.052375305	-0.096062586	0.036723062	0.14566602	-0.0035387434	0.05719258	-0.04015135
0.2352503	-0.37060246	-0.41737548	-0.2705253	0.223244	-0.21115929	0.21695201	0.3371653	0.33572474	-0.27539515	-0.11627436	-0.2547212	0.2430866	0.29737878	0.2766475	-0.03481104	-0.29155254	-0.33199158	0.34606016	-0.16462256	0.15563296	0.30769122	0.30610386	-0.20580868	0.31806716	-0.27097732	0.26894614	0.3897309	-0.31189412	0.362409	-0.0027198778	0.060145497	0.33699405	0.28920665	-0.10105832	0.21819556	-0.34364855	0.0029869655	0.3427231	0.18796563	0.20148781	0.23731802	0.36986366	-0.1921212	0.2658258	-0.21570551	-0.19905455	-0.16730526	-0.1708145	0.25641456	0.3087249	-0.10096874	0.2846172	-0.25283906	-0.08480004	0.1941371	0.3646855	-0.32322884	0.16422944	0.26001292	-0.265167	-0.29354218	-0.12854761	-0.35587832
-0.13839884	-0.002266965	-0.087457314	-0.007155388	-0.16662139	-0.06359793	-0.023875736	-0.046970148	0.19802727	0.07767908	0.06302797	0.1331144	-0.10006241	-0.0067212	-0.04079451	-0.0889613	0.09061863	0.045087725	-0.13700368	0.06533167	-0.17158242	0.034827676	-0.10479882	-0.033448447	-0.034463372	-0.04523891	-0.15964589	-0.0004543469	-0.2355424	-0.019714447	-0.074267216	-0.1377057	0.08220524	-0.06712518	0.1452234	-0.035744224	0.05890181	0.14697787	-0.18017623	-0.119296886	-0.0838418	-0.031477798	-0.019227695	-0.14461613	-0.13735615	-0.0480682	0.11667889	-0.049189683	-0.049364023	-0.1229989	0.022289487	-0.11315983	-0.02270417	-0.05282325	-0.094095826	0.18064703	0.019186383	0.15352221	-0.19133833	0.095926784	0.15986979	0.08228065	0.029337969	0.023343164
-0.16003348	-0.14572525	-0.23027302	-0.06896384	-0.17186965	-0.13346419	0.00590254	0.044337355	0.30253807	0.054352235	0.15678369	0.14644551	-0.07244132	-0.009161943	0.043024607	-0.16530195	0.12616576	0.042404246	-0.043963782	0.1831801	-0.17664053	0.045630787	-0.06165459	-0.08207757	-0.03762004	-0.2126176	-0.11103426	0.13491902	-0.38526574	0.10007427	-0.20943967	-0.17862831	0.21185888	-0.017910391	0.2550384	0.057141248	0.039143953	0.09765939	-0.085941926	-0.08035858	-0.15025832	0.015510049	0.07678358	-0.12370662	-0.08399478	-0.03206053	0.0894385	-0.02965732	-0.052506093	-0.19204496	-0.009429774	-0.24771902	-0.13402463	-0.03744824	-0.235093	0.25087428	0.031447925	0.036104113	-0.19818385	0.24641469	0.16476974	-0.0034713554	0.010957682	-0.062345028
-0.05417362	-0.029110797	-0.042906042	0.054271325	-0.064515695	-0.16323848	0.045561332	0.18229575	0.05753634	0.05744774	0.14523812	0.085098274	0.025099782	-0.0788141	0.10929084	0.041883986	0.048455477	-0.15045358	-0.005963008	0.15361871	0.027142731	-0.05072473	0.10223402	0.038473368	0.10090681	-0.056909394	-0.07866717	0.03935363	-0.02376878	0.12956887	-0.17675924	-0.19828613	0.17346999	-0.020922601	0.17245466	-0.19919747	0.02625244	0.1083905	0.015561596	-0.088012606	-0.12144459	0.048303943	0.073064394	0.03652669	-0.068298705	0.11060777	0.12201768	0.1259165	0.08755449	-0.09082195	0.021817576	-0.0066518346	-0.07828752	-0.06944281	-0.15162008	0.11343782	-0.121617414	-0.11911343	-0.06762613	0.19908693	0.088723525	-0.13192783	-0.008308869	0.053925306
-0.059410084	-0.2134228	-0.2751361	0.009365374	0.0005813266	-0.3216763	0.14146812	0.33200443	0.12682956	0.00070530776	0.1693112	-0.050053973	0.3165074	-0.040754955	0.32921475	0.24980818	-0.09744377	-0.351944	0.14467883	0.10190204	0.18235129	0.09515318	0.16877548	0.056374013	0.3918176	-0.099845774	-0.0062290328	0.19649053	-0.12200278	0.33601066	-0.17688581	-0.123530224	0.37566736	0.18357125	0.12279351	-0.1957817	-0.0013519635	0.054339446	0.22128963	-0.024641557	-0.14338519	0.079526	0.1850399	0.10108831	0.028363468	0.10195337	0.057475835	0.14049786	0.07001948	-0.08491343	0.13128303	-0.011243967	-0.053573363	-0.084388174	-0.28600955	0.21545894	-0.069556564	-0.3327058	-0.11186702	0.33720946	0.01801854	-0.28381047	-0.041201364	0.027271658
-0.02432985	0.06930887	0.14698838	0.13046005	0.09120006	0.09351188	0.028314196	-0.019975891	-0.17382617	0.025351774	-0.03766912	-0.011125055	0.0538864	-0.049998477	-0.056280196	0.28240764	0.032492876	0.07105263	-0.13164812	-0.033261474	0.021660471	-0.11431219	-0.091198124	0.12575871	-0.041759975	0.21137019	0.032360338	-0.03185272	0.08936711	-0.087329626	0.07052462	0.078352414	-0.14668971	-0.16912563	-0.0539386	0.011182474	0.07849102	-0.21190692	-0.03755127	-0.053019386	0.15981573	-0.11975649	-0.08231202	0.22526665	0.01515891	0.07451146	0.06201463	0.062135532	0.022719372	0.14924614	-0.026490256	0.008161063	0.14610718	0.10388543	0.10598255	-0.14581336	-0.03164059	0.049365982	0.08436696	-0.061414897	0.006074738	-0.029963652	-0.004878256	-0.018160945
-0.27200297	-0.07017831	-0.21742287	0.10364034	-0.22036804	-0.24525559	0.028784553	0.22248212	0.26571116	0.24377659	0.2571944	0.23532248	0.10587275	-0.20319395	0.090073414	0.010382378	0.16782914	-0.08852862	-0.1364895	0.3187714	-0.03957018	-0.0975464	-0.0037610184	0.05806784	0.058592197	-0.104366295	-0.20765334	0.103804655	-0.33798474	0.14452691	-0.30121648	-0.3148589	0.22515608	-0.047429707	0.30096817	-0.1627332	0.15523487	0.16798857	0.028749343	-0.2276816	-0.28809744	-0.008820979	-0.00037340904	-0.08523443	-0.18359517	0.26629046	0.23605101	0.20624943	0.13090742	-0.27212408	0.024515294	-0.1352446	-0.22106628	-0.00092433434	-0.2977975	0.29920065	-0.12728637	-0.04880965	-0.24699399	0.3235019	0.2238816	-0.09716223	0.053697634	0.07411861
0.14521042	0.0292302	0.039794497	-0.11651681	0.0872713	0.11826532	0.08477435	-0.05510107	0.076702245	-0.13038929	-0.2512415	-0.06301653	-0.10457825	0.1881184	-0.08644694	-0.112719424	-0.07231523	0.04042278	0.11301156	-0.23483472	-0.08145917	0.024367327	0.012405481	-0.1500594	-0.063420705	-0.06480672	0.16343139	0.0011891573	-0.07299585	-0.060361963	0.069408916	0.13449913	-0.021953423	0.083330914	-0.11334236	0.1325853	-0.13320087	0.011958986	0.00912422	0.116372235	0.2027072	0.02821378	-0.027834328	-0.15117379	0.0939912	-0.30109015	-0.21550761	-0.39488575	-0.28247064	0.08738796	0.024520865	-0.026737751	0.16145095	-0.117848665	0.08851418	-0.0071351742	0.14518332	0.034840323	0.12426138	-0.10863078	-0.14359424	0.07481989	-0.12595849	-0.0439235
0.10477611	-0.2670438	-0.34787592	-0.34851804	0.12292177	0.06739193	-0.022155095	0.031894155	0.27130285	-0.1353555	-0.19500399	-0.10005154	0.009197953	0.34436592	0.21257406	-0.25098726	-0.01350325	0.009761041	0.08489373	-0.13542451	-0.12868196	0.3339061	-0.05119151	-0.043504044	0.060582183	-0.2746693	0.12648061	0.3694312	-0.50059813	0.1457909	0.031081755	0.12104231	0.0027908704	0.13862717	0.003332906	0.32272503	-0.14442237	-0.0144468425	0.0144993365	0.107205234	0.22070786	-0.036268875	0.24830677	-0.09363957	0.16359383	-0.36097527	-0.10049663	-0.35800213	-0.075202145	0.13409978	0.25562543	-0.23103732	0.21440761	0.001506559	0.037504684	0.07350538	0.4176828	-0.012802345	0.09668154	0.0764438	-0.11174348	0.07722208	0.06409707	-0.21963342
0.09104362	0.007736464	0.039959114	-0.08824242	0.13395406	0.15538013	0.10448591	-0.020509709	-0.089940906	-0.112268254	-0.20608287	-0.094414085	0.01510153	0.106618874	-0.06086474	0.18068233	-0.03861876	-0.020569269	0.0858327	-0.21279716	0.023363266	0.017943345	0.10593664	0.030679055	0.026144786	0.043765746	0.13600305	-0.041026525	0.039972402	0.013918034	0.13953628	0.24407941	-0.085570596	0.08717107	-0.20235428	0.049517415	-0.04505339	-0.20634824	0.071409814	0.13143826	0.25502938	0.0158128	0.013457992	0.13794923	0.0688614	-0.04433101	-0.09945713	-0.17067935	-0.0675814	0.15286888	0.10024796	0.030164955	0.17304689	-0.0036540849	0.15306515	-0.097389445	0.109925695	-0.008309767	0.106239334	-0.08347488	-0.107138805	-0.042124853	-0.05843523	-0.098495945
-0.37583062	-0.08901883	-0.1322633	-0.0041288063	-0.26816702	0.14484717	-0.26168156	-0.2888641	-0.05383075	0.33734694	0.009387173	0.38167253	-0.0033191917	0.11543451	-0.013100697	-0.13100123	0.40716013	0.27753258	-0.3822061	0.031474076	-0.28119558	0.02784914	-0.38981184	0.15987056	-0.18828723	0.13544247	-0.328641	0.10247287	-0.33942625	-0.12811886	-0.01899165	-0.022492563	-0.095752165	-0.19912753	0.26569405	0.19667463	0.3685983	-0.09683102	-0.32982928	-0.41997665	-0.0026703659	-0.23199032	0.011132985	0.037161406	-0.19146821	0.017340347	0.3970942	-0.27186966	0.18371372	-0.17680258	-0.022878293	-0.30150518	-0.055509847	0.15710294	-0.022889767	-0.0042920522	0.13640249	0.28253043	-0.21460152	-0.07300708	0.40058848	0.28062546	0.26933014	-0.17709346
0.050458748	-0.22847643	-0.0945851	-0.30251515	0.18408072	0.2106329	-0.04118257	-0.093993	-0.024094125	-0.20109513	-0.39441967	-0.10673706	0.123685576	0.45807996	0.08855246	-0.09294033	0.011571044	0.1171772	-0.055910874	-0.39509055	-0.060241736	0.32672456	-0.10940302	0.088474266	-0.044678822	-0.13150801	0.18345785	0.28185156	-0.14864708	-0.029341975	0.26894453	0.35599807	-0.11859592	0.11358606	-0.24955918	0.3925838	-0.13980705	-0.21652769	-0.072521396	0.057817917	0.3730152	-0.07091523	0.2486541	0.048286762	0.23117577	-0.3835346	-0.1219036	-0.4310975	-0.049750913	0.31678647	0.23515181	-0.2131598	0.40136644	0.11696943	0.2648908	-0.08697001	0.47543907	0.048047785	0.19455765	-0.10273666	-0.06684807	0.088328846	0.071909584	-0.35591435
0.14559767	-0.023993006	-0.02029974	-0.018723886	0.040723603	-0.0057981946	0.12592968	-0.013373878	-0.025853809	-0.06494852	-0.053979192	-0.10814251	-0.12793384	0.02341244	-0.004629513	0.029056033	-0.061646722	-0.06599967	0.12813248	-0.034250535	0.01902746	-0.030656878	0.14644891	-0.11532443	0.00091115444	-0.07859594	0.04679424	0.0055185454	-0.010839015	0.04326538	0.039374024	0.014705229	0.027668206	0.020381145	-0.0828341	-0.020320453	-0.032367334	-0.012170872	0.033377275	0.1393983	0.03532544	0.054236002	0.0116088465	-0.054734033	0.111174785	-0.090276085	-0.054846376	-0.015246735	-0.14243802	0.027489109	0.046133656	0.063933216	0.021990513	-0.10115952	-0.010717656	-0.020967277	0.03504303	-0.014979119	0.07059858	0.010374737	-0.11081185	-0.05586365	-0.06359097	0.045207016
0.20019376	0.1965836	0.2688438	0.11112069	0.2717802	0.28977507	0.087921344	-0.25544098	-0.25895494	-0.09478419	-0.32689065	-0.114030436	-0.1307632	0.057602987	-0.2276965	0.20228952	-0.07999718	0.025481528	0.01212486	-0.30356687	0.0015188868	-0.107165575	0.040298466	0.051369995	-0.16874501	0.14223707	0.1981434	-0.21552648	0.20168051	-0.229813	0.30362904	0.24585792	-0.19947824	-0.11219898	-0.29879028	-0.010953786	-0.06452353	-0.26215166	-0.043463208	0.16734359	0.27772462	-0.062119845	-0.10797977	0.15993093	0.12852168	-0.040361222	-0.10769507	-0.14904395	-0.09831061	0.31586716	-0.074945636	0.12198616	0.19816053	0.11774638	0.31428704	-0.32738712	-0.036644854	0.120480426	0.17105952	-0.34418553	-0.18510966	0.08248513	-0.08995624	0.012146421
0.2312393	-0.1369538	-0.094533645	-0.34373662	0.20976594	0.15871443	0.18595436	-0.037264638	0.18638855	-0.31928834	-0.21842523	-0.23425867	-0.123523675	0.36462158	0.012555313	-0.14335784	-0.19575463	-0.02091724	0.2497474	-0.31726187	-0.058467347	0.25642076	0.14936887	-0.19476801	0.0021249831	-0.26841405	0.22445384	0.1971281	-0.08054521	0.059685744	0.15222573	0.19985285	-0.08757011	0.1641905	-0.20812576	0.2552849	-0.24430223	-0.026035223	0.07759191	0.27437502	0.26236704	0.07884874	0.20386408	-0.10521881	0.2464661	-0.3616488	-0.29382497	-0.3761139	-0.2936975	0.26088804	0.26514742	-0.042878106	0.24467887	-0.077986866	0.10147463	0.027087873	0.3492106	-0.04059235	0.1793713	-0.100125566	-0.20246993	0.025498858	-0.13091582	-0.23396969
0.08933785	-0.049270164	-0.03547476	0.08058932	-0.0037181282	-0.28806427	0.22017488	0.35611635	0.16308776	0.0065058125	0.20240393	-0.0694311	0.14817147	-0.21267244	0.09434448	0.16685234	-0.25533253	-0.3634206	0.24009441	0.19430436	0.19691367	-0.01756382	0.28106824	-0.017061125	0.31373733	-0.09108957	0.052223053	-0.03523214	0.10823506	0.22853878	-0.1163848	-0.11080583	0.21005544	0.16193405	0.067812465	-0.27602962	-0.054462884	0.1469099	0.31728396	0.08383855	-0.15262662	0.13994184	0.10549884	0.012335385	0.026792603	0.20377167	-0.07381148	0.31844366	0.07907111	0.031207416	0.020115672	0.14723435	-0.08194796	-0.1637962	-0.12864535	0.09243644	-0.21881261	-0.38076976	-0.018218756	0.2536812	-0.054407187	-0.37859878	-0.114922225	0.13204886
-0.21633087	-0.03924183	0.027497303	-0.053372327	0.075694196	0.3365109	-0.19089243	-0.32806748	-0.24964713	0.08199787	-0.2202488	0.18345669	0.09284235	0.15859109	-0.039029878	0.017585846	0.29667792	0.32298234	-0.32223025	-0.25856465	-0.061823204	0.033364225	-0.30616787	0.20239066	-0.21501519	0.23722167	-0.0994127	0.012858199	-0.085128225	-0.14416642	0.16805546	0.15899329	-0.26443896	-0.19545275	-0.06104761	0.28453565	0.26632655	-0.2109439	-0.24355653	-0.24670799	0.13434821	-0.30259433	0.07615561	0.17377497	-0.018588036	-0.10303806	0.21945421	-0.32694778	0.15866655	0.03804747	-0.031290475	-0.20011564	0.12853542	0.2475532	0.21825805	-0.23809415	0.19172995	0.39786544	0.03667813	-0.32242644	0.1359721	0.34789434	0.17479183	-0.1418263
0.42236385	-0.030248398	0.035729613	-0.09360853	0.32558072	0.08580869	0.3428021	0.08503216	-0.03274347	-0.263853	-0.25315493	-0.28978688	-0.13101387	0.08756878	-0.063658014	0.13882187	-0.3177873	-0.19798239	0.28193825	-0.3443819	0.13990033	0.0769753	0.3792071	-0.30300182	0.119175136	-0.061198708	0.28439268	-0.04805806	0.14064558	0.033623237	0.2198162	0.2938966	0.07859024	0.111905076	-0.30448386	-0.0907398	-0.30601612	0.008422041	0.22178271	0.28234068	0.2719914	0.2474097	0.14408608	0.048004515	0.2753954	-0.21770683	-0.29450876	-0.2139817	-0.3549728	0.29791564	0.12149107	0.19709392	0.21555309	-0.21579684	0.119974926	-0.1059525	0.08241673	-0.23886485	0.2335542	-0.046369158	-0.26067728	-0.25906134	-0.378848	0.019609118
-0.27482873	0.28456658	0.21825625	0.37703785	-0.31395113	0.016601413	0.041887406	-0.23858124	0.38323656	0.27956244	0.2769399	0.32985502	-0.30471718	-0.33275968	-0.2929878	-0.24562673	0.34548503	0.25916442	-0.2726841	0.35076782	-0.3361198	-0.3347269	-0.2267248	-0.26560292	-0.31204414	0.22769444	-0.39362934	-0.2539406	-0.2227172	-0.2817077	-0.2907709	-0.3262288	0.25483596	-0.337457	0.35440317	-0.31597394	0.35672274	0.38293108	-0.33060065	-0.23234977	-0.39356288	0.20498759	-0.3332674	-0.29128125	-0.36935163	-0.014585998	0.2666933	0.00087432755	-0.19485193	-0.39003247	-0.31493214	-0.029169757	-0.35506523	-0.19289063	-0.32939562	0.34074575	-0.35516295	0.32272175	-0.28830713	0.025514489	0.28501046	0.29148713	-0.216525	0.2977365
0.07474679	0.16158687	0.20121656	0.19828817	0.07417833	0.17951888	0.12050452	-0.17653237	-0.21535009	-0.022270892	-0.10295531	-0.064723164	-0.15471615	-0.15005763	-0.2559028	0.11251299	0.035270162	0.075881004	0.014887306	-0.08210675	0.018197315	-0.19906631	0.060114574	-0.012944663	-0.14154471	0.21387962	-0.06503028	-0.24943115	0.15637556	-0.23388529	0.13068125	0.14764601	-0.12985729	-0.18043178	-0.14127544	-0.16629048	0.022773048	-0.08230823	-0.13256396	0.074837334	0.039759316	-0.0006948658	-0.25539085	0.09094788	-0.093559265	0.008332831	-0.00851718	0.016773138	-0.1153812	0.01928365	-0.21434288	0.16363	-0.030026035	-0.049991556	0.107100256	-0.12610714	-0.14330056	0.17856011	0.015313902	-0.2178666	-0.060967892	0.08640681	-0.1311423	0.17176645
-0.31570128	-0.049048487	-0.005348536	0.22664061	-0.18796453	-0.048893042	-0.13525233	0.023177927	-0.14631185	0.26872575	0.06393109	0.26340497	0.08689679	-0.11768052	0.0170809	0.08252423	0.21616337	0.08871117	-0.26090622	0.1419976	-0.13102527	-0.16823086	-0.2247234	0.21989581	-0.0074890824	0.2037562	-0.22977856	-0.0037494344	-0.07809183	0.029069444	-0.047795955	-0.04454758	-0.05570423	-0.15960373	0.19049689	-0.07540036	0.25642633	-0.14555675	-0.14172234	-0.27036303	-0.09587343	-0.19349779	-0.11019502	0.18676391	-0.17856683	0.21641977	0.32354423	0.13338558	0.2689009	-0.10597429	-0.10241192	-0.13225617	-0.0547321	0.22394653	-0.013134976	-0.016484566	-0.05748071	0.10216325	-0.16654491	0.06813167	0.21863647	0.011652908	0.17143975	-0.03121575
0.3099313	-0.21087626	-0.1883351	-0.34238634	0.23776045	0.12495238	0.12572776	0.08292707	0.14799377	-0.2913815	-0.31605357	-0.2733688	-0.02216343	0.40786767	0.027126731	-0.09818429	-0.23473056	-0.06336445	0.19430529	-0.2813034	0.022392446	0.27439308	0.14873382	-0.15066734	0.12842654	-0.21194476	0.28008568	0.19355695	-0.06936222	0.17583646	0.22482412	0.27129054	-0.006935329	0.23738664	-0.234242	0.33115387	-0.3419099	0.03818101	0.2060952	0.2601616	0.3395011	0.14483438	0.2864827	-0.14243177	0.27391797	-0.34386784	-0.2323429	-0.3726984	-0.25094044	0.28667685	0.27046478	0.0012610178	0.28437722	-0.05745452	0.15287107	-0.035353698	0.33769548	-0.094017595	0.20950435	-0.0011956936	-0.22607154	-0.058628824	-0.1653131	-0.21091463
-0.07603435	-0.15404785	-0.050191663	-0.11322258	0.012246989	0.030265873	-0.053215917	-0.06675132	-0.17167701	-0.01974795	-0.005226902	0.03755824	0.19130276	0.051711485	0.15377775	0.1407699	0.032347072	0.07856919	-0.029060356	-0.0147892255	-0.03052367	0.10552405	-0.10266558	0.094059326	0.017088816	0.013351763	0.05141672	0.1811856	-0.072598144	0.02889549	0.07054983	0.05222363	-0.11235354	-0.023115905	0.06189169	0.09750836	0.02329417	-0.18971226	-0.024067227	-0.0072210594	0.08572949	-0.16575135	0.11156924	0.1720111	0.048490748	0.03056207	0.010686198	-0.054610617	0.12580186	0.11723434	0.085901484	-0.13965249	0.107779145	0.13122374	0.0614284	-0.056705914	0.16891095	0.082195885	-0.0007705991	-0.028401133	0.066017926	0.083121784	0.09524082	-0.23149712
-0.00035298237	-0.17392518	-0.096384056	-0.14045441	0.022132276	-0.024760198	-0.028093493	0.057821833	-0.11726776	-0.023598699	0.021372166	-0.019022137	0.18582465	0.13509272	0.17230272	0.22403158	0.014458638	-0.11327651	0.0051700263	-0.03407204	0.12466356	0.17538677	0.036637485	0.1686102	0.14426248	-0.03455055	0.06882648	0.1349967	0.003090644	0.11484569	0.092029415	0.07230019	-0.02918451	0.12238619	-0.060291335	0.0885711	-0.03131048	-0.18486904	0.024968768	-0.038628437	0.13501783	-0.051292397	0.1666567	0.21746685	0.052142628	0.006415192	0.04477746	-0.0053323004	0.08204005	0.18016024	0.15091383	-0.08985501	0.15085872	0.120109916	0.07357495	-0.06592213	0.19009161	-0.09340194	0.08190923	0.023278972	-0.042720046	-0.086198166	0.08804331	-0.2317822
-0.11952183	-0.020238062	-0.0039817784	0.11737025	-0.08791829	-0.016755408	0.0018058363	0.049379412	-0.012352353	0.12400191	0.1026417	0.08990827	0.051433135	-0.119622916	0.043275207	0.08587915	0.11462976	-0.008729532	-0.045167357	0.07258155	-0.03862518	-0.04235664	-0.026314938	0.028964987	-0.014828165	0.10681149	-0.12748253	0.0191442	-0.017020332	0.01136227	-0.062458616	-0.09511631	0.031114353	-0.06344749	0.06448703	-0.046969265	0.11312419	-0.024149394	-0.082536064	-0.08488843	-0.06486471	-0.07429055	-0.06115499	-0.01094883	-0.0784317	0.10270049	0.08451523	0.05168416	0.1279055	-0.109120145	-0.06623595	-0.015134618	-0.053757567	0.10302413	-0.093593635	0.03369164	-0.048209447	0.05619185	-0.0882384	0.07037349	0.14683399	0.041664314	0.020065926	0.06089489
-0.15551189	-0.19890128	0.020007849	-0.08037562	0.2149487	0.37394944	-0.17418052	-0.30459577	-0.35829464	0.108163014	-0.40317896	0.0386363	0.20943278	0.3289731	0.13787882	0.16155392	0.16698919	0.28216735	-0.22330259	-0.4219041	0.056424633	0.23910828	-0.23707207	0.34291378	-0.25942877	0.20338625	0.096236475	0.17278495	-0.021164317	-0.11974085	0.33196095	0.39458972	-0.31778848	-0.046899803	-0.13882315	0.31465313	0.14069232	-0.39201182	-0.1368148	-0.14920993	0.4954777	-0.34151354	0.18642984	0.3345494	0.11381631	-0.04643773	0.099454165	-0.382745	0.2549951	0.35003155	0.07451232	-0.21522412	0.46983758	0.2722797	0.28116846	-0.31937218	0.2990721	0.24238594	0.22817181	-0.34668806	0.12111244	0.2804091	0.20504974	-0.2852358
-0.11987501	0.36474434	0.18664254	0.07678995	-0.3984803	-0.035580702	0.27436033	-0.29889756	0.7953917	0.0518415	0.21145815	0.32664707	-0.63588583	0.025151717	-0.4663973	-0.7036145	0.22231837	0.2426464	-0.011328602	0.25504124	-0.48927936	-0.2934879	-0.011484501	-0.6909182	-0.42455614	-0.13086955	-0.2598682	-0.34298745	-0.6664352	-0.40221947	-0.44337964	-0.42762956	0.53315336	-0.27068526	0.3937977	-0.1399675	0.049867023	0.70236254	-0.38672417	-0.014316417	-0.3848384	0.54041517	-0.40122548	-0.78795695	-0.25606945	-0.6998358	-0.0043326067	-0.5531551	-0.70493954	-0.4685784	-0.34054875	-0.034196664	-0.35493845	-0.6255523	-0.43101183	0.596603	-0.063209	0.35676044	-0.37106815	0.16059914	0.12460709	0.43695608	-0.50940436	0.4365961
0.21463788	-0.54374486	-0.5315537	-0.34723255	0.08373143	-0.3324861	0.23443697	0.44485253	0.44790816	-0.16328469	0.12743106	-0.23376898	0.35219976	0.269975	0.47868705	-0.052932248	-0.23350559	-0.3336904	0.33830586	0.012187581	0.06544021	0.43829376	0.28565124	-0.18074365	0.3865239	-0.32285014	0.18946709	0.47806653	-0.52965206	0.49691653	-0.20371637	-0.09420602	0.4502927	0.31626487	0.09797238	0.19716343	-0.23609701	0.21994632	0.3445566	0.16691409	0.11290778	0.22025195	0.46143353	-0.17697911	0.26960537	-0.20209908	-0.18948966	-0.1339183	-0.05547559	0.15504129	0.45804852	-0.33945495	0.22681671	-0.20031206	-0.3071882	0.47233295	0.41182	-0.3451103	0.023755163	0.48156244	-0.12099395	-0.30114374	0.003126857	-0.4583415
0.22675066	-0.08436737	0.023016848	-0.19206363	0.24829414	0.17203991	0.0020986418	-0.06622568	-0.072559014	-0.27817068	-0.36328617	-0.23091125	0.0015174146	0.31882694	0.010415115	-0.01015723	-0.07893372	0.007947395	0.12845102	-0.36828285	-0.03441519	0.26730233	0.0032964072	-0.030653564	0.026546303	-0.051277548	0.27576563	0.0918595	0.003945951	0.019376207	0.2313881	0.3211826	-0.10017189	0.11539985	-0.26206023	0.21216525	-0.22023013	-0.11459362	0.12070104	0.22475417	0.37704816	-0.07422149	0.22990124	0.0302414	0.26145977	-0.26561657	-0.17828785	-0.32645205	-0.11145137	0.28300294	0.1945454	-0.064448014	0.36244765	0.06349239	0.20394868	-0.18443777	0.28382906	0.032760147	0.24323666	-0.1261809	-0.18317835	0.03636983	-0.054648176	-0.23065825
0.11926199	0.09339976	0.12889868	0.1861268	0.19278917	0.092421904	0.074427105	-0.041649856	-0.25415802	-0.037575897	-0.06277021	-0.11904361	-0.020678112	-0.17867033	-0.14591743	0.24588184	-0.041234244	-0.09026378	0.0983644	-0.029049993	0.17587242	-0.13204515	0.053369015	0.04952541	0.021975435	0.08891928	0.044207256	-0.12492365	0.17660767	-0.0355784	0.13433158	0.08174663	-0.10332817	-0.061515518	-0.17298055	-0.14247754	-0.029397178	-0.04413703	0.047619533	0.055207517	0.015578136	-0.03274209	-0.09895928	0.171388	0.032337382	0.11446734	-0.09880975	0.06825802	-0.042741742	0.19370271	-0.14292479	0.12911063	0.028412754	0.09888212	0.16086458	-0.14888349	-0.17378707	0.006506127	0.10742789	-0.10188124	-0.11135777	-0.12799211	-0.05458877	0.13346483
-0.13572454	-0.05911206	-0.04161545	0.0070118997	-0.056139525	-0.06562639	-0.034052983	-0.0028280457	0.027507741	0.10973524	0.02583758	0.10701353	0.03614015	-0.010079236	0.018412812	-0.013339149	0.08694282	0.040811915	-0.13006207	0.07781966	-0.12420959	-0.006080141	-0.06819011	0.078620605	-0.024552966	-0.014900712	-0.050804503	0.08818192	-0.16654374	0.019057361	-0.082227476	-0.0110700615	0.046578273	-0.011864156	0.09447606	0.008571216	0.06380876	-0.048647687	-0.12229313	-0.13867259	0.021527186	-0.08139405	0.008508142	0.033826575	-0.0110927345	0.0035052514	0.084892616	-0.059033923	0.031075152	-0.08548924	0.07903461	-0.14119016	0.025778392	0.0542755	-0.028922103	0.011378203	0.098211445	0.08707166	-0.12276619	0.07442263	0.09663324	0.0539859	0.030051224	-0.026343301
-0.18360804	-0.38971496	-0.3527368	-0.118936405	-0.12735532	-0.04342285	-0.18260315	0.013600801	0.034714352	0.13783222	0.06424402	0.13260883	0.2579089	0.19700523	0.3250516	-0.04418059	0.15298045	0.08383546	-0.13992825	0.0005857938	-0.1296159	0.22280769	-0.14692114	0.14243516	0.044070777	-0.087431915	-0.12400226	0.39651272	-0.52022487	0.20774178	-0.10574975	-0.026542498	-0.10064226	0.047463663	0.23240606	0.21498162	0.107714154	-0.19200099	-0.14155498	-0.19265208	0.07445318	-0.19048968	0.22998516	0.103153855	-0.02747424	-0.002954002	0.195531	-0.10651362	0.24734224	-0.034670666	0.18651032	-0.3224114	0.14032337	0.1630878	-0.032505456	0.09221796	0.28483018	0.038382575	-0.14821772	0.059980325	0.19206053	0.099877454	0.2613421	-0.36126155
0.05098856	0.06859729	0.0024768594	0.08852675	-0.061535284	-0.086751334	0.24105719	0.07670584	0.23309976	-0.022704719	0.16337103	0.029374193	-0.21168818	-0.10653235	-0.14604694	-0.18208584	-0.001331875	-0.110391	0.061829228	0.15779865	-0.15037435	-0.11407945	0.15292394	-0.31735277	-0.005169315	-0.09489125	-0.11651392	-0.07940082	-0.110894576	-0.011961232	-0.25466427	-0.20518509	0.32298422	-0.030326009	0.11767965	-0.21020569	-0.027974881	0.33017725	-0.024467133	0.07582004	-0.18704396	0.19579156	-0.13655375	-0.31728023	-0.032232933	-0.05820621	-0.027122634	-0.0128491325	-0.24012631	-0.13983141	-0.12260657	0.031397987	-0.15496266	-0.20631869	-0.19024046	0.22109589	-0.1643208	-0.01992425	-0.12621145	0.12442231	0.028262304	-0.06763918	-0.21456504	0.19481295
0.45180574	0.45937157	0.5266795	0.5100044	0.49424726	0.51749885	0.27486467	-0.4603807	-0.5963322	-0.33702698	-0.44981676	-0.43986616	-0.34360296	-0.46705905	-0.5135268	0.45042533	-0.2818312	-0.06908823	0.15257305	-0.4710634	0.31315303	-0.44575548	0.26328477	-0.007590822	-0.39505002	0.40817562	0.3473765	-0.48964447	0.4687397	-0.45405513	0.44588974	0.49341527	-0.43360358	-0.32681012	-0.49348554	-0.40170217	-0.02808429	-0.442521	0.1499973	0.345592	0.4971654	-0.050033465	-0.42875692	0.50024974	0.11948623	0.36289206	-0.3051269	0.25575095	-0.29790312	0.5470254	-0.48277912	0.39301378	0.23470421	0.18031517	0.4589088	-0.46567747	-0.4869059	0.20204094	0.40630588	-0.53488505	-0.39022768	-0.085447595	-0.3563327	0.36370194
0.06369495	-0.35288233	-0.4194222	-0.10739114	-0.06324538	-0.40256932	0.21947636	0.3720306	0.3294601	-0.023079112	0.27008635	-0.14992404	0.30838284	-0.050806418	0.40067983	0.26861754	-0.23840272	-0.34144196	0.2837742	0.16627437	0.27336454	0.20844233	0.3086026	0.023241825	0.3868822	-0.28240496	0.07735491	0.3101958	-0.23102272	0.38999718	-0.27737346	-0.18992008	0.3433774	0.33196673	0.16212802	-0.1909524	-0.13434054	0.17878711	0.35043067	0.02046461	-0.14784133	0.20440198	0.30364823	0.19643143	0.15188028	0.16701746	-0.07928227	0.2317046	0.12438218	-0.06343156	0.30359977	0.02670003	-0.059970558	-0.1701783	-0.3138348	0.35058928	-0.00045326463	-0.40320054	-0.076236606	0.37046903	-0.08691992	-0.33038807	0.04851814	-0.06961118
0.052366648	-0.07850784	-0.07380241	-0.04545985	0.05847308	-0.06772293	0.1632563	0.179058	0.19799857	-0.1285407	0.10073542	-0.118877046	0.051912222	0.046024296	0.028077822	0.058761712	-0.104318544	-0.12429994	0.15158348	0.030057915	0.04018398	0.058826305	0.19578627	-0.12661003	0.09251714	-0.15782839	0.06812849	0.07492069	-0.06834069	0.16164166	-0.12527066	-0.09692546	0.16126634	0.09949042	0.013492679	-0.0034514922	-0.10747275	0.16007473	0.20388453	0.12963985	-0.034752756	0.12235939	0.059382975	-0.08093531	0.13139804	-0.0862991	-0.098642595	0.017417813	-0.044208996	0.019084515	0.105991706	-0.07859216	0.06129873	-0.11619194	-0.16221577	0.07917777	0.058459915	-0.12740834	-0.0185096	0.09569906	-0.053158045	-0.19906221	-0.08434473	-0.061401352
0.12028991	0.09285639	0.14316426	0.19189827	0.046021547	-0.041117154	0.29792395	0.11178772	-0.018895123	-0.014266268	0.041942243	-0.111992426	-0.072197706	-0.25595963	-0.034351286	0.12769394	-0.1128636	-0.21659431	0.19921625	0.050396055	0.069276534	-0.1901522	0.3437825	-0.07998203	0.017074915	0.08094158	0.06761911	-0.17896944	0.18176295	0.02927402	-0.03858064	0.013367766	0.090469025	-0.011666632	-0.027770706	-0.35582885	0.015325417	0.08472076	0.18160404	0.11453521	-0.047972083	0.15477964	-0.08422777	0.040997237	-0.024412207	0.21318142	-0.025794147	0.16265327	-0.01752263	0.04025982	-0.14529245	0.21105865	-0.08103316	-0.13762206	-0.019891938	-0.042514294	-0.24489965	-0.097495675	0.059033077	0.017553793	-0.09506495	-0.19559467	-0.18953338	0.2774854
-0.056080427	-0.099235766	-0.059909746	0.051028956	-0.1208027	-0.16215776	0.04676181	0.09416741	0.102318525	0.0075674113	0.13423431	0.04339001	0.0014172905	-0.0021087574	0.0031458903	-0.020414047	0.01558178	-0.020324478	-0.057405766	0.13131821	-0.09251934	-0.02618886	0.0208101	-0.059358463	-0.015517804	-0.03489125	-0.11559152	0.0010377187	-0.22560233	0.10610931	-0.17794429	-0.11165955	0.17109211	0.049453456	0.16343285	-0.00895451	0.065310605	0.092018746	-0.058218166	-0.059748817	-0.049102485	0.08463407	0.049165312	-0.10985923	-0.08977833	0.020727996	0.13508356	-0.004026982	-0.019729482	-0.09834241	0.0664405	-0.11094259	-0.070389405	-0.036333513	-0.17512864	0.16156973	0.0026036715	-0.05906416	-0.15950058	0.169243	0.08225656	-0.054878198	0.03094334	-0.031646457
-0.3280428	-0.22096576	-0.03081517	-0.046303906	-0.076649144	0.42000547	-0.22029431	-0.369203	-0.2660333	0.26114416	-0.26084378	0.32358128	0.15939566	0.336568	0.033854328	-0.060812704	0.32116452	0.37893325	-0.40038803	-0.20784853	-0.2672714	0.1319818	-0.3395896	0.22701763	-0.2468069	0.25636566	-0.22666377	0.16562517	-0.19850895	-0.19907998	0.20377097	0.25114596	-0.32368675	-0.27670413	0.113869086	0.30280125	0.28060967	-0.31132382	-0.41507962	-0.260866	0.13017118	-0.28947818	0.08739725	0.20190455	-0.15581647	-0.051447693	0.318364	-0.46742415	0.28700998	-0.03214603	-0.038524754	-0.33792153	0.11028189	0.25007334	0.17215312	-0.19027448	0.33322042	0.41342884	-0.12274148	-0.29125664	0.27868962	0.3492426	0.23177636	-0.24512641
0.16549975	-0.16890308	-0.15608577	-0.09535679	0.15604408	-0.16264135	0.24860896	0.19351943	0.07524545	-0.16134518	-0.017950898	-0.22254851	0.110997185	0.14544597	0.16670385	0.12097296	-0.26549986	-0.23432711	0.2310403	-0.08914653	0.12928315	0.12447864	0.28818214	-0.18392432	0.23337379	-0.15949991	0.21411617	0.06043037	0.021760534	0.15782626	-0.038799748	0.06378475	0.10115766	0.20188698	-0.08034646	0.045557555	-0.22072466	0.0939988	0.2635667	0.17338176	0.098115675	0.1465826	0.23309435	-0.03820856	0.14399181	-0.093796864	-0.1720201	-0.015458805	-0.07487699	0.116840586	0.15824881	-0.019009368	0.16652524	-0.15515731	-0.030021371	0.100848116	0.066025935	-0.252475	0.08045017	0.11959511	-0.20668826	-0.22114749	-0.08425309	-0.077309504
-0.32839513	0.17804404	0.20917137	0.51388127	-0.22593614	-0.053534888	-0.013484468	-0.03427833	-0.07315723	0.3771182	0.2820764	0.32529426	-0.08492267	-0.58760303	-0.14171171	0.058041297	0.33273816	0.074511245	-0.25013047	0.30987352	-0.0754289	-0.40471366	-0.14786512	0.04643556	-0.13009714	0.36940372	-0.35458988	-0.21358138	0.06393734	-0.1590161	-0.21068941	-0.22366552	0.10505609	-0.33127752	0.19138916	-0.29919901	0.4351198	0.101146325	-0.2183528	-0.3005255	-0.3863167	-0.002654702	-0.34803745	0.037347455	-0.35378456	0.41688693	0.34725094	0.2449396	0.11462194	-0.29700273	-0.35976282	0.026184125	-0.41218588	-0.0051076305	-0.13187262	0.012570474	-0.5156079	0.16028358	-0.24510221	-0.00250582	0.33116892	0.09931204	0.0011227203	0.20047987
-0.010384919	0.4249377	0.47358006	0.43404657	-0.079848915	0.21073072	0.13755845	-0.30759683	-0.06464879	0.10791917	-0.021149801	0.056239884	-0.32943422	-0.41458708	-0.40889522	-0.07257303	0.181915	0.145607	-0.08966764	0.039669458	-0.10729299	-0.4721893	0.017202439	-0.28806028	-0.3383565	0.32653853	-0.21847515	-0.5070694	0.21732898	-0.39152464	0.023085222	-0.00797114	0.041324742	-0.43332523	-0.031394467	-0.30762854	0.1878953	0.23787372	-0.25927132	-0.011639742	-0.18248698	0.15181218	-0.44935402	-0.20098646	-0.2359905	0.024232699	0.042489268	0.058161158	-0.25668216	-0.18334551	-0.5010345	0.2097059	-0.20466301	-0.19300601	0.0064998553	-0.004724422	-0.46308145	0.32086837	-0.08844296	-0.19274041	0.052471824	0.17017134	-0.23809156	0.33867705
-0.038347136	-0.08266796	-0.1390716	0.029092858	-0.09402243	-0.13659012	0.049883794	0.16341633	0.073031195	0.032998454	0.09636685	0.056244645	0.07188021	-0.006278173	0.16344999	0.015632235	0.0066406415	-0.11079254	-0.06953467	0.091474615	-0.022046186	-0.024985751	0.006086085	0.016401898	0.13935633	-0.042262983	-0.07314849	0.07733052	-0.08512518	0.114518836	-0.088951245	-0.115163125	0.12489869	0.037350953	0.1292	-0.08732997	0.055295017	0.059972506	-0.005778797	-0.059166566	-0.042745244	-0.04443541	0.087470084	0.080378674	0.016230319	0.08135424	0.04824468	0.049395736	0.07120757	-0.06510816	0.07789012	-0.07822508	-0.08943823	0.030405767	-0.0862561	0.08679756	-0.063045435	-0.1026171	-0.075387605	0.18309505	0.08991688	-0.09300365	-0.0023796288	0.0088369185
0.038157262	0.10005764	0.039238248	0.39443293	-0.08196089	-0.17409395	0.20184888	0.14787532	0.061211728	0.12638953	0.17729597	-0.051732022	0.063391864	-0.45315883	0.05310356	0.21018973	-0.095813826	-0.18456765	0.09063213	0.20080954	0.1865658	-0.26216108	0.18808007	-0.0916263	0.16585538	0.005332256	-0.06965599	-0.105557926	0.12574942	0.07817973	-0.13000187	-0.15771736	0.19216353	0.054991502	0.06280085	-0.3565555	0.15882139	0.23919089	0.18214554	-0.04269877	-0.29700634	0.10110127	-0.035039347	0.09064711	-0.084150515	0.35492474	0.043262444	0.29481283	0.12849575	-0.10786313	-0.0528534	0.24231036	-0.29623356	-0.042373832	-0.13155945	0.1276321	-0.40357208	-0.13110298	-0.055426735	0.11616094	-0.029086003	-0.16002652	-0.08040884	0.24840131
0.00015978927	-0.26534358	-0.13497517	-0.17379747	0.14057267	0.08483198	-0.070936106	-0.063222796	-0.077865556	0.012152014	-0.22447833	-0.039241932	0.2185164	0.30929515	0.22841655	0.06276248	-0.0013621621	0.09033628	-0.065542094	-0.19619991	0.03970129	0.2171444	-0.03868944	0.16035336	0.08154287	-0.05805068	0.0880467	0.24182233	-0.09069089	0.12116479	0.16226253	0.18782243	-0.10399724	0.13007936	-0.014191112	0.24026783	0.00667821	-0.15174821	0.039052464	-0.024388459	0.24228676	-0.15672685	0.25113147	0.21767654	0.16454595	-0.012943702	0.055137068	-0.18024926	0.11059102	0.22275946	0.18334153	-0.16683233	0.24759051	0.12493586	0.11323027	-0.07873932	0.27706826	-0.023298455	0.122939706	-0.04108296	-0.034887884	0.0483508	0.173484	-0.26525056
-0.14351675	-0.06182939	-0.06168006	0.11317076	-0.12883136	-0.1368915	-0.016912432	0.049957663	-0.04929201	0.049941912	0.11832071	0.04797143	0.08862363	-0.10916182	0.14343342	0.15498915	0.04513793	-0.04238344	-0.06587423	0.14367525	0.03102485	-0.011355584	-0.0026989605	0.0810349	0.121126145	0.035370003	-0.12806427	0.04950933	-0.031689253	0.03687873	-0.12693721	-0.11956889	-0.0010481328	-0.06497968	0.15110146	-0.16775082	0.09585218	-0.14897226	-0.022204818	-0.10192653	-0.13858931	-0.09857627	-0.023682557	0.15515251	-0.09306872	0.13299663	0.04989122	0.12411472	0.17375344	-0.090305775	-0.027909879	-0.100250915	-0.08554965	0.115256995	-0.08206044	0.00048836175	-0.082214564	-0.09709357	-0.107195914	0.17092542	0.07632191	-0.051260818	0.12743783	0.08758433
-0.23564176	-0.17702669	-0.0064693103	-0.15858996	0.028807627	0.37026542	-0.29560077	-0.43527085	-0.45898208	0.24354918	-0.41269562	0.26985404	0.20858537	0.37977684	0.014040925	0.17516768	0.36423552	0.33632535	-0.42016953	-0.43588415	-0.14560223	0.21324177	-0.39130405	0.33808666	-0.41064465	0.33955312	-0.16086188	0.21478245	-0.09319304	-0.30914348	0.37599173	0.4559505	-0.4447637	-0.31618598	-0.11213757	0.35656133	0.28992784	-0.43074253	-0.35765496	-0.22658072	0.52626294	-0.3446711	0.18186234	0.40357253	-0.1283132	-0.12000145	0.26369822	-0.390494	0.33815497	0.2572337	-0.008707554	-0.2778048	0.45794907	0.33316556	0.40750575	-0.34733716	0.41629282	0.36356547	0.042656466	-0.4400131	0.2879999	0.3071999	0.23569931	-0.31874493
-0.21629645	0.17549105	0.04993352	0.2627124	-0.19247814	-0.11012623	0.07299525	0.057271264	0.08830545	0.17557198	0.22132245	0.1650657	-0.05118279	-0.3884782	-0.089058064	-0.0027068087	0.12675944	-0.060944326	-0.09645666	0.22229315	-0.007197742	-0.20492336	0.041506477	-0.0741044	-0.05326013	0.09959887	-0.24714155	-0.13207701	0.0166655	-0.03652922	-0.14705053	-0.18419157	0.20205238	-0.11197799	0.17221902	-0.36282352	0.26116654	0.15964225	-0.0432776	-0.17108175	-0.25570413	0.09819996	-0.10218274	-0.09002045	-0.19283184	0.28113016	0.15957068	0.20377938	0.034194473	-0.18210442	-0.15968326	0.04511306	-0.18285292	-0.08330898	-0.13592774	0.14784688	-0.3209301	0.070799306	-0.16509421	0.09683045	0.19699769	-0.008548517	-0.0994834	0.18353015
0.29716828	0.112655126	0.0978631	-0.052956052	0.2478551	0.06693098	0.19196731	0.077836394	-0.1868624	-0.21755546	-0.14311834	-0.2460068	-0.044913985	0.086123966	-0.13124867	0.2115515	-0.1774306	-0.17792793	0.17581697	-0.16145499	0.17254083	0.005702875	0.24536785	-0.095771976	0.09095123	0.057598017	0.22428088	-0.10481116	0.22701856	0.013996621	0.23639575	0.2244342	-0.108479686	0.08840831	-0.17895679	-0.019279152	-0.16573393	-0.1986849	0.21906433	0.18251842	0.21021682	0.065232776	-8.0027734e-05	0.15247716	0.19926676	-0.104144596	-0.21738046	-0.06878549	-0.19413418	0.23105139	0.0152206635	0.1560573	0.1818193	-0.056364596	0.21536507	-0.18571366	-0.025640493	-0.12569885	0.19750983	-0.110500365	-0.17380954	-0.12019118	-0.1652125	0.006759744
-0.5128641	-0.4234125	-0.16447866	-0.24577175	-0.044851523	0.5134354	-0.42907214	-0.51266235	-0.6389222	0.37804836	-0.48600012	0.49451226	0.43467873	0.5420209	0.35942915	0.20926024	0.5270644	0.50583965	-0.611028	-0.46396106	-0.28614575	0.43577796	-0.5871996	0.56263584	-0.5047056	0.35020864	-0.37586746	0.39264297	-0.31620458	-0.2979533	0.3823396	0.42918476	-0.5860083	-0.38062635	0.11370161	0.49312344	0.4509795	-0.5517434	-0.55832934	-0.46688852	0.5809487	-0.5613575	0.26031348	0.5572721	-0.1361849	0.047741648	0.5017574	-0.5673519	0.49337482	0.25722936	0.22512147	-0.4333591	0.45922145	0.52516717	0.4462393	-0.42706776	0.5231823	0.6155066	-0.06946008	-0.5260797	0.45316425	0.47598836	0.48038784	-0.4752071
0.16938712	-0.016705256	0.06674261	-0.03449688	0.17366219	0.0050858054	0.14078656	0.09953912	-0.16156581	-0.07425494	-0.064641364	-0.17207526	0.19063585	-0.020178221	0.018205155	0.31637362	-0.1834423	-0.16085881	0.08482348	-0.12726924	0.13953778	0.09801842	0.14763454	0.043215677	0.14037947	0.0458113	0.15248449	0.033870474	0.07525514	0.13551044	0.11540602	0.091787785	-0.027895363	0.11582688	-0.10246489	-0.02491943	-0.07810217	-0.21529603	0.16251358	0.07941352	0.1135967	-0.00927692	0.06419668	0.26285535	0.17398365	0.06378512	-0.08034968	0.03758722	-0.058907725	0.20584054	0.061975285	0.013340391	0.15338527	0.010655375	0.05817482	-0.14088397	-0.03141318	-0.15244922	0.124938466	0.041512743	-0.15690406	-0.17839399	-0.15646532	0.035916883
-0.306769	-0.17659825	-0.048098367	-0.028432023	-0.171025	0.25099233	-0.2673392	-0.294823	-0.23108667	0.28907758	-0.17451905	0.28134632	0.09795218	0.22874223	0.02545332	-0.06144165	0.3012778	0.3064274	-0.36587965	-0.16366221	-0.2958026	0.12093288	-0.41423732	0.22226341	-0.28133032	0.21445656	-0.26438025	0.11853557	-0.28280798	-0.19863562	0.06689105	0.17887017	-0.28834042	-0.29161516	0.14561929	0.27809897	0.26292878	-0.29465446	-0.39121845	-0.31659144	0.1706738	-0.27018493	0.038622826	0.18508343	-0.15386948	-0.06422021	0.3016047	-0.32244888	0.26561382	-0.063950054	-0.05576749	-0.3853204	0.14285731	0.30294958	0.18060815	-0.17698973	0.28499016	0.40090793	-0.14896086	-0.2795843	0.31940103	0.34052247	0.24998339	-0.28177774
-0.37219903	0.0859916	0.038314465	0.21649425	-0.29493538	0.072098695	-0.101065405	-0.14482729	0.1395273	0.2920885	0.18270063	0.34791395	-0.08984069	-0.17025077	-0.11197029	-0.15948611	0.35754064	0.18309419	-0.31288257	0.12554908	-0.23596387	-0.13370563	-0.23543268	-0.07591123	-0.21097316	0.12543494	-0.34601346	-0.06205093	-0.24598707	-0.10432808	-0.12316492	-0.17765757	0.0591741	-0.32209948	0.25753117	-0.039400693	0.3365061	0.16471799	-0.3272024	-0.26369464	-0.2308509	-0.050728522	-0.22754262	-0.18433797	-0.25189668	0.024937226	0.30768305	-0.12394115	-0.022926027	-0.29512733	-0.21176352	-0.14920144	-0.14678699	-0.059451602	-0.08790703	0.12706506	-0.095663495	0.22855735	-0.21567728	0.035907887	0.3165765	0.17573442	0.049021963	0.056382105
0.18948582	-0.011396462	-0.005428666	-0.13783135	0.1390659	0.011186212	0.24120823	0.032085422	0.096401006	-0.17720568	-0.0989392	-0.15424478	-0.1176077	0.16117364	-0.04915035	-0.03967516	-0.19383752	-0.11731583	0.22274087	-0.11689404	-0.008449047	0.020547591	0.1734029	-0.19793364	-0.02384936	-0.1468436	0.19233419	0.0128395315	0.08924376	-0.0033542765	0.024277952	0.09285037	0.06944703	0.09735132	-0.13967961	0.0056267604	-0.2516753	0.0664507	0.15664805	0.15964761	0.12942733	0.17329696	-0.017778374	-0.117691055	0.18295278	-0.24596757	-0.18307014	-0.10390989	-0.23337948	0.08793726	0.06375007	0.10344611	0.09986248	-0.15645273	0.08687309	0.0018990356	0.13232914	-0.049070645	0.12779042	-0.041084595	-0.21206978	-0.11206532	-0.22955264	0.055293202
-0.32501113	-0.51629406	-0.5968559	-0.09200906	-0.23903796	-0.4416071	-0.08191733	0.39574146	0.11698759	0.21209012	0.3806976	0.1485873	0.5444392	-0.12563784	0.5533481	0.3715616	-0.023814462	-0.24968025	-0.061421856	0.34596622	0.21437761	0.28558177	0.050003752	0.38673067	0.4431073	-0.21525694	-0.1414735	0.57758373	-0.5325491	0.48447722	-0.3462592	-0.32524705	0.1828461	0.2897307	0.45302007	-0.12694399	0.17736998	-0.18239804	0.15715148	-0.2168213	-0.20113027	-0.14735518	0.44137195	0.31677163	-0.028878858	0.35376066	0.25736833	0.25234535	0.49045813	-0.07983107	0.35115874	-0.38170412	-0.09214896	0.19824274	-0.31982	0.2555378	0.07567629	-0.38638178	-0.27070782	0.42470604	0.25124907	-0.27942353	0.40185001	-0.32080644
-0.34761465	0.3483517	0.3465952	0.2878753	-0.34360942	-0.0778578	0.15899318	-0.31070969	0.42344874	0.30029026	0.30279997	0.31118673	-0.34715107	-0.30484244	-0.44148472	-0.3419414	0.33750853	0.19057724	-0.22610743	0.35616493	-0.34796387	-0.39997053	-0.1607133	-0.382877	-0.35468996	0.0403439	-0.34013063	-0.42912585	-0.33999598	-0.36174423	-0.2694679	-0.36352026	0.29742908	-0.3753751	0.32850355	-0.26671675	0.33392185	0.35290498	-0.3547224	-0.26222807	-0.3645731	0.23183818	-0.3306288	-0.42736292	-0.32772744	-0.23487945	0.3108641	-0.14674547	-0.30809513	-0.39072543	-0.34943658	-0.11869459	-0.3735013	-0.301262	-0.3026968	0.32023624	-0.3582566	0.41851985	-0.27177963	0.20997304	0.3239471	0.3333886	-0.2630519	0.25903454
0.0052549206	0.11640131	0.2218516	0.15383245	0.11830001	0.25371522	-0.12296314	-0.24780676	-0.40152666	0.06779711	-0.19268516	-0.005977962	-0.008871325	-0.020499542	-0.1902803	0.2092104	0.19217692	0.20770371	-0.27674493	-0.15586343	-0.009118522	-0.18360521	-0.14804508	0.15165399	-0.1730462	0.22360802	-0.053845845	-0.14096068	0.08316049	-0.20493463	0.22130713	0.2118946	-0.31579345	-0.18763372	-0.16062781	0.026349418	0.2351926	-0.38076913	-0.23132038	-0.09482112	0.18349327	-0.2583469	-0.18726611	0.25748754	-0.07133298	0.13004439	0.117376	-0.06657127	0.11373813	0.21127892	-0.1261255	0.00024394161	0.16390392	0.24342363	0.28545815	-0.29676396	-0.07897515	0.2931796	0.09548702	-0.27942178	0.022387912	0.16378707	0.024725337	0.0054954463
-0.113920115	-0.02724398	0.10529025	0.22504894	0.1117881	0.09945465	-0.1446114	-0.098443754	-0.37801567	0.19000337	-0.06875435	0.052935768	0.21116549	-0.081570186	0.1058366	0.3134711	0.10876262	0.10738495	-0.25374064	-0.040648807	0.13178732	-0.0796497	-0.12045302	0.37732217	0.05212161	0.25148806	-0.035599485	-0.028473504	0.1045228	0.020888565	0.16325782	0.16478734	-0.29478514	-0.15132369	-0.022698272	0.04512295	0.21022344	-0.35359934	-0.12687495	-0.15482254	0.072533235	-0.33350503	0.048580267	0.4377394	-0.047141496	0.29018068	0.1426798	0.12745479	0.32686204	0.14625818	-0.023022495	-0.034974154	0.09831842	0.35765982	0.14665174	-0.30427125	-0.13475509	0.091816634	0.011406744	-0.09611598	0.11904552	0.045527093	0.2085597	-0.10961492
0.1633854	-0.2650676	-0.3063987	-0.23113914	0.119607024	-0.14786215	0.18072388	0.2572812	0.28533608	-0.12927288	-0.06531777	-0.20239952	0.09393936	0.14817907	0.13937977	-0.058475874	-0.17185417	-0.2254077	0.26025778	-0.018327042	0.06247881	0.2670405	0.19038114	-0.16152258	0.23164569	-0.2163346	0.17444125	0.28949344	-0.34084305	0.30315977	0.004578207	-0.006924522	0.2428394	0.18955986	0.023095628	0.1140555	-0.21024166	0.23042786	0.20370528	0.09324353	0.13329825	0.14922018	0.282784	-0.16647805	0.21185143	-0.156367	-0.17298377	-0.09607223	-0.046839472	0.18754172	0.23644447	-0.10246462	0.18850158	-0.14258473	-0.05588573	0.19495092	0.2250418	-0.20082371	0.07779176	0.16844285	-0.14631185	-0.2218177	-0.106131256	-0.30047682
-0.30555442	-0.16340786	-0.30003178	0.23911935	-0.40209523	-0.46812934	0.18749553	0.45237997	0.38004723	0.3091951	0.52066344	0.20654605	0.19948062	-0.4838561	0.31108788	0.098989144	0.09978333	-0.45717773	0.07921828	0.5449614	0.00919428	-0.21842828	0.19646361	0.06658689	0.26557615	-0.20576678	-0.3083224	0.070606686	-0.34357548	0.28807977	-0.5193427	-0.49230704	0.59426993	0.12045293	0.5160897	-0.59073275	0.2718417	0.33968866	0.14415939	-0.24237192	-0.53061724	0.13625619	0.03281604	-0.00666185	-0.28574318	0.3812862	0.29697484	0.47280237	0.3072898	-0.42659092	-0.021429412	-0.06488839	-0.33018333	-0.12630557	-0.5186084	0.48600322	-0.456173	-0.3635548	-0.38257554	0.53684974	0.3320348	-0.34239656	0.07255239	0.20812625
0.06647325	0.31845978	0.33332443	0.27344775	0.08385834	0.17495915	0.151878	-0.22476006	-0.09260776	-0.036329538	-0.0625531	-0.049500395	-0.19654864	-0.3652253	-0.30335718	0.04230863	-0.016108174	-0.047630865	0.03336801	-0.009475556	0.0031424635	-0.31982312	0.083880916	-0.21736996	-0.1857419	0.20428929	0.030047538	-0.3286893	0.1923451	-0.23585756	0.05835072	-0.0103404485	-0.035134144	-0.17670377	-0.11281288	-0.25143096	0.038235966	0.06501553	0.004750058	0.051937666	-0.039338235	0.1784013	-0.26292476	-0.04268613	-0.11357079	0.11520976	-0.035562947	0.09637823	-0.26823032	0.029279724	-0.24869986	0.21430106	-0.12142354	-0.14685853	0.040560983	-0.081162654	-0.3407885	0.13234997	0.002466621	-0.24869663	-0.062874734	-0.0068279165	-0.22011188	0.2401949
0.24693966	-0.00086046354	-0.14913265	-0.11644925	0.07284057	-0.09776893	0.3449058	0.13242151	0.39317927	-0.19510236	0.004514534	-0.17727017	-0.12256317	0.20339133	0.02132273	-0.14187287	-0.16022651	-0.15864073	0.23724109	-0.045766175	-0.12542866	0.08443528	0.2997116	-0.33743522	0.06164009	-0.2725292	0.13080476	0.013299459	-0.12279533	0.08729924	-0.076335125	-0.0636631	0.36012468	0.14938618	-0.051803634	0.006395155	-0.20338312	0.3562534	0.09407354	0.17592473	0.0038308688	0.36146247	0.037274495	-0.3165727	0.12610644	-0.33618397	-0.19810918	-0.24120143	-0.34673885	0.0037389577	0.112994544	0.052540567	0.0643628	-0.40374857	-0.18347643	0.25100952	0.13914786	-0.17307104	-0.010006266	0.13507275	-0.21683544	-0.121244065	-0.3157637	0.091871746
-0.18118724	0.02094605	0.049468745	0.18457662	-0.047289643	-0.014014933	-0.09531313	-0.004865272	-0.14842635	0.18836507	0.08534036	0.1015988	0.08960894	-0.1976923	0.05256825	0.27623713	0.13149701	-0.034642655	-0.1272106	0.109471396	0.026766075	-0.15591802	-0.069151804	0.19054623	0.021180538	0.106200874	-0.19207108	-0.021405512	0.047623165	0.013529884	-0.07576231	-0.10710697	-0.0506654	-0.043705847	0.11085164	-0.15484086	0.2664584	-0.23595622	-0.06103761	-0.2662883	-0.04705005	-0.14855665	-0.013992047	0.30699953	-0.13067909	0.29287395	0.29827973	0.17370291	0.21068193	-0.0031844352	-0.012758897	-0.085356936	-0.112895206	0.20530047	-0.06741508	-0.07306163	-0.21767348	0.0022486832	-0.14171687	0.047265597	0.20615777	-0.019855514	0.10687945	-0.015181875
-0.08249378	-0.09394108	-0.13409469	-0.052855108	-0.07659773	0.09732561	-0.09416905	-0.10816015	0.08571483	0.080545545	-0.07105081	0.16343707	0.0051774196	0.14349627	0.013710156	-0.15391241	0.10449118	0.103319794	-0.12709376	-0.055181023	-0.092878	0.053872533	-0.091475554	0.0040714075	-0.071878776	-0.09370041	-0.09799653	0.11441373	-0.1988752	-0.034269866	-0.069708675	0.038602047	-0.025465708	0.021777842	0.123601444	0.14138232	0.010182855	-0.040067047	-0.15757148	-0.09976281	-0.042872567	-0.06426129	0.08424056	-0.05283979	-0.067349225	-0.065907784	0.117408134	-0.24673757	0.033023838	-0.036326684	0.07721901	-0.20315206	0.033187572	0.04779283	-0.06901908	0.06999664	0.17964466	0.08734926	-0.09632904	0.006768578	0.08145329	0.09031326	0.147638	-0.11623849
0.036170993	0.2486477	0.29993853	0.32785118	0.12547274	0.21008027	-0.022649946	-0.16225407	-0.3118136	0.12839988	-0.1367642	0.004945865	-0.09576429	-0.24663821	-0.206904	0.34179172	0.103291854	0.11726518	-0.16727477	-0.10780039	0.05373605	-0.33330375	-0.06882595	0.074463464	-0.20811184	0.3734671	-0.0868612	-0.25584394	0.24573645	-0.16752836	0.22048718	0.21350989	-0.18359494	-0.26139927	-0.172098	-0.15657295	0.21089453	-0.17855899	-0.14098226	-0.061191365	0.04828295	-0.21383746	-0.21465923	0.33125493	-0.14436005	0.3349433	0.07368136	0.124212556	0.0035793462	0.14369945	-0.31731772	0.1663836	0.005589015	0.1885121	0.17985521	-0.2612613	-0.24232188	0.18431507	0.09093981	-0.22905199	0.020511115	0.11044619	-0.08491644	0.14184746
0.22229156	0.04502753	-0.02188907	-0.029328853	0.114964716	-0.109749354	0.25471163	0.21773008	0.20894317	-0.14532284	0.06800606	-0.1532248	-0.071128994	-0.04744657	-0.014490964	-0.053237747	-0.22299519	-0.25661784	0.27428383	0.08096555	0.06339624	-0.0031219649	0.20637938	-0.28822517	0.13326763	-0.15114765	0.08043175	0.01639623	-0.010777393	0.14462832	-0.067928046	-0.06315778	0.28704947	0.15673527	0.018971425	-0.17449789	-0.1746054	0.27196783	0.19543916	0.17118186	-0.08126321	0.14848113	0.018044524	-0.14581098	0.1174125	-0.1174476	-0.18474641	-0.012472646	-0.15385446	0.06750217	0.091527544	0.11276674	0.0031425834	-0.17923884	-0.17433724	0.13137679	0.009702915	-0.19246393	-0.015530911	0.13230675	-0.1619562	-0.21921961	-0.21629201	0.1031435
-0.07448036	-0.08130438	0.08369732	-0.004426581	0.110674076	0.3245815	-0.11785138	-0.26449415	-0.24256654	0.05460296	-0.26675886	0.0600081	0.09841939	0.17629498	-0.048980843	0.06526709	0.17095178	0.19774218	-0.19355534	-0.19170375	-0.038075738	0.0389567	-0.17725632	0.16347322	-0.21309131	0.21781729	-0.04962285	0.061682392	-0.039516453	-0.1915608	0.15998477	0.20331787	-0.28905582	-0.08164235	-0.06139378	0.20839655	0.15664588	-0.2241196	-0.1548216	-0.15845327	0.17341271	-0.2392774	-0.0022561254	0.14298946	-0.020968597	-0.07251006	0.06493598	-0.27393433	0.09455798	0.08325587	-0.028336355	-0.19514011	0.12499088	0.16168933	0.22292075	-0.20836787	0.17891636	0.24343921	0.082215585	-0.33666378	0.08167169	0.22552079	0.12913315	-0.14475311
-0.08832881	0.17836095	0.12754045	0.20418221	-0.11458817	-0.07089908	0.20284526	-0.0019630748	0.102450974	0.06880649	0.0790357	0.14913975	-0.14290394	-0.1918162	-0.17595449	-0.04746741	0.059947908	-0.020320838	-0.050528042	0.121201776	-0.13694263	-0.17308657	0.049943436	-0.21327771	-0.15682422	0.07127207	-0.1888611	-0.24056153	-0.013804545	-0.046775512	-0.12963413	-0.15368678	0.13978627	-0.08597197	0.0877493	-0.2610504	0.0480576	0.20623235	-0.046874974	-0.09081788	-0.20651685	0.12702593	-0.19343828	-0.16227002	-0.12061448	-0.0043954467	0.094074994	0.056410585	-0.16943242	-0.14635046	-0.21107753	-0.017195802	-0.21693277	-0.20808859	-0.09815247	0.11262115	-0.28228012	0.08148378	-0.14741458	0.097960114	0.08413723	0.022485299	-0.12718095	0.21127678
0.31319186	0.46655092	0.48468444	0.35177073	0.21682927	0.45991832	0.44501948	-0.3803588	-0.24057302	-0.22839135	-0.2545191	-0.22871973	-0.44708216	-0.41372788	-0.5115729	0.15254828	-0.17356578	-0.1967534	0.2433827	-0.1790277	0.060534075	-0.4101572	0.3625137	-0.31879008	-0.3168722	0.30258286	0.17019841	-0.5371874	0.38757086	-0.4741078	0.15940069	0.21169302	-0.16021772	-0.2638335	-0.33716872	-0.44901803	-0.10168235	0.073314264	0.19111305	0.2904516	0.052297845	0.27354106	-0.43896526	-0.004219259	0.07433848	0.062330004	-0.25179893	0.084750324	-0.50392795	0.11546789	-0.38366675	0.4046146	-0.009139251	-0.26700962	0.26240668	-0.21326436	-0.54230934	0.06019819	0.2071742	-0.44652686	-0.28789565	-0.15778095	-0.5136596	0.47445437
0.31963697	0.36078337	0.4278058	0.4570846	0.30754942	0.3706559	0.31860554	-0.36256048	-0.52505124	-0.16016103	-0.31903878	-0.27769905	-0.27000237	-0.4315661	-0.37882027	0.37992445	-0.15592918	-0.1721044	0.14011046	-0.2920038	0.26003447	-0.42909706	0.25174943	0.095194854	-0.2835731	0.3555621	0.1249947	-0.4179035	0.4222037	-0.31012127	0.32141557	0.36438498	-0.30208853	-0.17109697	-0.396721	-0.43924695	0.06710635	-0.4056633	0.1440696	0.24414831	0.20543495	-0.30849192	-0.41241658	0.47037175	0.0752089	0.26707283	-0.15806845	0.15099289	-0.118867114	0.38796848	-0.37861905	0.30233166	0.23716336	0.36081406	0.39196965	-0.4575181	-0.46042478	0.08285674	0.2535631	-0.40445772	-0.2339124	-0.24120703	-0.3716905	0.442802
-0.40379554	-0.39433852	-0.29265612	-0.30677867	-0.033149276	0.36721367	-0.279716	-0.3461999	-0.35339805	0.2905812	-0.3101156	0.3058059	0.32008222	0.44832557	0.3128221	0.1049118	0.371577	0.3148561	-0.4111902	-0.325086	-0.17888768	0.40096083	-0.3954359	0.34702697	-0.23813008	0.20553435	-0.23514281	0.43049124	-0.32417348	-0.15883671	0.28791562	0.34601912	-0.31562215	-0.15644352	0.1419451	0.39294073	0.35885414	-0.31884634	-0.33117613	-0.3305569	0.34934393	-0.40015846	0.2866054	0.38265002	-0.04411703	-0.009582963	0.34288222	-0.38455412	0.3357524	0.2287072	0.2572592	-0.38052404	0.37267688	0.3360979	0.24945512	-0.32556808	0.47152203	0.40463188	-0.058113232	-0.33938408	0.30917794	0.3335017	0.26250514	-0.3801789
0.36206424	0.39510477	0.46040985	0.46802306	0.39317027	0.48889312	0.21271184	-0.5617676	-0.5668399	-0.25249982	-0.45712152	-0.33540565	-0.41555154	-0.43415743	-0.5304922	0.45241356	-0.21591395	0.0040223445	0.09624492	-0.45834717	0.25707525	-0.4647913	0.16900782	0.034585554	-0.54759955	0.4912006	0.25064498	-0.42487654	0.381996	-0.43936157	0.45002496	0.47433266	-0.4104377	-0.38699782	-0.43145752	-0.29630104	-0.05059728	-0.5379051	0.17340186	0.2906803	0.43122834	-0.18913579	-0.4549471	0.41550544	0.20431787	0.2819585	-0.2811398	0.09700111	-0.31479746	0.4175757	-0.46752575	0.33688155	0.2836148	0.17156518	0.42338082	-0.4297629	-0.41268146	0.23401406	0.285926	-0.48797968	-0.30519965	-0.044232007	-0.30113852	0.37341958
-0.18160246	0.17540453	0.18730034	0.28841496	-0.101717055	0.054570165	0.007089484	-0.17018168	-0.06943388	0.2070455	0.14257018	0.17688772	-0.1835286	-0.33803397	-0.14235857	0.06828996	0.19642211	0.08895214	-0.20743616	0.10992577	-0.10380053	-0.3393955	-0.05604524	-0.0018769909	-0.18135893	0.24468736	-0.2135967	-0.21028897	0.07805455	-0.17693487	-0.052096654	-0.08925089	-0.023352562	-0.25982818	0.04963854	-0.22318031	0.27612016	0.083785065	-0.24717474	-0.16498496	-0.25856867	0.020370409	-0.30811286	-0.049613092	-0.21379918	0.20534566	0.19991632	0.1503172	0.0807235	-0.22481091	-0.2134343	0.11914626	-0.208497	-0.07048982	-0.016261047	-0.040615506	-0.29799083	0.15464291	-0.176982	-0.05196653	0.20012759	0.02967056	-0.045531485	0.28244838
-0.03273576	-0.41078374	-0.3454199	-0.099713676	-0.1386694	-0.47117442	0.07901018	0.53411347	0.27432483	0.028635798	0.2951136	0.076492205	0.38875178	-0.088883296	0.3977722	0.18680088	-0.08755457	-0.4113551	0.049084056	0.20305416	0.14399865	0.124606304	0.16783157	0.12883727	0.50477326	-0.23509882	-0.081936374	0.35620883	-0.3120549	0.43994367	-0.3360076	-0.28277275	0.44028035	0.2049364	0.2619313	-0.18865655	-0.020551968	0.25816503	0.22853737	-0.025152875	-0.21119921	0.09773702	0.38941425	0.05161798	-0.025148991	0.15967534	0.078402534	0.2324984	0.18745881	-0.11602518	0.2386477	-0.18678588	-0.1084706	-0.08947394	-0.32187662	0.39807886	-0.060547836	-0.46098682	-0.14599384	0.39568242	0.065798275	-0.46699348	0.099222004	-0.16174836
0.17596783	0.040437736	-0.02326992	-0.043274425	0.041424192	-0.052973013	0.26561743	0.15037328	0.10726161	-0.12598449	0.010419938	-0.07833533	-0.11497861	0.012397581	-0.075881	0.015000439	-0.095440194	-0.19023736	0.21847333	0.023472939	0.04612314	-0.008947184	0.19360016	-0.16321144	0.02774781	-0.0681901	0.097967684	-0.05185556	-0.009383657	0.043364927	-0.041698292	-0.05381328	0.13817409	0.03071722	-0.089751475	-0.081862204	-0.12025852	0.14698862	0.116219975	0.0995145	0.031187635	0.19880156	0.016776936	-0.118515864	0.12582143	-0.147553	-0.11902117	-0.08151363	-0.24439862	0.10471738	0.077978075	0.079320855	0.0063180546	-0.17825212	-0.045482308	0.082401834	0.0423918	-0.06945444	0.01729401	0.110467516	-0.07413334	-0.15418524	-0.243883	0.1121224
0.16169672	-0.47225314	-0.5159017	-0.42448464	0.2046943	-0.22529027	0.09128609	0.28926694	0.38902193	-0.31244373	-0.06167287	-0.25862172	0.42134446	0.44360068	0.46780175	-0.06789366	-0.30743846	-0.20018868	0.2779882	-0.22318727	0.15828925	0.5168253	0.20162565	0.0059712357	0.33081493	-0.40130922	0.33013186	0.5722121	-0.3994972	0.4521306	-0.026698835	0.10406429	0.13213196	0.42721292	-0.04409045	0.33724645	-0.2938479	-0.007225057	0.2840566	0.16661417	0.30706558	0.08398506	0.55669534	-0.08628071	0.31374586	-0.31365693	-0.26981744	-0.2887175	-0.05365998	0.32093582	0.47615424	-0.21859343	0.33654583	-0.019368192	-0.06615724	0.20163506	0.4563354	-0.3669565	0.2148673	0.23487633	-0.22859335	-0.2000636	0.05038171	-0.45679465
0.2527385	0.43110293	0.48157123	0.5416392	0.33121628	0.2688618	0.34016636	-0.27920085	-0.51844096	-0.0930505	-0.28493497	-0.2732927	-0.33735326	-0.56714743	-0.38614532	0.47805497	-0.23254718	-0.27999234	0.1699006	-0.22478238	0.37486237	-0.5043972	0.37683916	-0.10243996	-0.30188337	0.44059202	0.20552702	-0.4377619	0.44008976	-0.29785603	0.27599797	0.33404577	-0.2553338	-0.3421165	-0.29135206	-0.50811666	0.04407245	-0.3802341	0.21365245	0.25863627	0.19873795	-0.063476816	-0.51457036	0.4156527	0.069774665	0.34452754	-0.20156366	0.2745793	-0.20230831	0.28646988	-0.44986224	0.38332194	0.09320009	0.14863834	0.34048066	-0.3636996	-0.5835422	0.030361887	0.2627258	-0.3388763	-0.22954133	-0.34041893	-0.36190858	0.46476382
0.3066373	-0.14124979	-0.13959014	-0.2976349	0.21088596	-0.059226923	0.25541502	0.22990695	0.270312	-0.3519006	-0.23141217	-0.27557003	-0.072900884	0.27655074	0.10046369	-0.082773395	-0.24700375	-0.18623003	0.3084722	-0.19585724	0.017947491	0.273757	0.32796276	-0.36368454	0.20167896	-0.28348926	0.2901903	0.14554591	-0.03487753	0.13096069	0.07162929	0.171864	0.17257816	0.25727096	-0.16618165	0.17956443	-0.3333137	0.11157739	0.28740153	0.26985013	0.2280302	0.32081094	0.20683876	-0.24360484	0.2202809	-0.4229723	-0.31740528	-0.38383144	-0.40928984	0.1905731	0.22559425	0.013236501	0.27617815	-0.28540835	-0.020441655	0.12827858	0.2532969	-0.22410797	0.17220494	0.14969945	-0.3378694	-0.2491318	-0.2766948	-0.110888354
0.28198832	-0.23050855	-0.2562876	-0.27273667	0.12770885	-0.27073556	0.28937033	0.25943688	0.4716164	-0.32588133	-0.047950525	-0.2793108	-0.008998208	0.32885787	0.11197772	-0.2785274	-0.32309747	-0.26772478	0.3805868	-0.1662699	-0.065917626	0.28367567	0.30332652	-0.3556125	0.19144602	-0.35614935	0.23677233	0.22330643	-0.31865484	0.21332848	-0.10098623	-0.07200304	0.37607405	0.29177818	-0.044009667	0.21840838	-0.36498442	0.3585626	0.25842437	0.2674783	0.1692167	0.31271932	0.25075704	-0.34449023	0.21194324	-0.45082256	-0.327392	-0.34713733	-0.41722193	0.1151139	0.22949886	-0.09346174	0.12836795	-0.3159012	-0.18760183	0.30773056	0.33551833	-0.26413247	0.11553732	0.25346667	-0.31708753	-0.19540864	-0.22042263	-0.11037469
-0.032097794	-0.10364409	-0.2173047	-0.14204858	-0.009796546	-0.0074581034	-0.01633625	0.051661015	0.18536769	-0.072131425	-0.0021193055	0.06732472	0.00826842	0.11125498	0.09730688	-0.1740866	-0.016860798	0.06877711	0.01666421	0.018496837	-0.09277659	0.18423966	-0.062245853	-0.09383843	-0.027445469	-0.15531476	-0.01279127	0.1277455	-0.37428585	0.11173036	-0.060077064	0.009342419	0.12693077	0.08999441	0.06800632	0.16479224	-0.08427438	0.11831945	-0.07367419	-0.022534654	0.030743537	-0.028136326	0.14730395	-0.10896884	0.0026257797	-0.1445182	0.035129264	-0.16119952	-0.09789036	0.029119618	0.13271011	-0.21049482	0.07698059	-0.065007344	-0.10297402	0.15152593	0.2449229	0.041521855	-0.05118617	0.061363496	-0.021246955	0.009224903	-0.010222025	-0.11015944
0.06350974	0.26074436	0.2937612	0.25670424	0.031293206	0.17841345	0.2283081	-0.18192269	-0.1729539	-0.012224293	-0.103740625	-0.05562017	-0.19147253	-0.2653172	-0.23077369	0.11337774	-0.037730955	-0.0660554	0.029933661	0.015300115	0.012622179	-0.34094325	0.103924245	-0.067715056	-0.18697749	0.20614615	-0.06574267	-0.2469996	0.19221516	-0.16813727	0.02421807	0.104509026	-0.1168075	-0.23579717	-0.0860214	-0.35465685	0.06901733	-0.066829704	0.008532136	0.07927324	-0.0073692286	0.098618954	-0.27425388	0.07532625	-0.05194719	0.18274237	-0.02859277	0.14284778	-0.16766249	0.017741174	-0.26761284	0.20214923	-0.09073453	-0.033851173	0.054625466	-0.12574385	-0.31678313	0.10660238	-0.0028986663	-0.114187315	0.024531305	-0.08221631	-0.24227645	0.35897976
-0.017694388	-0.05333686	-0.0630291	0.068876274	-0.07278234	-0.13201769	0.14386639	0.13499314	0.23816691	-0.017580664	0.16812141	0.019255256	0.016724322	-0.05541209	-0.018494215	-0.06516761	0.019728532	-0.20177901	0.07742347	0.13643962	0.007407851	-0.04353133	0.12831032	-0.10722308	0.025024597	-0.06933755	-0.10014866	0.049646664	-0.1364914	0.12732358	-0.12897132	-0.1331022	0.21998547	0.07092817	0.101594575	-0.17960225	-0.044824407	0.12980717	0.0543992	-0.049339935	-0.10420947	0.14704233	-0.014249354	-0.17080075	-0.009017475	0.05689762	-0.0086657945	0.11821145	-0.0057953023	-0.104335435	0.038349807	0.016803384	-0.08427755	-0.11488369	-0.20582964	0.20788833	-0.12693259	-0.054811504	-0.06904128	0.19845475	0.01181119	-0.12650722	-0.03571459	0.07871248
-0.13114706	-0.0676837	-0.14502545	-0.041464977	-0.17394862	-0.09494311	-0.005585241	0.020111168	0.2730069	0.06778368	0.06670887	0.13348249	0.028764011	0.026889347	0.03786224	-0.17544289	0.08867425	0.04636193	-0.017900148	0.061408915	-0.17509466	0.10164948	-0.10441251	-0.009216991	0.057992384	-0.116204284	-0.0628061	0.110404484	-0.38722414	0.11974709	-0.1414919	-0.15278147	0.07831965	0.014411951	0.18290551	0.037325207	-0.00059787655	0.055564113	-0.10710689	-0.14054471	-0.08069881	0.042742897	0.07686546	-0.14715186	-0.006473995	-0.06709851	0.13718462	-0.060717493	0.06587551	-0.10014256	0.06595463	-0.19183357	-0.061811887	-0.06043869	-0.15789802	0.2123827	0.106262565	0.009087267	-0.172432	0.16587529	0.07866102	0.052539255	0.11551543	-0.01909563
0.06535085	0.20482089	0.2478778	0.0026399477	0.020072758	0.24260445	-0.019306028	-0.33098763	-0.08974092	-0.07594098	-0.23448242	0.07005685	-0.24590713	0.034191642	-0.27526286	-0.13680024	0.073579505	0.19696201	-0.08647315	-0.18676516	-0.14551328	-0.085751764	-0.07330475	-0.099004336	-0.26278102	0.14480275	0.0666308	-0.18533446	0.00621455	-0.27136043	0.10716063	0.11893153	-0.08812343	-0.12612337	-0.0745881	0.0662291	-0.041705612	-0.04742628	-0.15777801	0.045549553	0.046053473	-0.020314712	-0.18488373	-0.049773753	-0.027492762	-0.3047967	-0.056237966	-0.33609644	-0.19573326	0.004008398	-0.116238244	-0.05168545	0.04309571	-0.04456491	0.12695958	-0.06059696	0.07703363	0.26662618	0.053082556	-0.22958659	0.011619139	0.22979338	-0.10954757	0.05985335
0.2248296	0.2385556	0.31831273	0.22326565	0.27520773	0.18603103	0.13421229	-0.10260452	-0.313979	-0.12191322	-0.24935862	-0.19664091	-0.093726076	-0.17885707	-0.16000137	0.398577	-0.16974613	-0.17489128	0.14774926	-0.17942777	0.20114353	-0.16954795	0.205536	0.035979293	-0.030834561	0.23995732	0.14091776	-0.2486702	0.31293815	-0.113719404	0.26046222	0.28521785	-0.23661582	-0.07975445	-0.24272493	-0.17952584	-0.05818967	-0.36548197	0.16812125	0.14149064	0.22159491	-0.085476644	-0.17156816	0.33681387	0.1820253	0.09569101	-0.13199598	0.074751735	-0.059174325	0.32858896	-0.13387264	0.24673478	0.17609678	0.11278586	0.23821336	-0.27997193	-0.22310063	-0.0027583952	0.16975534	-0.3027587	-0.13875253	-0.15640427	-0.23328026	0.19199793
-0.16512078	-0.23527405	-0.10980456	-0.049101446	0.006396003	-0.004019475	-0.07596827	0.04804321	-0.1004976	0.07823423	0.050578207	0.07956322	0.2121273	0.05917815	0.19092885	0.10411642	0.08354019	-0.012346681	-0.06147925	0.07409744	0.007028926	0.11868927	-0.10569773	0.2034983	0.1189578	0.005024709	-0.06050979	0.15076013	-0.120210975	0.1781372	-0.058757897	-0.04969923	-0.035711173	0.07911068	0.1813975	0.07843526	0.09389339	-0.15741104	0.022199797	-0.112109356	0.05272969	-0.18646426	0.16563785	0.22333045	-0.03698441	0.07432648	0.15015775	0.043467265	0.2411695	-0.0025060785	0.1283994	-0.14197741	0.022697603	0.13937373	-0.038946383	0.0017083269	0.098871164	-0.030576203	-0.019921694	0.058918685	0.1432067	0.049763992	0.19240935	-0.18049027
-0.0758957	-0.08434401	-0.07563887	-0.014299953	0.009467175	0.07402518	0.016198821	-0.040779974	-0.0726367	0.045345463	-0.076062895	0.0077079628	0.032846823	0.062228978	0.028281882	0.070365906	0.08010246	-0.008465463	-0.092836544	-0.040118914	-0.019567551	-0.008570006	-0.08145925	0.07566136	0.034911424	-0.055566438	-0.008445415	0.03641977	-0.07316708	0.036566965	0.011934096	0.070304215	-0.007287059	0.0581715	-0.016381616	0.10501501	0.054676168	-0.10638713	-0.03856253	-0.0130423	0.079270594	-0.091513656	0.06400339	0.07024253	0.018226327	0.018865574	-0.010252108	-0.11917342	0.02794037	-0.015169295	0.044618636	-0.08625095	0.057592303	0.111114725	-0.03694607	0.023558345	-0.002100993	0.04998481	-0.065700255	-0.04842298	0.007611519	0.039967246	0.032116715	-0.09089346
-0.20688145	-0.30975643	-0.28801563	-0.105210185	-0.06747059	-0.07186191	-0.106366254	-0.0193009	-0.029230459	0.14407173	0.06930262	0.093004495	0.21317142	0.08641484	0.24067587	0.0017909163	0.12614681	0.10356784	-0.17146929	-0.0013402074	-0.17170343	0.16459101	-0.1934579	0.20580167	0.08380059	-0.08059664	-0.10600016	0.26448706	-0.35827258	0.083146065	-0.029803587	-0.034948803	-0.068100914	0.0010868264	0.16739453	0.19355752	0.08868469	-0.19904883	-0.12036226	-0.11847811	-0.0065044803	-0.13320741	0.12746882	0.079006046	-0.044051	0.009447097	0.13521683	-0.0760796	0.13990737	-0.08814723	0.15940851	-0.33255783	0.052832387	0.15780951	-0.0040375055	-0.011417051	0.1977181	0.091889754	-0.083126366	0.03695458	0.17332417	0.091741405	0.24196167	-0.19674398
0.01832067	-0.2704547	-0.22235434	-0.12896365	0.040538378	-0.15864848	0.082671724	0.20325324	0.022737036	-0.014768508	0.078143455	-0.032061964	0.26522315	0.016341947	0.20586655	0.17246959	-0.15331358	-0.19921014	0.1296704	0.010899377	0.09362331	0.22881173	0.08014327	0.09190919	0.27923515	-0.19558413	0.02797357	0.25908425	-0.06548526	0.20883198	-0.042232964	-0.057825834	0.05800506	0.16250682	0.047219228	0.036170222	-0.045472927	-0.037038576	0.1898072	0.04715962	0.09003878	-0.053854913	0.3044479	0.11073013	0.09905325	0.080710866	-0.0566612	0.12580006	0.11261149	0.093848825	0.19156976	-0.059565593	0.14507653	0.06618881	-0.088800766	0.03228772	0.16758692	-0.23574182	0.073537	0.19538686	-0.028070446	-0.14936641	0.08193389	-0.123337366
0.31460017	0.35818654	0.3491118	0.32169613	0.28282785	0.33362752	0.24719091	-0.27599514	-0.32528737	-0.16783768	-0.3709067	-0.24780993	-0.33899233	-0.30777156	-0.3005762	0.27883816	-0.16049023	-0.11233164	0.16093482	-0.2827866	0.18589503	-0.3795917	0.28950354	-0.18291016	-0.2613483	0.28391019	0.20624697	-0.3720921	0.37179464	-0.2247512	0.290125	0.29334936	-0.2660117	-0.14748822	-0.28603765	-0.30790237	0.0491431	-0.30199978	0.12720737	0.23760547	0.1958011	-0.054364998	-0.34530234	0.25626767	0.097447924	0.103667654	-0.28320774	0.10256654	-0.29043376	0.32097805	-0.3244013	0.328275	0.14553571	0.16332237	0.2939407	-0.34184408	-0.38384783	0.110711396	0.23869075	-0.32771137	-0.26631215	-0.13153788	-0.35136178	0.37745473
-0.056623194	-0.02782602	-0.13629754	0.112566695	-0.1756134	-0.21948218	0.28357545	0.17521079	0.29646322	0.069484614	0.23474696	0.038323678	-0.06964867	-0.23839253	-0.013544982	-0.08549156	-0.020441398	-0.21811771	0.08547922	0.26349673	-0.07767386	-0.13872811	0.17466663	-0.1590257	0.061362486	-0.18081465	-0.16773362	0.005725701	-0.15445255	0.09212637	-0.30290192	-0.31749195	0.33503217	0.010352097	0.1924513	-0.3460766	0.0254199	0.2842696	0.08413258	-0.10621805	-0.24975207	0.26061955	-0.005457411	-0.15683305	-0.085542604	0.12464721	0.09742191	0.17912593	-0.04848331	-0.25720015	0.002762354	0.028451357	-0.23648854	-0.18651046	-0.27406526	0.2749558	-0.17448494	-0.14853792	-0.16527346	0.32584953	0.12670131	-0.118918195	-0.13466801	0.16546962
-0.054349486	0.12335751	0.2366832	0.18610236	0.1547154	0.39809147	-0.15567902	-0.37806988	-0.49317512	0.072737254	-0.3769622	0.05714646	0.055481702	-0.02445318	-0.09919185	0.22851142	0.18131858	0.24447344	-0.2512666	-0.3397035	0.01599681	-0.11662135	-0.18300733	0.3318844	-0.2940468	0.3297715	-0.00883327	-0.068728715	0.19366193	-0.30475357	0.29232737	0.37444374	-0.34312946	-0.27956104	-0.23357566	0.14777087	0.25237727	-0.3520098	-0.19787964	-0.0450592	0.35488802	-0.2756453	-0.10734452	0.3641449	-0.014197823	0.21429674	0.11838726	-0.23577209	0.15310223	0.20154715	-0.2009552	0.019628095	0.26954573	0.33773673	0.31538805	-0.3819918	-0.03893919	0.2679938	0.09931036	-0.4279088	0.09867191	0.21438172	0.092356645	-0.08371817
0.16048801	0.13209336	0.15173282	0.014026185	0.039136585	0.014429297	0.34729725	-0.012544534	0.31669828	-0.18996508	-0.006480176	-0.13091978	-0.31718388	-0.03576239	-0.20537806	-0.2004254	-0.16888227	-0.18912326	0.235922	0.055745143	-0.09365196	-0.10541439	0.3587025	-0.3780464	-0.08884846	-0.083095066	0.07480221	-0.20622912	-0.015337597	-0.067942165	-0.094853625	-0.046720285	0.3295126	-0.0019310844	-0.088215455	-0.20452483	-0.19102015	0.42468682	0.13625053	0.23087351	-0.09836922	0.3949462	-0.075948335	-0.3067565	0.057337813	-0.22675113	-0.17970051	-0.15922245	-0.43359083	-0.0844375	-0.082784384	0.16408427	-0.051901884	-0.3813308	-0.14833957	0.1825304	-0.07367077	-0.0015130674	-0.038409524	0.034649014	-0.13613072	-0.10071723	-0.42032787	0.22463182
-0.083358	-0.010471115	0.004436081	0.1603359	-0.15886849	-0.19184928	0.061928637	0.20130803	-0.03544561	0.2000883	0.2589932	0.04937666	0.02502267	-0.24805662	0.07541877	0.1770975	0.03085212	-0.22889924	-0.018398618	0.25275055	0.056289833	-0.20176299	0.037612174	0.10190838	0.1261997	0.09545293	-0.12805958	-0.051065683	0.041509543	0.084223524	-0.113883	-0.17866182	0.13711675	0.0009661158	0.13082023	-0.31805032	0.1092756	0.050687574	0.020237673	-0.14699444	-0.19648746	0.015226843	-0.04912475	0.06658129	-0.16289435	0.26074198	0.15890206	0.25683942	0.12986162	-0.10316134	-0.028068272	0.07562057	-0.1638592	-0.043961022	-0.11764116	0.11380677	-0.2338924	-0.12601522	-0.1163629	0.15837127	0.17284127	-0.20778419	0.03214417	0.18097189
-0.18399116	0.29142722	0.29730427	0.31540355	-0.22069426	0.08791343	0.18635319	-0.40268397	0.32665727	0.23759171	0.14475413	0.30745104	-0.35773468	-0.27289718	-0.35706815	-0.3630704	0.2739776	0.2300641	-0.21336293	0.19420145	-0.2688114	-0.32773334	-0.10932634	-0.26957792	-0.36495692	0.027189968	-0.24289232	-0.36355272	-0.17988862	-0.35996565	-0.23380236	-0.26749334	0.26769117	-0.32234702	0.25499758	-0.22699584	0.27591145	0.34490323	-0.3287042	-0.24408662	-0.3008738	0.27047262	-0.31681168	-0.3605158	-0.2579173	-0.36412305	0.25022027	-0.33661953	-0.32837167	-0.2729077	-0.3227003	-0.05061671	-0.22640048	-0.2977325	-0.21398982	0.20965628	-0.29902533	0.4162877	-0.27167162	0.031140568	0.2908732	0.31285837	-0.25457868	0.21753699
0.21492779	0.112364806	0.19730617	-0.0008829192	0.25257972	0.2027411	0.10711996	-0.085777	-0.1689363	-0.15694049	-0.2775727	-0.1762963	-0.17642182	0.06441304	-0.16892749	0.13898963	-0.06301558	0.038713608	0.07947234	-0.32997042	0.011264967	-0.07306399	0.049226865	-0.037218057	-0.08737635	0.09900949	0.1486204	-0.11160103	0.14953052	-0.1585428	0.21418716	0.27176845	-0.16311781	-0.023215465	-0.24007809	0.03261901	-0.054574	-0.1575336	0.07411823	0.085282974	0.31007713	0.0070505086	-0.060372695	0.108519696	0.11859964	-0.04469875	-0.14391422	-0.08694788	-0.1547149	0.21291606	-0.1012186	0.080990076	0.13793655	0.068234645	0.24324794	-0.22436891	0.020557566	0.046412364	0.16914564	-0.17973441	-0.09555973	-0.034285504	-0.1526685	0.024370294
0.4175052	-0.11523039	-0.16481629	-0.24783285	0.31477168	-0.22960293	0.45645052	0.34337068	0.23831712	-0.30475298	-0.03689081	-0.3510421	0.16493078	0.18761812	0.14066517	0.07875339	-0.38914886	-0.37586388	0.44439822	-0.11717659	0.29895842	0.24950309	0.50236875	-0.31527403	0.31993908	-0.25608757	0.29893336	0.1350666	0.036253866	0.21631081	-0.030420698	0.08502958	0.30411646	0.32577902	-0.19219463	-0.1204919	-0.4068356	0.13152395	0.5031243	0.37621513	0.08445629	0.35814053	0.25823286	-0.06658439	0.32771882	-0.17075452	-0.32443616	-0.05935418	-0.29902524	0.22103976	0.2603048	0.10249267	0.13943845	-0.33673897	-0.020894814	0.08323904	0.08188223	-0.3694193	0.26090926	0.24494632	-0.367055	-0.41858608	-0.38696784	0.025513463
0.11902249	-0.25471896	-0.29927042	-0.13484176	0.10259543	-0.18544896	0.23173152	0.27985007	0.18089527	-0.13403702	0.051388565	-0.16253106	0.09847334	0.08697803	0.20089266	0.17096615	-0.16977969	-0.30812424	0.24807139	0.012786259	0.14100967	0.24451347	0.28459683	-0.0030099035	0.2979933	-0.24547829	0.12108298	0.26650012	-0.1298902	0.24452384	-0.092861034	-0.021218214	0.26224402	0.27331588	-0.017019276	-0.03101708	-0.19423933	0.06816972	0.24971381	0.13656549	0.058250822	0.06633892	0.28917637	0.049591485	0.15023062	-0.010224586	-0.049828306	0.10690152	-0.023532435	0.10335599	0.19517598	-0.0038919093	0.14973958	-0.056716837	-0.15993494	0.14741845	0.08071377	-0.32401872	0.08739991	0.21717794	-0.09993516	-0.28599727	-0.06452274	-0.12922542
0.12187824	0.18585895	0.25359583	0.2273421	0.31236258	0.38410154	-0.061728887	-0.35550234	-0.4751936	-0.06350201	-0.43641052	-0.12660666	-0.0057162885	0.009345312	-0.15890765	0.27858803	0.046203308	0.082309626	-0.065517604	-0.34940052	0.12419963	-0.16578592	-0.07026715	0.16213319	-0.32196945	0.33785993	0.16549048	-0.19760525	0.21357737	-0.32312056	0.38635734	0.40225673	-0.31417528	-0.15056798	-0.28413153	0.08642704	0.084065266	-0.329696	-0.04045961	0.097662866	0.36052763	-0.13788064	-0.19405454	0.36729753	0.1924574	0.2413577	-0.090601884	-0.069764934	0.06256609	0.36433443	-0.29479855	0.13585421	0.3221196	0.20572105	0.31482437	-0.35523695	-0.07324429	0.20605142	0.20214608	-0.3583169	-0.13877335	0.075671	-0.0013818956	-0.01926516
-0.15877566	-0.4669721	-0.48571107	-0.19592324	-0.06905609	-0.12650092	-0.13127403	0.07968357	0.029996946	0.08620914	0.047307286	0.07361466	0.35922146	0.19457394	0.4038073	0.0637426	0.07461666	-0.016220987	-0.047768302	-0.013999105	-0.002579211	0.3336971	-0.1051546	0.27059522	0.24579352	-0.15416177	0.03195328	0.4394325	-0.35875028	0.32229605	-0.10803252	-0.047624417	-0.0649529	0.19619344	0.22425044	0.21934254	0.0062492643	-0.19289586	-0.01889004	-0.104465954	0.13211368	-0.17374098	0.37366128	0.21787868	0.048448574	-0.046500433	0.10320707	-0.07455587	0.2813407	0.04630841	0.30495545	-0.28825378	0.19211544	0.13684285	-0.08362984	0.09015423	0.35097158	-0.051245708	-0.03668443	0.2193349	0.07096383	0.027247861	0.22065689	-0.3156065
-0.53272206	-0.50726324	-0.4777887	0.26226297	-0.3448526	-0.36097577	-0.12027136	0.43465555	-0.018866077	0.45274508	0.4105609	0.3175027	0.54428273	-0.4054737	0.611184	0.5514083	0.12578738	-0.29559636	-0.11246581	0.35531148	0.3326338	0.15449697	-0.07690791	0.54636544	0.4333208	-0.044231888	-0.42382136	0.4698783	-0.3531148	0.42641962	-0.33978456	-0.32833907	0.17354189	0.21565938	0.404557	-0.29467866	0.4170103	-0.19770117	0.20792696	-0.43065795	-0.31032893	-0.31547844	0.47229263	0.538853	-0.25534382	0.57596314	0.5582777	0.48163733	0.62169296	-0.1801612	0.4443536	-0.31274506	-0.24265034	0.42080915	-0.36866367	0.26091945	-0.16462897	-0.36708143	-0.3346544	0.44827163	0.4231236	-0.41005158	0.504611	-0.26810062
0.010706878	-0.072729684	0.012763452	-0.062827826	0.0812538	0.19621608	0.012596603	-0.2212334	-0.09871643	-0.008553266	-0.19190367	0.06511027	-0.032681093	0.14272152	-0.056656484	0.014701384	0.09664402	0.1612377	-0.08657931	-0.16209672	-0.07611288	0.027177138	-0.074819185	0.073733576	-0.08728643	0.06950803	-0.025777519	0.03818888	-0.049616262	-0.12133866	0.12903312	0.19053176	-0.18972376	-0.09724121	-0.03777054	0.10715623	0.043697063	-0.1565483	-0.1300165	-0.016227044	0.12868798	-0.11545917	-0.00328373	0.11190075	0.004934477	-0.15682866	-0.017312469	-0.24318396	-0.044219837	0.08450542	-0.0085223345	-0.07212314	0.12497672	0.05641918	0.18185557	-0.15255134	0.20533176	0.19284315	0.021006031	-0.21112764	-0.035858624	0.1277549	0.010039131	-0.10621824
-0.03090884	0.31063253	0.26137093	0.28700608	-0.12871556	0.061945338	0.19424242	-0.17070939	0.09844779	0.10238707	0.13766825	0.078630775	-0.27856106	-0.24791536	-0.30882978	-0.15124345	0.15491037	0.052093145	-0.09014095	0.12051974	-0.096097484	-0.3334606	0.07511876	-0.26625177	-0.23741439	0.12676923	-0.17594685	-0.32713646	-0.0052769156	-0.2126113	-0.09187298	-0.101188116	0.14219497	-0.24409324	0.096634366	-0.3066854	0.11299626	0.25526366	-0.14393345	-0.11102513	-0.2209811	0.19580463	-0.3228583	-0.18798319	-0.21064544	0.055348113	0.059250064	0.02190191	-0.16696234	-0.22343186	-0.23057422	0.11140793	-0.1731053	-0.17617433	-0.11339633	0.08585198	-0.3610232	0.1474339	-0.101683535	-0.058621746	0.09227097	0.043389797	-0.17848314	0.22484228
0.05125262	0.05608071	-0.13293429	-0.08515508	-0.17213577	-0.3012801	0.32344005	0.07229799	0.7089146	-0.101381496	0.2733053	0.04266243	-0.34622338	0.14732692	-0.13341688	-0.4500872	-0.06948588	-0.055618424	0.14791541	0.1564	-0.2877784	0.047171637	0.15073015	-0.53128386	-0.13093728	-0.29642904	-0.045057476	-0.014291124	-0.6605546	0.014913065	-0.32846227	-0.3472337	0.5070943	-0.011726902	0.22446978	-0.055315692	-0.18111749	0.46830693	0.016124183	0.14228787	-0.1589168	0.48693973	-0.11886599	-0.54567164	-0.00021034438	-0.5542078	-0.09274951	-0.521781	-0.4867419	-0.22412527	-0.048093073	-0.021987183	-0.17633727	-0.44585717	-0.3727856	0.5595942	0.11890869	-0.005562201	-0.16178022	0.46660665	-0.093384415	0.013889007	-0.36359885	0.18183105
-0.3215719	-0.020521205	-0.02958179	0.07256252	-0.24566244	0.084655546	-0.043584064	-0.19121604	0.108636186	0.1959313	0.068440765	0.33736506	-0.12696122	-0.03797936	-0.052838527	-0.20019425	0.29002276	0.19505472	-0.2736186	0.15417427	-0.22608806	-0.10342592	-0.19866365	-0.053859904	-0.16473892	0.03783132	-0.2686542	-0.018847434	-0.34023932	-0.13579673	-0.13627778	-0.116059385	0.02241729	-0.18814856	0.24909362	0.080265254	0.24694641	0.099560894	-0.31481472	-0.27354544	-0.107769385	-0.047585264	-0.096135594	-0.09591264	-0.22752422	-0.008985299	0.29921478	-0.20580797	0.05800237	-0.23628382	-0.12539592	-0.23132871	-0.1283856	0.05939953	-0.12980115	0.15922417	0.053362846	0.30142036	-0.22990943	0.015222486	0.28930837	0.25157362	0.12238417	-0.008594592
0.29157734	0.3988349	0.42678723	0.46880993	0.41550747	0.3784069	0.34162536	-0.24376452	-0.49688616	-0.114125215	-0.32486632	-0.31758866	-0.22634885	-0.5091857	-0.34313232	0.4298048	-0.13175227	-0.1721221	0.16590115	-0.2633889	0.304199	-0.44514537	0.26635966	0.13045816	-0.17462154	0.42052042	0.19884388	-0.4348078	0.48066872	-0.28896585	0.34524673	0.33772233	-0.43294063	-0.23641218	-0.41687605	-0.4513781	0.15598406	-0.4818675	0.19129287	0.21040568	0.23397146	-0.24192163	-0.37392962	0.50739694	0.026253495	0.4415823	-0.1790078	0.32663625	-0.06941161	0.4048555	-0.38985923	0.42609668	0.15005034	0.28715634	0.4353411	-0.4864332	-0.49062157	0.058370367	0.26212966	-0.40122533	-0.29296333	-0.27155527	-0.40528023	0.46707824
0.1316888	0.0031942492	0.047332987	0.0099522	0.14929828	0.051795926	0.18286105	0.042160694	-0.0704815	-0.053199336	-0.13681667	-0.017812785	-0.048849914	-0.09951179	-0.07486173	0.2534827	-0.050032794	-0.10572915	0.07742976	-0.057866238	0.035124995	-0.012044798	0.06662717	-0.031567402	0.02761574	0.07987881	0.061534636	-0.08815733	0.12487108	0.0025103504	0.06276759	0.11310893	0.0002106538	-0.035840765	-0.098233745	-0.14228775	-0.017203582	-0.21745448	-0.019925522	0.011488266	0.05203944	-0.0032344053	-0.056147404	0.19170442	0.018926635	-0.0044176495	-0.047225285	0.018247306	-0.07573865	0.043618325	-0.068925396	0.10492249	0.043374263	0.08248319	0.033538323	-0.17818555	-0.11256179	-0.039109666	0.062236845	-0.05585126	-0.0022397146	-0.13927466	-0.11282813	0.059170157
0.115617245	-0.2332477	-0.16376878	-0.25692868	0.21815407	0.002603648	0.0062348917	0.050538093	-0.065883376	-0.109016284	-0.16627188	-0.1564531	0.188142	0.27013955	0.16318688	0.1904896	-0.06333708	-0.026155667	0.084295	-0.24063349	0.05444144	0.2989283	0.0036710266	0.1324931	0.18313272	-0.055354584	0.19434129	0.22697142	-0.047204122	0.18660124	0.1564796	0.16732436	-0.07816125	0.121555455	-0.13549556	0.2633827	-0.14437902	-0.20004708	0.058953647	0.11254679	0.23558551	-0.13021569	0.30083564	0.23179503	0.21799405	-0.10934816	-0.09791027	-0.17378217	0.013532267	0.2784033	0.23128276	-0.16175105	0.24911924	0.08154675	0.090403095	-0.15139759	0.2747392	-0.11079886	0.1226808	-0.045948412	-0.08541621	-0.058220223	0.022366093	-0.22327295
-0.23825234	-0.25569266	-0.117149696	-0.25226116	0.18697868	0.32306373	-0.21662837	-0.28658602	-0.26212654	0.053555097	-0.3256934	0.20507382	0.19654208	0.3113526	0.25772545	0.063735664	0.324872	0.3144406	-0.34562242	-0.32338926	-0.066140264	0.3381528	-0.26492918	0.2683256	-0.13209844	0.06130796	-0.14492089	0.2577138	-0.24511588	-0.04356438	0.20730995	0.3010391	-0.2708784	0.0192716	0.10862041	0.33400828	0.24803062	-0.26614136	-0.28104252	-0.25083157	0.27783135	-0.28005534	0.18047401	0.23973149	0.0641092	-0.09724046	0.28136924	-0.26571158	0.2589469	0.23153956	0.27055097	-0.35322917	0.30695018	0.26669398	0.26842567	-0.2759297	0.36813393	0.2692255	0.080421545	-0.26667702	0.15798919	0.2846883	0.20965229	-0.31281868
0.043568924	-0.084837236	-0.096126005	-0.11772339	0.087621234	-0.12241762	0.10040169	0.16307007	0.09244455	-0.04323443	0.019015234	-0.086224884	0.08455466	0.028068773	0.13566266	0.046851303	-0.07190868	-0.1350954	0.12159299	0.031477846	0.09512212	0.10348352	0.15708095	-0.0007801897	0.13802536	-0.15303563	0.048050866	0.123890735	-0.058278188	0.089178525	-0.058156587	-0.017066002	0.09948453	0.08767094	0.067602396	0.0016696982	-0.064637855	-0.003500995	0.14632058	0.106644906	0.004888148	0.076891966	0.14187784	0.033949144	0.09572708	-0.11224028	-0.12250711	0.030574765	0.028898705	0.09181203	0.1120859	-0.013643014	0.10360993	-0.0069390424	-0.061601724	0.118756615	0.06850561	-0.17023236	-0.02222735	0.12066112	-0.049018275	-0.1705743	-0.02005038	-0.04218248
-0.009631869	-0.060022883	-0.099813215	-0.047525186	-0.022279292	-0.12871085	0.009139875	0.095852435	-0.03794612	-0.04511299	-0.00042314385	-0.02312802	0.19101132	-0.007874741	0.12005876	0.16798402	-0.0046612243	-0.03440935	0.07188157	0.011619087	0.06624647	0.061815623	0.034666255	0.10059389	0.14701903	-0.029919252	0.055470433	0.07513829	-0.054174714	0.08786771	0.008109303	0.040912814	0.020640608	0.049946308	0.054842073	0.034872584	-0.01855044	-0.12948194	0.072911955	-0.03784175	-0.0027801942	-0.032119546	0.11953008	0.08169832	0.0003904479	0.041775033	0.0017710485	0.06558252	0.045209978	0.018105792	0.05023235	-0.057447713	-0.0146102235	0.047755886	-0.048110835	0.03714116	-0.022337386	-0.057689123	-0.026271492	0.09235007	0.020527884	-0.12146066	0.09037421	-0.07722264
0.16240412	-0.11654063	-0.037330844	-0.05681035	0.08968909	-0.036064617	0.20621201	0.18160363	0.13368046	-0.1814501	0.014336436	-0.114342414	0.05403411	0.019188875	0.07557452	0.08239832	-0.18591179	-0.13957569	0.207388	-0.066835076	0.027792137	0.12523176	0.22917646	-0.15175357	0.15678903	-0.098048486	0.07630007	0.023942238	0.015762193	0.11696604	0.008235624	0.07383021	0.20490468	0.08520627	-0.059686877	-0.040678896	-0.16526164	0.12170175	0.11836445	0.12933357	0.06335264	0.08631277	0.055625595	-0.06783749	0.12934196	-0.1364773	-0.19230455	0.008189461	-0.13305174	0.061220508	0.110039935	0.10309284	0.1074026	-0.077277556	-0.06287577	0.040546976	0.1422685	-0.10259582	0.07756139	0.099404514	-0.13905369	-0.1267922	-0.2039722	0.021757364
0.0036384268	-0.31276533	-0.3344066	-0.192129	-0.029253814	-0.22325058	0.0126334755	0.25856915	0.14462936	-0.016592648	0.047292568	-0.028637547	0.2859305	0.16469213	0.31701797	0.11520423	-0.05973858	-0.12725654	0.017072203	-0.03407918	-0.081507824	0.26085582	0.062206797	0.035162568	0.25095502	-0.11116615	0.012427844	0.32823482	-0.28503388	0.3053813	-0.09407257	0.022774627	0.2127165	0.1669968	0.06462241	0.026423216	-0.10854071	-0.09629981	0.053271692	0.06959515	0.08353601	0.040665466	0.305313	0.109425105	0.10916878	-0.043148153	5.2559158e-06	-0.056463506	-0.013568016	0.018715007	0.26828918	-0.25604117	0.06911863	0.025675124	-0.13818106	0.17299505	0.19662517	-0.16017677	-0.02182627	0.22298741	-0.037592944	-0.22060685	0.050637845	-0.225305
0.08293097	0.09241562	0.11713803	0.077342704	0.1777412	0.08197946	0.053360313	-0.0026464567	-0.18322422	-0.12036262	-0.075042985	-0.071980596	-0.015607882	-0.030208854	-0.009815635	0.14157887	-0.03333374	-0.063511044	0.08739901	-0.06482546	0.12793191	-0.045844298	0.120183505	-0.008747941	0.0035826268	0.008571327	0.07608377	-0.011036653	0.13469844	-0.025240745	0.12142567	0.13142888	-0.0920672	0.06213446	-0.15046956	-0.076088876	-0.04295992	-0.0606759	0.15363824	0.04011877	0.10839019	-0.05969788	0.03085529	0.1396029	0.034539644	-0.015633702	-0.088746324	0.07090723	-0.036594424	0.10385664	-0.0064296853	0.08834362	0.05668035	0.06351579	0.06804444	-0.06679804	-0.056238975	-0.072995916	0.06772029	-0.12367894	-0.074813746	-0.054586865	-0.04686836	0.045487955
0.37276506	0.5235363	0.5952275	0.5916783	0.35665727	0.4936509	0.3385866	-0.6111773	-0.6492186	-0.13942638	-0.48620066	-0.2825524	-0.43417904	-0.5606459	-0.5692303	0.40820226	-0.12117856	0.112708546	-0.006169318	-0.38153905	0.2196406	-0.599463	0.20637517	-0.054101568	-0.58641607	0.46091548	0.106195986	-0.50755596	0.4756089	-0.4743321	0.4207088	0.394067	-0.53159744	-0.4460462	-0.4031513	-0.49155447	0.26499006	-0.59579027	-0.07488078	0.2836676	0.18369515	-0.32001683	-0.596669	0.4271046	-0.11449434	0.467514	-0.16760264	0.22238499	-0.27236077	0.3266044	-0.53674805	0.35942426	0.028464543	0.27059615	0.42268205	-0.4895437	-0.57135814	0.4027872	0.26058298	-0.5196898	-0.30520394	-0.0063060285	-0.47521946	0.5638854
0.10836695	-0.12599538	-0.20588697	-0.1424593	0.046026345	-0.27256462	0.29450905	0.2940961	0.32949376	-0.13135883	0.17323363	-0.15838237	-0.029407054	0.0124879	0.08974286	0.012775999	-0.19592705	-0.3487706	0.31948262	0.080106355	0.06697145	0.07901441	0.36343005	-0.15099707	0.12285458	-0.27122065	0.06886429	0.10223217	-0.18509158	0.2333767	-0.2246168	-0.11369075	0.3825213	0.17384927	0.07381086	-0.08925855	-0.19209099	0.23380217	0.2671279	0.10783407	0.024278093	0.24801202	0.18507883	-0.17960294	0.07979207	-0.13175872	-0.11836214	0.07127731	-0.13729334	0.03255923	0.14319669	0.03744103	-0.030793548	-0.23736382	-0.18428588	0.26835316	0.14294618	-0.28282428	0.007440965	0.3113402	-0.12863915	-0.21532293	-0.11430344	0.045552578
-0.13132267	0.28491727	0.23183364	0.1602409	-0.32238677	-0.0038931752	0.229449	-0.22305372	0.4237622	0.1358777	0.2108046	0.26337397	-0.32366943	-0.21264496	-0.35642615	-0.3226922	0.23821975	0.1626108	-0.06833719	0.22549759	-0.30945304	-0.27670175	-0.016218629	-0.35216054	-0.26445338	-0.03963788	-0.26928145	-0.3026578	-0.2861453	-0.25896066	-0.23245908	-0.2671795	0.39147657	-0.22771114	0.28964064	-0.2729609	0.10461216	0.44602743	-0.23623721	-0.0903624	-0.24427207	0.35524878	-0.29679617	-0.44234717	-0.26869956	-0.29434556	0.098998226	-0.18246655	-0.4106773	-0.3214579	-0.28199542	0.03925631	-0.2530221	-0.35312885	-0.25730953	0.3125699	-0.27625746	0.250343	-0.26567477	0.18611081	0.19359685	0.2705467	-0.33545923	0.3494029
-0.39078423	-0.5420704	-0.25571004	-0.24405727	-0.06795462	0.4210732	-0.35871816	-0.37986916	-0.49759096	0.36022207	-0.3480325	0.3527737	0.4870334	0.46453187	0.45197377	0.26283678	0.392136	0.421623	-0.5096316	-0.33419153	-0.12024011	0.47405252	-0.412303	0.4808694	-0.24696922	0.34277028	-0.2604792	0.49766287	-0.26394737	-0.18758628	0.32984805	0.348566	-0.47391504	-0.17324753	0.12019797	0.45338744	0.40256882	-0.48567986	-0.3763213	-0.4169941	0.4162791	-0.4881507	0.41926882	0.45690876	-0.11156483	0.23138104	0.46102473	-0.43251652	0.4985051	0.15334988	0.26173356	-0.3657042	0.46830353	0.4619309	0.34601316	-0.420254	0.604227	0.41922712	-0.02522548	-0.3267461	0.394197	0.36193296	0.44733247	-0.48397276
0.018400682	-0.14479628	-0.109400816	0.046087258	0.022813918	-0.29316446	0.15902574	0.38917652	-0.008609184	-0.024644777	0.16115892	-0.04614116	0.23417366	-0.16806509	0.2611454	0.35450304	-0.14301057	-0.37457898	0.14233069	0.12014029	0.25797495	-0.028916946	0.26659414	0.06017514	0.35197744	-0.06217425	-0.05752991	0.053694963	0.047057603	0.23252317	-0.1669275	-0.14069347	0.26796487	0.17758259	0.11087612	-0.29435384	0.036861483	0.07171574	0.34037924	-0.0007975959	-0.07353985	0.043760434	0.20911701	0.19874138	-0.009585944	0.2181484	0.057126336	0.31059334	0.13700262	0.021690818	0.12339958	0.11817494	-0.102558784	0.043678265	-0.11541447	0.100758545	-0.17533584	-0.40724808	-0.034746375	0.18143985	-0.029685073	-0.39255083	0.016443651	0.10327838
0.43412676	0.47936133	0.54654807	0.5254499	0.38871264	0.46250686	0.33602837	-0.42912212	-0.562534	-0.22340173	-0.35207486	-0.34141785	-0.42497572	-0.5523837	-0.44471902	0.46994233	-0.32194823	-0.25797385	0.27504146	-0.37884173	0.3281095	-0.513598	0.3876183	-0.20997293	-0.37090686	0.4147559	0.31463718	-0.5083987	0.4840198	-0.41159782	0.3713027	0.3468293	-0.4025817	-0.28389934	-0.36967632	-0.47635362	-0.117698565	-0.46867833	0.30126128	0.32255167	0.26359227	0.05114662	-0.52255154	0.39683917	0.21473391	0.38255972	-0.31453505	0.35773313	-0.3457455	0.42636502	-0.4839053	0.41537303	0.19902635	0.07604841	0.40141776	-0.4546231	-0.5811831	0.10719112	0.3434015	-0.44796783	-0.34197053	-0.28341883	-0.43141747	0.43689328
-0.30537024	-0.26557285	-0.35835832	0.39492518	-0.34581366	-0.43125725	0.29255155	0.4293876	0.42288145	0.31492525	0.4573836	0.018264141	0.36261427	-0.4332011	0.4173431	0.33807755	-0.25411227	-0.4262908	0.2544592	0.37471205	0.28399828	-0.29721037	0.3816508	-0.0045806114	0.4196923	-0.33425015	-0.29482085	0.258095	-0.24301483	0.3615025	-0.41082636	-0.4425791	0.4652109	0.31079224	0.37419572	-0.42916077	0.2250649	0.50474226	0.38756043	-0.14232703	-0.4761908	0.26583362	0.37376484	0.09776887	-0.28341126	0.47676557	0.21002792	0.3901713	0.31611508	-0.46248925	0.32845357	0.29378003	-0.39292204	-0.20615143	-0.38383427	0.41777906	-0.4580922	-0.5053218	-0.30057308	0.3964228	0.23894842	-0.42018187	0.011278004	0.45433217
0.06646455	0.028356016	-0.17086674	-0.124984674	-0.125067	-0.2144837	0.27948868	0.17268671	0.43523106	-0.05791133	0.18459912	0.021366108	-0.19611925	0.08051377	0.0019958012	-0.31849122	-0.063552104	-0.10285071	0.1831281	0.14282356	-0.12557517	0.038044047	0.20167494	-0.28052187	0.05013187	-0.25621563	-0.02639913	0.028714204	-0.33620647	0.10161078	-0.28497484	-0.21358375	0.41454116	0.037489012	0.226728	-0.062794335	-0.13275279	0.36736354	0.049452577	0.110471256	-0.118604995	0.34437886	-0.083196945	-0.308965	-0.051344175	-0.20806992	-0.03272691	-0.14362389	-0.28583875	-0.21515894	-0.0033472844	-0.13408978	-0.1436521	-0.337388	-0.25924703	0.31237596	0.046293773	-0.09559659	-0.10587411	0.37829	0.004930235	-0.11601003	-0.21533717	0.1053796
-0.0430269	0.065729156	0.14626202	0.24219403	0.12891151	0.18634045	0.021321058	-0.12542243	-0.24232467	0.11461829	-0.1008094	-0.0067368853	0.10463451	-0.24688794	-0.06731947	0.41112342	0.12690936	-0.015145489	-0.18760017	-0.10426066	0.18927805	-0.18397257	-0.0939994	0.2798497	0.02394784	0.21088916	-0.013389371	-0.1266934	0.12996441	-0.08762924	0.11804318	0.09574967	-0.10722335	-0.09512231	-0.092702515	-0.17807825	0.23582941	-0.24858223	-0.06728878	-0.05813979	-0.0032041152	-0.2429663	-0.09072842	0.38454083	-0.075780086	0.29897818	0.055559035	0.093379594	0.18168902	0.10216439	-0.14813063	0.12393799	0.04680225	0.19736838	0.14850967	-0.236527	-0.26002404	0.009043287	0.012161147	-0.16041365	0.027535357	0.0057807327	-0.0033838244	0.07712774
-0.24404633	0.35755295	0.24058723	0.24401814	-0.38816676	-0.02262576	0.14878991	-0.2540756	0.50176406	0.20614061	0.3043989	0.32516256	-0.409172	-0.293359	-0.40462148	-0.43463776	0.31161925	0.16424191	-0.22156589	0.35446334	-0.38327703	-0.31290343	-0.13356863	-0.39644423	-0.3226233	-0.075059876	-0.30815563	-0.39403412	-0.39595085	-0.30797905	-0.29611337	-0.35522348	0.33862162	-0.29333165	0.33993977	-0.3269285	0.17273445	0.49860433	-0.3445845	-0.20062889	-0.3894641	0.3480198	-0.40775988	-0.5211719	-0.32840088	-0.22009236	0.2734383	-0.16988617	-0.3640335	-0.35429758	-0.28548402	-0.117676415	-0.36777803	-0.35344478	-0.36247742	0.40434805	-0.29186308	0.35659152	-0.27760234	0.14377993	0.25724086	0.26679972	-0.31321535	0.2898822
-0.2747145	-0.41751254	-0.40670684	0.101274475	-0.28313348	-0.39593878	-0.049703714	0.51987576	0.17106792	0.26443186	0.37612095	0.26931784	0.5369271	-0.33217183	0.53701055	0.40250912	0.065621726	-0.3439976	-0.08567778	0.41086823	0.2327273	-0.003935032	0.020904636	0.3868248	0.49145618	-0.046422977	-0.2387015	0.35654315	-0.28021848	0.49139905	-0.40181133	-0.37423983	0.36725414	0.16413887	0.34224534	-0.36436924	0.21959665	0.04446389	0.1656093	-0.3149666	-0.34239691	-0.19012293	0.3535677	0.33820823	-0.15268323	0.3589165	0.34582764	0.44593737	0.40664628	-0.28077707	0.26127285	-0.19943622	-0.19838177	0.25531274	-0.36017087	0.35959038	-0.24935995	-0.47898084	-0.27357727	0.49442673	0.3211097	-0.3953861	0.34042606	-0.06702416
-0.21644862	0.1941076	0.041217804	0.14953023	-0.3399686	-0.17875369	0.08891582	-0.09475868	0.46555343	0.16583347	0.32924968	0.22871913	-0.2884952	-0.15688811	-0.2762169	-0.33994862	0.2677421	0.14111137	-0.10632032	0.32112366	-0.26744118	-0.1860994	-0.09712496	-0.34204486	-0.28112745	-0.14404255	-0.25961992	-0.16791627	-0.30014935	-0.2271808	-0.3385337	-0.31212983	0.35152173	-0.19435453	0.35229445	-0.18940702	0.20233719	0.42436492	-0.2272026	-0.12974343	-0.33332953	0.3446975	-0.20886593	-0.36130098	-0.21884917	-0.2479324	0.22732808	-0.21629062	-0.25498664	-0.3221967	-0.21936375	-0.054746628	-0.28322795	-0.3278901	-0.36942434	0.37162963	-0.15991175	0.23982047	-0.25481653	0.23273098	0.22737446	0.24933496	-0.19791935	0.24323647
0.14717254	-0.13498564	-0.18791197	-0.1654391	0.12728652	-0.030894717	0.1941887	0.091608815	0.16380039	-0.1734084	-0.15540949	-0.1747339	-0.08347217	0.25111124	0.021334626	-0.15092753	-0.16358395	-0.08925337	0.13545112	-0.10988748	-0.03348241	0.12702972	0.17857277	-0.20015343	0.061015673	-0.14748743	0.18998732	0.16156779	-0.14552656	0.09257958	1.6457372e-05	0.07467704	0.07228537	0.10381712	-0.13831025	0.13166657	-0.15461558	0.048254475	0.17178833	0.22226252	0.08196894	0.1311263	0.063157566	-0.1282988	0.16204664	-0.2926884	-0.19340684	-0.21470977	-0.18809593	0.14181966	0.09419416	-0.06980133	0.1157381	-0.18426712	0.021933766	0.08580324	0.14520226	-0.08490443	0.06213844	0.120448954	-0.15431246	-0.111720115	-0.09154391	-0.053089116
-0.23015274	0.072581284	0.043411072	0.17194065	-0.12005413	0.025971519	-0.056624565	-0.12627682	0.1297232	0.18460093	0.06544824	0.2383618	-0.058223385	-0.08588688	-0.08890318	-0.0602437	0.16584367	0.11212568	-0.22427976	0.10743869	-0.17855789	-0.13153523	-0.10955497	-0.07262656	-0.14797421	0.0076445434	-0.16284047	-0.084943876	-0.068192	-0.046572525	-0.122990966	-0.1030641	0.014252206	-0.23569112	0.18365362	0.019721037	0.2469336	0.10360074	-0.15329038	-0.15188986	-0.16017121	-0.0066595147	-0.12008092	-0.082794145	-0.1292891	0.0123422975	0.177068	0.004601085	0.06381787	-0.14629598	-0.16300596	-0.1203448	-0.13912624	0.043988775	-0.14745289	0.12888491	-0.122559115	0.16997404	-0.1533463	0.03409472	0.16723083	0.1128891	0.054110076	-0.0030433054
0.24540383	0.17258534	0.1976934	0.087567315	0.2638935	0.10310997	0.099979	-0.11967679	-0.27533048	-0.18810993	-0.16322061	-0.22840698	-0.13398741	-0.10680538	-0.1899697	0.11988649	-0.12807907	-0.10102606	0.07813053	-0.17801727	0.05751945	-0.15316819	0.12998572	-0.072944894	-0.07378655	0.14278129	0.17645146	-0.20699039	0.2460199	-0.09393047	0.22029746	0.17463261	-0.15145831	-0.01596054	-0.25039876	-0.0791889	-0.121699385	-0.16943145	0.054043993	0.22256066	0.16128968	0.026465818	-0.12032784	0.19798246	0.07063515	0.033033986	-0.21810162	-0.0018727824	-0.10001001	0.18736114	-0.057403702	0.16659488	0.14562054	-0.026377833	0.14839089	-0.19076759	-0.12132943	0.02830266	0.15940234	-0.18661134	-0.14302118	-0.060871582	-0.23164596	0.11371223
-0.27318275	0.12616518	0.116662614	0.18189485	-0.27139813	-0.008741594	-0.01109244	-0.18040721	0.1798801	0.2712017	0.17659293	0.24341352	-0.20796295	-0.21804656	-0.17792653	-0.22288105	0.33261845	0.20211677	-0.22611582	0.15704441	-0.20489255	-0.2034689	-0.13016364	-0.17644113	-0.17953241	0.06430082	-0.2432566	-0.20783213	-0.21866971	-0.14913762	-0.2004205	-0.22070168	0.10658004	-0.21966524	0.24826118	-0.08471406	0.25027856	0.18695413	-0.25726655	-0.23831004	-0.1745507	0.009231665	-0.18600747	-0.22722153	-0.24343312	-0.026394058	0.23875427	-0.04938269	-0.088376984	-0.26771045	-0.23612167	-0.13242893	-0.24466024	-0.10093609	-0.15749961	0.18307449	-0.18960856	0.22090903	-0.2687869	0.033960305	0.25143132	0.15005541	-0.0014576038	0.14193551
-0.040395208	-0.08879905	-0.0033101903	0.088184796	0.026970511	1.542651e-05	-0.08960163	-0.03864261	-0.1866946	0.057433646	0.009491145	0.013948137	0.13746625	-0.036292635	0.009470317	0.25585246	0.10873153	0.00328102	-0.097214706	-0.07295246	0.11753595	-0.018846674	-0.1423718	0.20528498	0.07610818	0.10679499	-0.033248477	-0.008183846	0.07714637	0.031280134	0.03640573	0.057089616	-0.101771936	-0.0011108514	-0.069527864	-0.036812086	0.14880647	-0.22929637	-0.09985099	-0.058636095	0.12695448	-0.21864799	0.039070435	0.28038308	0.022584217	0.11105323	0.100309834	0.0672071	0.2127311	0.11267587	-0.033211496	0.007389205	0.10728285	0.179595	0.12575626	-0.099398606	-0.05959741	0.038299475	0.05878678	-0.00032112485	0.12414594	0.027093899	0.047821216	-0.0627504
0.25150412	-0.03836955	-0.096590854	-0.14521952	0.1589134	-0.24058762	0.34076628	0.34126246	0.22101347	-0.20843056	0.03270156	-0.18440586	-0.12379112	0.042907245	0.025429783	-0.06372905	-0.24204697	-0.31403035	0.31652054	-0.010887484	0.023096483	0.060707487	0.38399774	-0.29549718	0.21713288	-0.20277871	0.21667881	0.09491404	-0.06307704	0.18786587	-0.1510089	-0.06797624	0.32962608	0.21875294	-0.06462867	-0.1500577	-0.23770957	0.24064165	0.27521995	0.22896947	-0.061381113	0.34154597	0.10577004	-0.17318282	0.10365498	-0.082534656	-0.24020638	-0.046163995	-0.280188	0.025870558	0.14501457	0.062031955	0.0142178275	-0.30717406	-0.20656592	0.21149488	0.021538166	-0.31892678	0.0703789	0.29085627	-0.18306758	-0.35451207	-0.25351474	0.13185881
-0.08960112	-0.122199625	-0.059460696	0.04232415	0.08127559	0.052152	-0.1164029	-0.024690123	-0.27781323	0.043341793	-0.057278868	0.06211911	0.20702785	-0.028589629	0.20975117	0.29641002	0.06284713	0.10780299	-0.1607322	-0.08609847	0.07812573	0.14295207	-0.08531267	0.26454684	0.11116731	0.13132718	-0.049565636	0.07956705	-0.024231592	0.14361101	0.12150007	0.17435864	-0.20523202	0.09874182	-0.030593917	0.12799393	0.16355862	-0.26024717	-0.017344879	-0.15914442	0.10964981	-0.25335017	0.2151503	0.307292	0.08287051	0.21581975	0.12428427	0.037272725	0.21399271	0.15384342	0.14251487	-0.10543879	0.21291459	0.24132484	0.090686984	-0.2287343	0.113890775	-0.02907978	0.111920506	-0.066360004	0.047154233	0.015729275	0.17087984	-0.15703593
-0.306974	-0.2997366	-0.41574833	0.11466591	-0.29841238	-0.3261676	-0.0015834308	0.3482212	0.239271	0.26101476	0.34351102	0.13482872	0.31959552	-0.20816617	0.37744573	0.24839856	0.0235248	-0.32933426	0.01883054	0.393821	0.18197684	0.09046025	0.088897206	0.16840486	0.3076177	-0.11908905	-0.22921464	0.3407183	-0.3517303	0.31605148	-0.37390783	-0.35252824	0.29703242	0.20614417	0.31857783	-0.22801864	0.1314256	0.18814093	0.18709123	-0.2445764	-0.26565102	-0.019501038	0.22944985	0.16582224	-0.14801338	0.34431908	0.230934	0.3042769	0.2803568	-0.22689225	0.24444576	-0.21256809	-0.18612558	0.03202006	-0.36245614	0.40923014	-0.16440867	-0.3438004	-0.29025295	0.39290416	0.2667502	-0.28975472	0.24923842	0.0012652964
-0.30132067	-0.2017251	0.049916495	0.026167715	0.02115358	0.45773464	-0.37602612	-0.50080514	-0.5670168	0.34657875	-0.46937373	0.2998832	0.32986164	0.31620657	0.12895994	0.221066	0.4137571	0.3532105	-0.47543564	-0.45369214	-0.15044999	0.111725666	-0.37615284	0.43445545	-0.42723042	0.38135087	-0.22766037	0.16194285	-0.078922614	-0.37228692	0.35176837	0.45258158	-0.47082222	-0.35889158	-0.037937697	0.3390748	0.33661056	-0.54167825	-0.39493772	-0.3134333	0.4854488	-0.45560887	0.051674645	0.51901126	-0.23526427	0.25894874	0.31301126	-0.37588686	0.4129335	0.12137464	-0.105220996	-0.23394386	0.44223517	0.46066064	0.46212494	-0.45228007	0.38684183	0.47475472	0.005464564	-0.43680793	0.34437034	0.4252775	0.3107754	-0.38923523
0.15085983	-0.17139915	-0.22012843	-0.11971178	0.15544452	-0.30070707	0.2450125	0.36009964	0.2203537	-0.17099185	0.11511474	-0.23832847	0.13440314	0.058728334	0.21016861	0.099525765	-0.2219063	-0.37950134	0.3408908	0.06596686	0.26503578	0.14012265	0.38678616	-0.1716732	0.28007385	-0.18236208	0.20216915	0.16032942	-0.053070027	0.33758056	-0.17567311	-0.12115825	0.2775979	0.2706703	0.048248477	-0.086249165	-0.23514178	0.19524892	0.376818	0.17728168	0.041854274	0.21489713	0.2807589	-0.010490283	0.14040232	-0.028675778	-0.18340091	0.1150063	-0.054777455	0.120474115	0.25234395	0.039377898	0.09934152	-0.20962639	-0.16135344	0.19741474	0.13857988	-0.3294388	0.062709525	0.26422444	-0.1486963	-0.30450794	-0.11537331	-0.07838344
-0.037978727	-0.4124494	-0.36093467	-0.1947623	-0.06907819	-0.21821278	-0.014245198	0.16849966	0.19093966	-0.0069914446	0.12622748	0.017610347	0.2573225	0.16206	0.3350255	-0.043341514	-0.01466477	-0.04768898	0.014820734	0.03996768	-0.059191253	0.24334362	-0.033615936	0.10374577	0.2155041	-0.21130602	-0.038807288	0.30867857	-0.42730427	0.29117182	-0.14940235	-0.12634458	0.1832315	0.13945435	0.15445088	0.22608718	-0.090855844	-0.05973352	0.016131224	-0.028377805	0.045634437	-0.017363321	0.21553764	-0.028566469	0.0309133	-0.031941827	0.006759652	-0.078010514	0.051582687	-0.08585357	0.23498549	-0.3476281	0.023038788	0.057403054	-0.231369	0.22418776	0.21828303	-0.10937905	-0.066965714	0.27873185	0.03928836	-0.09844575	0.1787422	-0.21316442
-0.32615483	0.31166026	0.39782232	0.34034872	-0.29328984	-0.07702148	0.19002442	-0.32468945	0.39982733	0.26012948	0.30252746	0.29860476	-0.39279845	-0.3546687	-0.42422786	-0.39091268	0.3761602	0.29971224	-0.24601193	0.31830558	-0.2968489	-0.32077336	-0.18364681	-0.3099444	-0.35964406	0.060416717	-0.3589885	-0.4138951	-0.28392145	-0.2964209	-0.2801379	-0.28346005	0.28498563	-0.346463	0.3655474	-0.31039867	0.24290527	0.36784956	-0.392992	-0.23082788	-0.37450776	0.343505	-0.40252414	-0.39322293	-0.35728258	-0.3082105	0.264349	-0.20390548	-0.32980105	-0.31421676	-0.33026147	0.05080014	-0.34530777	-0.376367	-0.29515076	0.3694734	-0.35792953	0.3648313	-0.30804762	0.15033068	0.31235746	0.27626154	-0.3033327	0.28602317
-0.1802889	-0.18383469	0.036355153	-0.13460779	0.2667509	0.44066754	-0.25351426	-0.445439	-0.5002201	0.05461925	-0.5708713	0.1282367	0.1745221	0.34518182	0.017091142	0.27447632	0.29510733	0.26381296	-0.26656067	-0.544081	0.035842303	0.18295091	-0.30238032	0.34460938	-0.41876543	0.32131574	0.03857043	0.10959306	0.055680923	-0.39235726	0.41238195	0.4530179	-0.43815225	-0.36728844	-0.27669072	0.28353333	0.17802864	-0.46597636	-0.26323023	-0.21037523	0.532445	-0.379821	0.15338103	0.38862723	0.16845569	-0.14310429	0.14772037	-0.3485729	0.18857576	0.47232187	-0.038828924	-0.1374178	0.44480613	0.29464713	0.50190246	-0.47086474	0.3091763	0.34008944	0.22825633	-0.4964766	0.14267537	0.25612146	0.2244903	-0.21463642
-0.114479326	0.23622172	0.16555534	0.12403334	-0.21807884	-0.15680747	0.21123746	-0.109730385	0.5021643	0.15692194	0.29962605	0.17946915	-0.34703186	-0.15265743	-0.3202245	-0.33543372	0.10014614	0.096441664	-0.052760642	0.26722583	-0.24548754	-0.19802651	0.05234966	-0.430877	-0.18428874	-0.16470861	-0.24577035	-0.29419753	-0.30080906	-0.13920116	-0.29963675	-0.26500282	0.36141804	-0.1449529	0.2655862	-0.26537558	0.088225566	0.42196995	-0.12380294	-0.07837977	-0.24085903	0.41207114	-0.30072084	-0.44262263	-0.16239627	-0.21043426	0.08645318	-0.19497167	-0.42033163	-0.29910374	-0.26248467	0.04363502	-0.22806934	-0.41424567	-0.32627067	0.37333077	-0.23695144	0.15224685	-0.2548371	0.22497548	0.16795038	0.09300241	-0.3662188	0.2415601
-0.14639112	-0.056457344	-0.030965747	0.1849409	-0.11540739	-0.16766544	0.020974189	0.14336191	0.055222176	0.18337542	0.18045025	0.10580475	0.115208715	-0.17021953	0.07714325	0.14344414	0.064214766	-0.13175043	-0.031032085	0.15306444	0.078598656	-0.09163254	-0.037794843	0.036243618	0.11986868	0.033773232	-0.1705481	-0.017695518	-0.06365407	0.1430522	-0.13445394	-0.12725042	0.09927851	-0.017710807	0.0909078	-0.13920967	0.14363667	0.016297098	-0.023978656	-0.08512638	-0.13937533	0.0008040769	-0.05464443	0.07602469	-0.11001533	0.17818409	0.094589345	0.14867862	0.110374354	-0.16123916	-0.07950425	-0.02382451	-0.14015064	0.029959716	-0.10915963	0.05339843	-0.12937161	-0.05132635	-0.08773013	0.14229879	0.13467047	-0.14556856	0.039390095	0.056875095
0.043871872	0.21472959	0.2633423	0.24452205	0.02547964	0.26123416	-0.00225944	-0.28274283	-0.0796103	0.020555457	-0.09042986	0.010903178	-0.22504042	-0.1981146	-0.27643257	-0.037750613	0.08860084	0.11201708	-0.06278441	-0.056443807	-0.11429993	-0.24590117	-0.059453465	-0.12442167	-0.3381959	0.22008224	-0.10443577	-0.19731933	0.06687602	-0.31786996	0.070912875	0.080715686	-0.08663304	-0.29180726	-0.05734358	-0.1067994	0.11261287	0.013256161	-0.14756526	-0.051546656	-0.04414658	0.023002015	-0.2420895	-0.0527365	-0.09829111	-0.07368466	0.042762324	-0.109695844	-0.083936654	-0.020104228	-0.24179427	0.11299153	-0.06584293	-0.064712904	0.103604175	-0.058250364	-0.14294773	0.23855124	-0.024718849	-0.21154647	0.019246172	0.18498316	-0.13922638	0.09939914
0.33214855	0.35627535	0.38339373	0.37373424	0.21218495	0.34017617	0.43012387	-0.24995	-0.2431661	-0.17543063	-0.22872466	-0.29224697	-0.38323227	-0.41848198	-0.3994174	0.19125272	-0.16620156	-0.23208389	0.30294546	-0.15751064	0.12683256	-0.3550917	0.35810843	-0.20629561	-0.30257526	0.25602046	0.11533156	-0.3829601	0.32732505	-0.27477348	0.21478556	0.19541733	-0.12403012	-0.13726342	-0.27903858	-0.36805227	-0.054266736	-0.01609948	0.16569954	0.31942117	0.10607349	-0.01212161	-0.35099384	0.14710785	0.04906339	0.062132422	-0.2210676	0.059633203	-0.29855445	0.23277502	-0.28372702	0.32711294	0.017041411	-0.062062137	0.18779904	-0.29130766	-0.37836167	0.02128986	0.13001248	-0.3657423	-0.28846747	-0.1771788	-0.45370385	0.3483425
0.3205219	0.35635594	0.39108017	0.39593923	0.29287195	0.42850137	0.40101272	-0.4338508	-0.49671987	-0.19326371	-0.34072238	-0.28402114	-0.38385433	-0.4945053	-0.4426197	0.39203846	-0.24008451	-0.27139354	0.23968612	-0.2846075	0.20790842	-0.4507427	0.36097413	-0.1528902	-0.3020601	0.34064737	0.21673419	-0.4098911	0.42112434	-0.32501814	0.33229196	0.288773	-0.25025952	-0.21449369	-0.37736621	-0.410156	-0.037395127	-0.3803157	0.24067928	0.28016642	0.22349982	-0.08634375	-0.4593597	0.31170437	0.16753681	0.210096	-0.28100434	0.15964709	-0.3279549	0.34681913	-0.44361246	0.37622538	0.1831735	0.18904959	0.3121645	-0.33560637	-0.51456714	-0.021469312	0.17604126	-0.44489473	-0.3290771	-0.35235336	-0.40068063	0.3767757
0.3112203	0.11839841	0.036627844	0.021901859	0.22113457	-0.033124648	0.3334945	0.05590291	-0.0950425	-0.19610879	-0.08008464	-0.28481796	-0.035165235	-0.08929261	-0.06626034	0.24925864	-0.20180438	-0.24790001	0.21224111	-0.10623558	0.20789717	-0.037812453	0.32509407	-0.14215535	0.1141331	0.029564414	0.2184365	-0.1475126	0.21406177	0.06756506	0.12275495	0.10325764	0.08167031	0.038158093	-0.14721781	-0.20864867	-0.10112313	0.019022452	0.22276385	0.22409667	0.11805074	0.13600607	-0.0017184099	0.10193294	0.097655356	-0.004300639	-0.22951736	0.16605361	-0.12691337	0.18748863	0.04250571	0.2730122	0.023684178	-0.108521074	0.022571338	-0.075490996	-0.109072	-0.18656299	0.13797924	-0.0070242705	-0.17869581	-0.24020569	-0.24926956	0.20022233
-0.15294862	0.030549508	0.13343222	0.09875037	-0.008091291	0.08342466	-0.12276496	-0.15889038	-0.111267544	0.14054342	-0.096530735	0.10478789	0.0012757956	0.036455248	-0.08350704	0.0739393	0.06248656	0.058892813	-0.14353873	-0.04041911	-0.06298632	-0.071640596	-0.12500113	0.09805365	-0.16222587	0.06714217	-0.09720333	-0.022098385	-0.020262988	-0.10955431	0.061708	0.042350702	-0.091990516	-0.13679548	0.021033065	0.11360808	0.07263374	-0.1390244	-0.1483766	-0.1397176	0.12409092	-0.049740914	-0.14267011	0.14527638	-0.06010151	0.1662721	0.10955697	-0.15585771	0.057744995	-0.04107906	-0.06645258	-0.10503486	0.056093387	0.060757227	0.10416376	-0.07497345	0.0512166	0.17512205	-0.0013518529	-0.091815054	0.07072201	0.076324694	0.092633955	-0.03324406
0.335856	-0.34431413	-0.29788458	-0.27895692	0.27923396	-0.3302934	0.24448764	0.30390567	0.37329826	-0.29010528	-0.121557124	-0.22380207	0.20126347	0.38759124	0.22252943	-0.19098057	-0.31677306	-0.2925811	0.3150957	-0.24296169	0.014156232	0.2972368	0.2634614	-0.2801324	0.26140842	-0.26110393	0.30351186	0.2854023	-0.32795435	0.2853289	-0.0021119502	0.17814796	0.34259188	0.22289455	-0.13764869	0.2839552	-0.29786968	0.18461911	0.32760346	0.2424201	0.20193204	0.27970952	0.32915395	-0.25716114	0.25965047	-0.29397607	-0.31464368	-0.2915884	-0.33967012	0.26479805	0.261689	-0.1101089	0.30396652	-0.2646274	-0.15913399	0.31053185	0.3619539	-0.31515336	0.21690421	0.37098688	-0.23441042	-0.30103862	-0.2875087	-0.35065556
0.228676	-0.24522729	-0.22342445	-0.31001315	0.19704519	-0.2525879	0.3423587	0.32452205	0.46306735	-0.24950945	-0.10769383	-0.25950062	0.0032361841	0.31440774	0.19095908	-0.1023566	-0.2749589	-0.24158297	0.3411071	-0.1727948	0.035832968	0.21448883	0.312706	-0.35371974	0.23268089	-0.33186367	0.26100302	0.24219263	-0.21475087	0.23755674	-0.032584704	0.07619024	0.43195236	0.19592306	-0.069971025	0.15599458	-0.2641239	0.2419411	0.24236982	0.30084047	0.10996535	0.3659671	0.2162354	-0.32426018	0.20056914	-0.2840438	-0.23284242	-0.22350131	-0.34219572	0.11502634	0.28585812	-0.06818966	0.21869996	-0.3907569	-0.18455637	0.26045907	0.2728704	-0.2284872	0.15738408	0.21417296	-0.28117794	-0.2379547	-0.3348225	-0.16805409
-0.0145568475	-0.0337217	-0.0148849115	-0.21396354	-0.055108536	0.17315435	-0.06817908	-0.2049332	0.16843314	-0.03433745	-0.14758164	0.16049883	-0.17409611	0.27267006	-0.12722963	-0.32730058	0.13116738	0.2503409	-0.13964881	-0.16570358	-0.31481704	0.13785644	-0.19646266	-0.093379654	-0.23087615	-0.06924183	0.0067566135	-0.0074843974	-0.29481757	-0.09220791	0.022812828	0.06962774	0.016233504	-0.11197939	0.05102111	0.27911866	-0.09179957	0.047284685	-0.26877192	-0.07660294	0.11314947	-0.003552522	-0.08977033	-0.30007118	-0.05015184	-0.5054464	-0.03475113	-0.4351844	-0.20668818	-0.010072135	0.013918805	-0.28207326	0.121748514	-0.02534893	0.048615232	0.11777339	0.30961376	0.2776001	-0.0569822	-0.055569332	0.07282664	0.2417997	-0.014201703	-0.09695751
-0.13965084	0.13783684	0.065713204	0.065327905	-0.19632983	-0.0442542	0.1782555	-0.059665754	0.4084552	0.042186923	0.22235006	0.21217349	-0.3135825	-0.12939829	-0.20201154	-0.3168919	0.11626355	0.05341027	-0.020323854	0.2259968	-0.25069827	-0.13819706	0.038344026	-0.2803973	-0.20005648	-0.038344115	-0.15320149	-0.22054362	-0.25474805	-0.07310122	-0.27200335	-0.22977352	0.31752264	-0.18300544	0.21712233	-0.22857186	0.029286722	0.32843515	-0.21717691	-0.10790719	-0.24274197	0.23308192	-0.23017344	-0.39977896	-0.15977113	-0.24131763	0.06663991	-0.17951734	-0.21377319	-0.25451088	-0.1698635	-0.059273254	-0.21735533	-0.24335611	-0.22917429	0.3218608	-0.17766282	0.14856035	-0.19948898	0.14402314	0.164346	0.11530524	-0.230702	0.2509719
-0.17044741	0.39246255	0.3405529	0.1838669	-0.2976241	-0.16761084	0.2948704	-0.26452366	0.56354606	0.12431366	0.30049634	0.2101702	-0.40466586	-0.23012073	-0.45020878	-0.43491045	0.1803813	0.17935829	-0.06693994	0.24851882	-0.29630512	-0.29321718	0.012376752	-0.41057596	-0.2978142	-0.18044803	-0.29298353	-0.3713399	-0.36855358	-0.34689745	-0.27115712	-0.3219117	0.38221982	-0.3068508	0.29031113	-0.3272315	0.13525212	0.44487387	-0.33592403	-0.123310335	-0.3514753	0.5036903	-0.30519843	-0.4462513	-0.21954185	-0.445851	0.09964594	-0.31012943	-0.44153327	-0.35389397	-0.2968178	0.0783842	-0.30252066	-0.465556	-0.33902654	0.39356345	-0.30305204	0.36003405	-0.29216194	0.31789604	0.20093511	0.20906733	-0.4271794	0.29860538
0.34218714	0.13989367	0.17608128	0.07406574	0.3205694	0.16487387	0.36063504	-0.0328003	-0.08317471	-0.3004538	-0.24809125	-0.2679831	-0.2106425	-0.03349048	-0.13514555	0.18952015	-0.28793684	-0.30638942	0.29729646	-0.26363227	0.093057655	-0.14549598	0.33188757	-0.24535717	0.042469136	-0.008777413	0.27398035	-0.19613376	0.21330662	-0.01629105	0.1430427	0.18538216	0.022828072	0.05218693	-0.21569374	-0.24309468	-0.22964697	0.058424726	0.30737826	0.31832075	0.23734547	0.1517628	-0.0010537248	0.095312305	0.18558607	-0.10585818	-0.29441607	-0.06289339	-0.39310133	0.31666523	-0.024035178	0.17280678	0.18727271	-0.12373054	0.048369557	-0.16320463	-0.13016285	-0.12510134	0.17802435	-0.088025436	-0.291023	-0.26518905	-0.27732882	0.2057133
0.22346069	0.21587667	0.31775242	0.27811155	0.34225228	0.3009606	0.24367595	-0.21408354	-0.41962546	-0.094687976	-0.38981575	-0.20400679	-0.22662663	-0.26424465	-0.24833234	0.3116914	-0.077799164	-0.06546923	0.047127776	-0.29059437	0.16790952	-0.26436344	0.0925488	0.0071470663	-0.19386691	0.24252354	0.1669723	-0.31865108	0.33755565	-0.20196205	0.33881074	0.36777934	-0.33484748	-0.118299134	-0.31599674	-0.21487601	0.05498537	-0.43751204	0.041263543	0.15664013	0.29881874	-0.22787319	-0.22492434	0.3860713	0.070961125	0.12335072	-0.14734526	0.047031146	-0.1439536	0.2891443	-0.24987927	0.2977056	0.17462559	0.201768	0.27298483	-0.30916566	-0.2808832	0.065588	0.12878029	-0.3899105	-0.1680119	-0.13645142	-0.27633294	0.2297347
-0.16390759	-0.03146761	0.027438715	0.0062810495	-0.05599108	0.1268996	-0.10950771	-0.11954917	-0.09543583	0.091001265	-0.076985136	0.09091126	0.071828485	0.08151164	0.0009745897	0.020783879	0.17419216	0.1549208	-0.20276603	-0.038087737	-0.10940596	0.060282677	-0.19301382	0.15251875	-0.07093484	0.0949431	-0.14645271	0.051944826	-0.07258152	-0.077141866	0.0791857	0.117597066	-0.13527936	-0.12498624	-0.0030673267	0.08291301	0.18085416	-0.15825664	-0.113435246	-0.14289388	0.10372265	-0.1296994	0.03030374	0.07002446	-0.09453628	0.06000591	0.11994909	-0.12243542	0.13278164	-0.038243428	0.028199771	-0.09246636	0.09265319	0.10786143	0.080544144	-0.096276484	0.07503535	0.1602609	-0.048947655	-0.11166479	0.14307481	0.096452266	0.113730595	-0.09590991
-0.40349308	0.21352324	0.1867246	0.25572348	-0.39904207	-0.120881386	0.059934583	-0.10156104	0.32939422	0.31883222	0.3206576	0.40870804	-0.23242559	-0.23741034	-0.17649414	-0.20871335	0.36296064	0.06953032	-0.2448834	0.29643062	-0.28674585	-0.30468494	-0.19805087	-0.16402395	-0.2086048	0.083807826	-0.3593387	-0.26198164	-0.43213502	-0.16320458	-0.26713806	-0.27389556	0.21097982	-0.35241365	0.370418	-0.2618007	0.29338706	0.2776633	-0.36071166	-0.3582565	-0.29357308	0.06273486	-0.33466324	-0.27339584	-0.3504915	0.108478494	0.28116697	-0.0364161	-0.010110898	-0.34543997	-0.22902296	-0.20267652	-0.26712155	-0.1484217	-0.3300613	0.2954082	-0.31889933	0.23154777	-0.36373702	0.1788197	0.39304453	0.14112023	-0.038247127	0.22066939
0.24926546	0.32421705	0.3306286	0.2709565	0.3070942	0.3363522	0.27582505	-0.3162144	-0.4116145	-0.050482143	-0.32431215	-0.22696507	-0.26996598	-0.288023	-0.38836983	0.3249259	-0.061985504	-0.013126161	0.0054601496	-0.23928887	0.122748666	-0.31216943	0.13078904	-0.022698775	-0.19228204	0.22526997	0.06315351	-0.38864306	0.32364482	-0.25370386	0.24019842	0.28266904	-0.2537866	-0.25911757	-0.26646563	-0.36774024	0.04476378	-0.3313043	0.0662472	0.20574047	0.22841774	-0.09278014	-0.3064074	0.2839444	0.05019483	0.15835857	-0.15377131	0.12823881	-0.20130414	0.24253099	-0.32468143	0.26494545	0.074237704	0.17292555	0.2884863	-0.325867	-0.36392713	0.19759443	0.17466834	-0.3160492	-0.19631435	-0.06996481	-0.35777932	0.34536636
-0.099242486	-0.36089534	-0.2591226	-0.1409033	0.060954537	0.04876275	-0.028560232	-0.03950073	0.04403241	-0.018818846	-0.064101264	0.033597153	0.28007355	0.20573506	0.3146549	0.091726296	0.0337244	0.07553897	-0.06956496	-0.13067202	0.04774556	0.28802532	-0.049571157	0.13728224	0.04340031	-0.11763932	0.03664801	0.3650754	-0.2020566	0.11324593	-0.022303028	0.06660292	-0.046520796	0.1240908	0.05243256	0.13671243	0.052110627	-0.01625979	-0.008500347	-0.11513505	0.120880336	-0.13651772	0.28385556	0.21509117	0.07843484	0.015279468	0.061396945	-0.11648483	0.18007746	0.1308788	0.19461331	-0.21204938	0.1244709	0.1849307	0.04565458	-0.037504695	0.18800521	0.02217919	0.05362199	0.0076152463	0.04315623	0.08047693	0.18194082	-0.2731561
-0.20975655	-0.20216385	-0.19376029	0.13181223	-0.2612454	-0.16897719	-0.087292336	0.1435067	0.06834718	0.1581516	0.20267178	0.17314444	0.15538114	-0.11125898	0.1680726	0.13502307	0.1066089	-0.12312801	-0.06969436	0.19721532	-0.0027518214	-0.015202881	-0.034975268	0.16965814	0.15222324	-0.017701954	-0.23626207	0.11362301	-0.32481438	0.16224389	-0.26392767	-0.24124739	0.10191365	0.0068656746	0.23113374	-0.12639484	0.19222972	-0.06599469	-0.065198466	-0.20838153	-0.16456696	-0.14929213	0.086198285	0.06414201	-0.121652454	0.201685	0.22290011	0.1384217	0.24967203	-0.2201521	-0.01104305	-0.2200915	-0.0880903	0.13578007	-0.21751486	0.2076432	-0.08357554	-0.062778935	-0.2524112	0.21831112	0.19815573	-0.11093191	0.21866462	-0.08007988
0.17046244	0.009375032	0.02835451	0.046803057	0.1363854	-0.17295443	0.21726939	0.21591006	-0.05128035	-0.08695594	0.08272065	-0.13838251	-0.00046535252	-0.068061665	0.0110512	0.19912298	-0.18241969	-0.29135796	0.1911865	-0.01741739	0.22956938	-0.07881048	0.2158008	-0.027139807	0.16070835	-0.052504748	0.06416296	-0.102235146	0.08625891	0.16535224	-0.01769174	-0.053438302	0.11872678	0.116126165	-0.08290104	-0.22567892	-0.070497185	0.06727614	0.23996645	0.1508324	-0.030215053	0.13376115	-0.025046214	0.1731579	0.054609437	0.09390333	-0.12630965	0.14989562	-0.08461919	0.089446045	0.082855225	0.14101905	0.021403441	-0.10238048	-0.0025814162	-0.0064560054	-0.17415482	-0.2789197	0.038682003	0.07534974	-0.066537276	-0.2583278	-0.19303636	0.15468071
-0.136657	-0.05806775	-0.035855558	-0.056805905	-0.002079425	-0.056361668	-0.0037208982	0.048970822	-0.081807815	0.09522752	0.031895425	0.026563484	0.08022351	-0.019648321	0.028400797	0.05191469	0.04268582	0.022280732	-0.09958912	0.023893053	-0.04810032	0.088598825	-0.08771206	0.09088762	-0.0012667035	-0.049271405	-0.09801776	0.11899896	-0.07094953	0.101420626	-0.04184031	-0.029250337	-0.058711942	-0.003474996	0.0014873078	-0.029749071	0.055970404	-0.061578963	-0.012104173	-0.084608264	0.0695435	-0.14109088	0.039722506	0.15201065	0.045608826	0.1120921	0.07241739	0.036859486	0.09820361	0.022233205	0.05841013	-0.1119921	0.012334009	0.13450848	-0.059178982	0.0048040915	0.100242496	0.015846621	0.0033987232	0.041345417	0.10499301	-0.031799488	0.054651655	-0.08137677
0.12765485	-0.4410196	-0.4453039	-0.38816547	0.08039759	-0.06704257	0.022066982	0.18895084	0.27743372	-0.19346696	-0.021530066	-0.16159095	0.15139392	0.31208438	0.34770846	-0.120659895	-0.09757752	-0.06748842	0.18818699	-0.09374712	-4.536076e-05	0.41293946	0.069816075	0.03405323	0.18313825	-0.38793316	0.1944176	0.40844244	-0.39277437	0.3333277	0.039768986	0.068115935	0.08068877	0.2593714	-0.018897142	0.30037206	-0.25396746	-0.045969065	0.127678	0.058138117	0.21787085	0.025573557	0.52574974	-0.06422173	0.19448702	-0.1987866	-0.094401404	-0.17769916	0.004781034	0.20029266	0.43215293	-0.2747091	0.31916735	0.04055703	-0.025994372	0.16678803	0.47919384	-0.16110536	0.11751272	0.20017688	-0.0937854	-0.07518886	0.09640449	-0.38436618
0.043487895	-0.17076305	-0.23815909	-0.07133776	-0.030975956	-0.3003134	0.27035153	0.3698276	0.31640047	-0.059336547	0.15117767	-0.09695936	0.045220323	0.045098815	0.18703586	0.016549679	-0.16959481	-0.32182363	0.2036565	0.17696097	0.040826462	0.15274416	0.2279954	-0.087797	0.19856547	-0.2651715	0.031381268	0.21609053	-0.24439308	0.27532828	-0.20512567	-0.20553102	0.34008348	0.22775394	0.14480804	-0.06439376	-0.09242675	0.20412609	0.26432732	0.066135086	-0.029611722	0.21765786	0.22461464	-0.11956435	0.05409891	-0.06813791	-0.10805667	0.122579105	0.020039067	-0.035279103	0.17554985	-0.009640352	0.041270725	-0.1495555	-0.1910951	0.26329175	0.14347999	-0.26811656	-0.06628015	0.2896624	-0.10145168	-0.2522233	-0.056239825	-0.075922154
-0.27738038	-0.08444926	0.06826484	-0.112474136	-0.08462323	0.23717709	-0.1991887	-0.3948693	-0.10496351	0.12269044	-0.18437764	0.29128292	-0.22036068	0.2770365	-0.30434605	-0.26924974	0.28288433	0.34789068	-0.35346028	-0.13003819	-0.37215236	0.09938721	-0.3218482	0.024417233	-0.37416336	0.15573668	-0.19683649	0.047631945	-0.3814202	-0.27997005	0.06058099	0.14476681	-0.09931227	-0.24153286	0.019357366	0.21987762	0.20211641	-0.041153453	-0.42544758	-0.25233185	0.10381546	-0.18026742	-0.13287918	-0.07194695	-0.09411041	-0.38615325	0.18162721	-0.41823283	-0.073099874	-0.060072247	-0.044368725	-0.3331607	0.11465412	0.10180569	0.11864357	-0.06880367	0.29022443	0.3890399	-0.10280289	-0.18748343	0.26245877	0.36581513	0.1627673	-0.16229588
0.13045382	-0.13509095	-0.14648125	-0.101696	0.096382216	-0.114601776	0.16608502	0.1295783	0.16889156	-0.1158708	-0.032344308	-0.114758804	-0.010602438	0.07792566	0.08727786	-0.026235173	-0.14779487	-0.18329859	0.1818143	-0.05682444	-0.0045333765	0.1332955	0.12795307	-0.1301332	0.11920464	-0.12410736	0.08068388	0.08006876	-0.12780869	0.112873964	-0.073303945	-0.008921259	0.16493618	0.16789319	-0.036986068	0.062192403	-0.16160047	0.061909214	0.1408724	0.08615636	0.025881844	0.10138496	0.14288253	-0.10533592	0.099349014	-0.16337568	-0.13133982	-0.04029536	-0.08842018	0.0887172	0.13869356	0.005240131	0.115828164	-0.047366403	-0.09687382	0.08434422	0.14376147	-0.109053075	0.06499952	0.09883037	-0.11434234	-0.16553348	-0.08122064	-0.09017671
-0.102319516	0.34275618	0.14592953	0.13701983	-0.27301323	-0.1395475	0.28574038	-0.12983647	0.56937355	0.15889725	0.3258462	0.22619657	-0.4252439	-0.18402062	-0.38887456	-0.45256457	0.17588861	0.11721646	0.020020628	0.29758608	-0.27525043	-0.23249826	0.07410156	-0.43860543	-0.26071566	-0.12120973	-0.25004	-0.3454212	-0.31725514	-0.20517407	-0.3659286	-0.3283641	0.46635604	-0.23179771	0.32403865	-0.30911097	0.14643888	0.44362342	-0.20728919	-0.07611408	-0.31216604	0.45609754	-0.32626915	-0.47007254	-0.22762634	-0.35334527	0.038694125	-0.28485394	-0.52388084	-0.3861287	-0.27323586	0.066023774	-0.32655278	-0.46444187	-0.30517632	0.3664171	-0.22816111	0.24453399	-0.27386147	0.2583494	0.15914728	0.19801575	-0.44603583	0.36251226
-0.07590968	-0.116750725	-0.096082605	-0.03194202	-0.09038169	-0.012641033	-0.03472503	0.040286683	0.006871306	0.027576413	0.080633216	0.093617946	0.070048355	0.0072921948	0.13259046	0.060456034	0.05111908	0.032339845	-0.061307196	0.025220064	-0.08284878	0.019171223	-0.0181367	0.051821474	0.043832548	0.029415434	-0.0359627	0.04578501	-0.05446343	0.052139033	-0.051856294	-0.05403561	0.04054195	-0.0028589256	0.03443657	0.015569432	0.06738551	-0.10530713	-0.06867389	-0.10723663	-0.022912335	-0.075746745	0.06739658	0.08653972	-0.00996852	0.0626487	0.063521765	0.031140272	0.11508453	-0.029796511	0.060502023	-0.094734624	-0.021349836	0.10207194	-0.017384676	0.022688976	0.06954306	-0.029613908	-0.06372271	0.05720291	0.04699214	-0.0522293	0.051245276	-0.11693781
0.02512756	0.05106275	0.13144542	0.14447892	0.0770686	0.10757232	0.004311043	-0.07543219	-0.26055983	0.08329257	-0.113532804	-0.033341557	0.034829486	-0.034376718	0.020437017	0.24489771	0.040048935	-0.0026476607	-0.05990064	-0.12737739	0.03597325	-0.110671625	-0.066051945	0.12393754	-0.0003091377	0.18942532	-0.046752483	-0.102801114	0.13382924	-0.033889215	0.14303991	0.153653	-0.18529344	-0.0642471	-0.049374767	-0.005210983	0.07162302	-0.25039175	0.0031489707	-0.050845426	0.08852963	-0.110690266	-0.007090616	0.30782074	-0.057645	0.17553687	0.045747947	-0.019324483	0.08967684	0.08307635	-0.03069561	0.03402373	0.08393595	0.19026938	0.13092878	-0.17004707	-0.031885523	0.10403236	0.050607823	-0.09425404	-0.009608311	-0.029666757	0.063394845	-0.056148123
-0.071426004	-0.35576513	-0.31066296	-0.22471666	0.06478669	-0.035260547	-0.024577808	0.0479134	-0.06819195	-0.05361689	-0.15081093	0.07106655	0.2227194	0.28602162	0.28921828	0.0063794935	-0.0028180694	0.06932068	-0.07383328	-0.15675086	-0.067672424	0.29163858	-0.08647102	0.16420084	0.14360826	-0.08876813	0.080792144	0.33659968	-0.26949102	0.20024633	0.05957526	0.19965233	-0.0786551	0.13685817	0.07986903	0.26802114	-0.009050992	-0.2582633	-0.07037446	-0.05645052	0.3199561	-0.09261516	0.36228624	0.136648	0.11072447	-0.10625206	-0.02410281	-0.27104068	0.07452811	0.14297852	0.27048033	-0.2829191	0.33016846	0.11705857	0.09540794	-0.024930106	0.43289983	-0.04856578	0.011116155	0.05671275	0.042769615	-0.020770146	0.13208947	-0.37192735
0.05388293	0.10786535	-0.0026984138	0.09720916	-0.16262646	-0.21528906	0.2347612	0.04272808	0.30259567	-0.021918857	0.2083108	-0.0054144454	-0.19181332	-0.12481262	-0.1872129	-0.14562833	-0.07045332	-0.091550276	0.17239249	0.1908693	-0.10595524	-0.18216138	0.17552689	-0.30533716	-0.031834196	-0.12624784	-0.04306541	-0.19166125	-0.022750909	-0.041902795	-0.25891432	-0.23340355	0.35700476	-0.052401286	0.15700829	-0.21268243	-0.01177395	0.3096447	0.013989985	0.071401305	-0.2572146	0.35495216	-0.18119407	-0.32874423	-0.1069703	-0.11345698	-0.08082168	-0.005581786	-0.28673464	-0.20312777	-0.14577125	0.05032571	-0.21439815	-0.28870788	-0.26912716	0.23973256	-0.13589382	-0.038242467	-0.07522404	0.17976165	0.007851439	-0.064582124	-0.25270727	0.2684702
0.10736409	-0.21869984	-0.27665207	-0.25782388	0.023989307	-0.015563941	0.041924294	0.047358293	0.20636179	-0.18564627	-0.103288166	-0.040256605	-0.037278358	0.3371172	0.136937	-0.19887657	-0.10171327	0.03226164	0.122381374	-0.20095693	-0.11997817	0.25850716	0.06637012	-0.10431784	0.075484246	-0.13456434	0.124814115	0.2750598	-0.43857905	0.13199297	0.014247072	0.05099585	0.090585925	0.10686075	0.0086902315	0.22848535	-0.16871244	0.038878735	-0.03514171	0.12733795	0.23081893	0.11882497	0.17815202	-0.14564997	0.13766256	-0.273746	-0.10071387	-0.29925135	-0.13161013	0.11517401	0.15949385	-0.21850677	0.13590066	-0.09370348	-0.06122775	0.15116546	0.357688	-0.017618775	0.024102168	0.083190165	-0.086451605	-0.022184843	-0.022684991	-0.17697369
-0.41279554	-0.41552296	-0.34727344	-0.21309716	-0.092369094	0.110393874	-0.32274097	-0.09397928	-0.21758226	0.28490224	-0.15014435	0.27492365	0.45318738	0.30993554	0.38942626	0.23237945	0.24172972	0.25182	-0.29766247	-0.12575169	-0.040967297	0.34102994	-0.32356155	0.46331316	0.015850142	0.0435626	-0.08890001	0.42082587	-0.34559578	0.0541989	0.106874414	0.12677091	-0.320853	-0.06462757	0.16961424	0.28454822	0.19195543	-0.3859901	-0.23136148	-0.28952402	0.23167625	-0.32508418	0.378653	0.439517	0.040085603	0.12871233	0.36189407	-0.17518789	0.47390786	0.14371587	0.31548223	-0.36736074	0.26589265	0.41468653	0.09201435	-0.12660013	0.32397744	0.09932833	-0.113847785	-0.10600945	0.28036323	0.19359265	0.46065202	-0.42675436
-0.07176953	-0.061236825	-0.1604707	-0.11832505	-0.14899457	-0.20067419	0.12749915	0.022192916	0.31406987	0.017443199	0.1380239	0.105873205	-0.046768643	0.079296485	-0.014209491	-0.23615913	0.070711225	0.02769692	0.045619894	0.08963949	-0.21032633	0.07591735	-0.003888459	-0.13768335	-0.0035724863	-0.2070316	-0.048576552	0.11249972	-0.4720223	0.10219068	-0.21180302	-0.25370497	0.2764202	0.044163954	0.31676993	0.03429595	-0.070190154	0.23356013	-0.004193778	-0.0855741	-0.07483515	0.20404589	-0.0022956443	-0.28372577	-0.06358319	-0.15132286	0.025581533	-0.21520369	-0.14199254	-0.1069949	0.024165453	-0.32120597	-0.083672404	-0.14616482	-0.3028595	0.31243727	0.10187241	-0.00029829284	-0.16011873	0.23396668	0.02692153	0.021707049	0.0068286946	-0.03495733
-0.17587979	0.031538695	0.026864698	0.30594832	-0.04361681	-0.05261708	0.014444752	0.015758565	-0.13201433	0.20418893	0.19904144	0.110448584	0.03657776	-0.30666843	0.05479487	0.216354	0.1122994	-0.104851365	-0.094563745	0.2188466	0.07106643	-0.18592781	-0.019514104	0.14633721	0.0317843	0.12907015	-0.25889036	-0.0488793	0.113354795	0.00010254347	-0.037737705	-0.12720188	-0.012712487	-0.026025278	0.083377555	-0.2684725	0.30780283	-0.07523009	0.042174153	-0.18441832	-0.2289714	-0.16880187	-0.07651248	0.18656793	-0.19778737	0.37463525	0.2411646	0.22839844	0.23664619	-0.124384776	-0.13162428	-0.03335217	-0.21675983	0.14050324	-0.12077645	-0.07268296	-0.3899267	0.0064407513	-0.078791566	-0.0016242694	0.18907788	-0.035840567	0.11727667	0.043337695
0.35820556	0.3938634	0.38008493	0.4165449	0.35326508	0.35990137	0.3534074	-0.42215607	-0.49090904	-0.265478	-0.4057286	-0.27603483	-0.349634	-0.3336211	-0.3579359	0.37875563	-0.19186193	-0.157683	0.23668857	-0.33887488	0.21444626	-0.432146	0.3279996	-0.06938585	-0.36115146	0.3895626	0.30430144	-0.43117923	0.36923406	-0.3396076	0.3307587	0.3272034	-0.3256234	-0.23103131	-0.3211119	-0.35921285	-0.026560372	-0.3190816	0.1815033	0.25683624	0.31389815	-0.15922163	-0.33254176	0.37167877	0.14985275	0.2622705	-0.3160083	0.12278971	-0.35288605	0.3833451	-0.33465135	0.3942872	0.22517265	0.19317159	0.3340552	-0.42603782	-0.46311557	0.13272685	0.2747053	-0.4270674	-0.34455532	-0.19134535	-0.4192143	0.35305154
0.025849912	-0.16029423	-0.07607291	0.012533488	0.069258764	-0.044012036	0.018482076	0.14647584	-0.040429607	0.0018881297	-0.012084573	-0.0720607	0.18652594	0.034801718	0.0941248	0.2510377	-0.099363826	-0.06836438	0.030868892	0.019444112	0.16652828	0.10817448	0.029240392	0.12894815	0.15215392	-0.015436282	0.07306545	0.042707045	0.062400155	0.18344101	-0.0059287935	0.09590106	-0.056727998	0.0820646	-0.052906718	0.036459055	-0.059161685	-0.17815939	0.105511844	0.020754442	0.06384746	-0.11986628	0.17212002	0.23588194	0.07814182	0.04702553	0.046885528	0.035244185	0.16530548	0.17973691	0.1268925	0.026572106	0.120378226	0.16887982	0.029208438	-0.0464468	0.031350028	-0.10198384	0.048703093	0.03198875	0.01148741	-0.07079178	0.07283783	-0.07373527
0.111888215	0.07117121	0.089215964	0.09101644	0.18035668	0.18794768	0.02076058	-0.09289757	-0.28622517	-0.10021817	-0.25009078	-0.117641106	0.048706643	0.047993504	-0.07413747	0.21507834	-0.045985788	-0.017858634	-0.045349192	-0.23379138	0.1702007	-0.064989716	0.051900942	0.09892061	-0.07012836	0.16839471	0.1599356	-0.057355423	0.13316406	-0.06369804	0.25503638	0.24955101	-0.2413951	-0.003857213	-0.19718218	0.024498187	-0.056897372	-0.22242378	0.03854083	0.08080581	0.2940485	-0.12058962	-0.0012920841	0.24558099	0.15938503	0.040378567	-0.12558192	-0.043220244	0.015456482	0.24944028	-0.006001527	0.1273905	0.2613203	0.104401715	0.26086223	-0.21496394	-0.04324286	-0.0024631994	0.19265555	-0.2074085	-0.07614752	0.043574188	0.02102993	-0.093217745
0.11086615	-0.34148425	-0.33138904	-0.2624871	0.109651655	-0.18362965	0.1237737	0.26336992	0.20050387	-0.1636593	0.07904343	-0.1350193	0.30677983	0.24505274	0.2831226	0.06876397	-0.21339287	-0.23097152	0.24997668	-0.04322336	0.20538223	0.31994656	0.13332398	0.044751294	0.3095241	-0.29008502	0.20674771	0.29754922	-0.21398616	0.34148672	-0.07603291	0.022567026	0.088302	0.34600383	0.032095086	0.13183819	-0.21168439	-0.023817703	0.23134093	0.11708912	0.15493496	0.050604552	0.35727596	0.009165482	0.22698815	-0.099360466	-0.106182784	-0.041473262	-0.016839445	0.19418345	0.33248776	-0.13402541	0.26626626	-0.050849088	-0.114834644	0.16842733	0.23631474	-0.25350127	0.047853865	0.2070496	-0.13616423	-0.26829022	0.033728234	-0.297614
-0.021305345	-0.19091159	-0.1870166	-0.016584571	-0.052876376	-0.32189053	0.11019132	0.4101227	0.17982377	0.0016641696	0.18581477	-0.015523208	0.27838266	-0.033948056	0.28339097	0.22887626	-0.124962464	-0.35447106	0.14989062	0.18930173	0.13923651	0.112006284	0.14645678	0.080241315	0.40314654	-0.10179583	-0.035703883	0.14264613	-0.09568483	0.35037127	-0.21480867	-0.1809823	0.33023512	0.12392892	0.14995049	-0.21548772	-0.016978636	0.06800241	0.240976	0.031318784	-0.14130734	0.10299833	0.19872366	0.11505752	0.031595908	0.14975537	-0.035800707	0.13831791	0.08101789	-0.050170187	0.14967571	0.008366721	-0.019305903	-0.019367963	-0.26860213	0.2005514	-0.03451112	-0.32553208	-0.07873493	0.28285602	0.04878693	-0.35604802	0.03565275	-0.041569345
0.07147117	-0.057478875	-0.058617696	0.03849356	-0.068956405	-0.22613065	0.23007658	0.24498615	0.17147619	-0.06309037	0.182904	-0.084551804	0.007862848	-0.12471683	0.12599874	0.0003850945	-0.12833667	-0.27960196	0.16018987	0.1482844	0.013930286	0.018582594	0.19657497	-0.103624485	0.15863518	-0.103135824	-0.027266491	0.041974407	-0.08984063	0.14397909	-0.23301023	-0.14913891	0.22090307	0.14273414	0.14791648	-0.2131358	-0.08193342	0.21588902	0.21334986	0.015242089	-0.17004748	0.16802251	0.064864494	-0.14592794	-0.02895752	0.0098719625	-0.06776963	0.12562221	-0.024585782	-0.060312703	0.06199458	0.056911167	-0.08483079	-0.14425853	-0.24944858	0.22365794	-0.13857065	-0.21208537	-0.031982668	0.17232513	-0.058711324	-0.23310113	-0.124590695	0.068246566
0.45215568	0.42887387	0.4950748	0.44991356	0.3296609	0.40623057	0.37703127	-0.3871916	-0.43569502	-0.3509071	-0.337292	-0.31744495	-0.4087515	-0.48040023	-0.45170674	0.42000055	-0.31714776	-0.30229777	0.33468583	-0.31699526	0.3014386	-0.52434397	0.38941908	-0.12013275	-0.30198276	0.386532	0.33236796	-0.43022954	0.39130044	-0.35707122	0.34071273	0.32596135	-0.3277675	-0.11702859	-0.37153906	-0.452257	-0.25642172	-0.35981768	0.30380562	0.39214557	0.26028612	0.022646163	-0.4338662	0.34830427	0.22807385	0.23621231	-0.3874076	0.24777602	-0.37008595	0.38870427	-0.46706834	0.34253937	0.27148876	0.094609566	0.29718846	-0.39323503	-0.48396513	-0.1485285	0.28497136	-0.46654096	-0.3712246	-0.340675	-0.42834714	0.424815
0.04114458	0.084367685	-0.043601755	-0.018461803	-0.0805564	-0.043901376	0.16313301	0.031832464	0.25419447	-0.03196885	0.049901865	0.020460181	-0.12160005	-0.013774032	-0.1274544	-0.1831711	0.001214018	-0.07169302	0.041936263	0.10110809	-0.13328615	-0.009380671	0.123016104	-0.17621264	-0.008250944	-0.06690009	-0.009639526	-0.07860133	-0.1340574	-0.05058971	-0.17337239	-0.103951626	0.23240921	0.009494871	0.10282117	-0.04158035	-0.03974437	0.14592442	-0.030414077	0.012974457	-0.14220092	0.13843669	-0.065123506	-0.23166463	0.03321927	-0.11891888	-0.022364417	-0.07981818	-0.21892169	-0.1481783	0.019228239	-0.07311839	-0.116445124	-0.22197394	-0.095254935	0.13871214	0.022575349	0.017725503	-0.06990737	0.07044422	0.031199409	-0.03888281	-0.15583825	0.10523236
0.037687246	0.086794324	0.074473545	0.19252995	0.14325994	-0.011643682	0.08448997	0.07167097	-0.14259806	0.039796624	-0.041404247	-0.070436485	0.01544352	-0.209001	-0.03193333	0.2664821	-0.053830847	-0.124126926	0.07557247	0.024940738	0.13037921	-0.14345698	0.092103705	0.048339557	0.03092434	0.15515319	0.031408023	-0.06695286	0.19788706	0.05547344	0.034055773	0.06257886	-0.11712679	0.028684434	-0.112489976	-0.18554115	0.06791393	-0.16862924	0.075781494	0.04999843	0.031188618	-0.12717183	-0.04586028	0.25419942	0.05847547	0.1915761	0.00083153794	0.17219308	0.114826776	0.07709329	-0.03012281	0.11425373	-0.03128808	0.11234169	0.07362115	-0.14396492	-0.22228615	-0.039569244	0.12216711	-0.011339247	-0.074573025	-0.11899498	-0.061650887	0.047801465
0.37567145	-0.25144255	-0.23457666	-0.35297868	0.37362117	-0.0611597	0.34156263	0.19678207	0.37299404	-0.3288238	-0.3124409	-0.34055087	-0.15443708	0.38271692	0.049363542	-0.3115748	-0.377792	-0.20382284	0.3378101	-0.37201485	-0.023114275	0.37120634	0.3704047	-0.41194844	0.22134094	-0.29654223	0.37446702	0.26901662	-0.19504082	0.22260325	0.16904257	0.29664266	0.1810976	0.285178	-0.2675922	0.31882417	-0.41886333	0.15741216	0.3029823	0.32884282	0.3423858	0.32388318	0.3006265	-0.42297772	0.35755882	-0.3982759	-0.3698942	-0.4523165	-0.45880738	0.31972286	0.31718028	-0.11300729	0.36241406	-0.3142325	0.11109772	0.14428896	0.4832888	-0.2677665	0.23716283	0.122482195	-0.32951176	-0.25756305	-0.4401941	-0.23172423
-0.22680782	0.26128918	0.26529178	0.27571818	-0.33642817	-0.125268	0.22219671	-0.2138111	0.42114624	0.2153677	0.314473	0.24174516	-0.3461839	-0.28541675	-0.3589271	-0.292263	0.24043106	0.08026836	-0.10225301	0.31367978	-0.23926628	-0.33351344	-0.060690194	-0.34501073	-0.31872097	-0.032785695	-0.25300083	-0.29724902	-0.20425355	-0.20963252	-0.27027592	-0.2991201	0.3388617	-0.29278743	0.3248329	-0.36348742	0.2113409	0.4272842	-0.24693872	-0.19954772	-0.34775847	0.34493986	-0.286158	-0.44359392	-0.27983811	-0.20587978	0.18711002	-0.16730903	-0.35937077	-0.33202004	-0.31080684	0.027629558	-0.2886135	-0.3290842	-0.27664968	0.36811396	-0.399425	0.24189785	-0.2269016	0.1461285	0.2857369	0.21011226	-0.28931114	0.3484846
-0.25951198	0.3402813	0.39358804	0.29793948	-0.32892486	-0.04650712	0.17065755	-0.37493834	0.4040021	0.3419519	0.29920334	0.32983693	-0.31029084	-0.29735428	-0.43222615	-0.36090156	0.38971528	0.2991345	-0.2883931	0.26928446	-0.32808918	-0.32018825	-0.14960021	-0.34092668	-0.33708805	0.06955273	-0.30686012	-0.3706874	-0.3366835	-0.30281606	-0.3212609	-0.3340443	0.32124877	-0.37453252	0.29757458	-0.24105637	0.3000259	0.4012826	-0.34003633	-0.27236366	-0.34106135	0.3460526	-0.31513783	-0.37329724	-0.32065353	-0.44221264	0.27593	-0.2478583	-0.37881857	-0.34304026	-0.33835447	-0.09796416	-0.34493044	-0.28998128	-0.29836836	0.34441313	-0.33998874	0.38448656	-0.27521718	0.13773607	0.30101216	0.3110116	-0.26471394	0.31953844
-0.40875253	0.611644	0.63919103	0.5206393	-0.50639886	-0.17585744	0.4407845	-0.5273267	0.671835	0.47474653	0.56090146	0.4692359	-0.5994696	-0.5568138	-0.66870177	-0.5515831	0.4795442	0.4002471	-0.3440132	0.56316096	-0.48838228	-0.6132664	-0.19470726	-0.56363434	-0.509251	0.1383322	-0.527468	-0.5588824	-0.45352808	-0.5311578	-0.45852077	-0.4774355	0.537197	-0.6077281	0.56202644	-0.5244534	0.4628067	0.7017931	-0.5490537	-0.39974943	-0.61140525	0.6258267	-0.5672275	-0.6871295	-0.45315638	-0.7351906	0.38889688	-0.22461462	-0.6235125	-0.5525247	-0.5784037	0.26703325	-0.5277206	-0.55723363	-0.4782059	0.5288347	-0.6611025	0.51626325	-0.49060392	0.4316532	0.45099017	0.47096	-0.62000066	0.54921645
0.25891277	0.3067843	0.29033414	0.29485962	0.2722525	0.23717903	0.2474304	-0.22283407	-0.31684953	-0.15866081	-0.22743787	-0.20797546	-0.29469565	-0.23144999	-0.2782663	0.3044517	-0.17787139	-0.22058316	0.24188875	-0.2383041	0.21720031	-0.30897206	0.2219887	-0.13940713	-0.17480874	0.17635033	0.15567519	-0.3363452	0.28410065	-0.28112864	0.22454545	0.21397954	-0.2198926	-0.14783286	-0.22781679	-0.2812865	-0.07434469	-0.21877965	0.21024838	0.21046342	0.24251774	-0.0368627	-0.33115828	0.20524815	0.11476816	0.12795608	-0.22716382	0.10463648	-0.27495855	0.27411267	-0.2302986	0.26131946	0.14443815	0.04138208	0.24093382	-0.24932301	-0.30992007	0.042114817	0.22439739	-0.2688603	-0.19200405	-0.17725626	-0.33304277	0.25774792
0.35337564	0.29573178	0.31813788	0.2949769	0.31684482	0.3154303	0.31249943	-0.2659893	-0.38709846	-0.31119838	-0.30695203	-0.32884204	-0.26746613	-0.2269509	-0.33090523	0.24912277	-0.26601452	-0.1449576	0.23076604	-0.31006196	0.20094551	-0.28013462	0.28775293	-0.15417337	-0.24709348	0.27032712	0.25402972	-0.3767512	0.3364155	-0.2854662	0.3043647	0.2667502	-0.21135612	-0.11850141	-0.3000914	-0.3213099	-0.13708723	-0.19614382	0.19562274	0.28789917	0.23763585	-0.061666112	-0.2689094	0.20843554	0.21160461	0.046077304	-0.26680318	-0.027146593	-0.32715338	0.3031292	-0.24690817	0.25825253	0.22391306	0.14288424	0.29248527	-0.31034473	-0.25983155	0.050882064	0.26401255	-0.32952762	-0.3279886	-0.22370762	-0.3413689	0.32071707
0.04423236	0.15772213	0.0884913	0.068462126	0.025512565	0.048461523	0.10280324	-0.0977985	-0.021200776	-0.010027523	-0.116330944	-0.025223074	-0.17147526	-0.051338125	-0.11540101	-0.070384674	0.01167233	0.010280318	0.001500872	-0.06710057	-0.0870657	-0.1264019	0.04270843	-0.1401238	-0.07649709	0.056844816	0.0134728225	-0.1639056	0.02522744	-0.10344457	-0.0036113127	0.0002953288	0.023773935	-0.099321544	-0.11921999	-0.0612467	0.038160283	0.17330702	-0.04623312	0.050217155	-0.031778418	0.09056259	-0.10980728	-0.12427615	-0.029726839	-0.039424304	-0.030013727	-0.07449347	-0.16886121	0.015790116	-0.11508827	0.103561744	-0.0424632	-0.11620357	-0.013564818	-0.035317995	-0.06054928	0.03823979	-0.012669613	-0.08913418	-0.053331405	0.04297289	-0.091766134	0.07595492
0.02496937	-0.20759861	-0.26091594	-0.22109264	-0.01810208	-0.1283771	0.090166435	0.098815195	0.3321037	-0.10806658	0.0090101035	-0.026105661	-0.04449053	0.24806798	0.034319576	-0.25267407	-0.11054899	-0.055366773	0.063790634	-0.006603282	-0.17438027	0.20774056	0.0939759	-0.16044389	0.03744995	-0.24077678	0.08354453	0.19863012	-0.3756928	0.13657881	-0.15350865	-0.048747707	0.18716945	0.068151966	0.110364944	0.1415748	-0.17312494	0.11715982	0.04184941	0.046335794	0.07261844	0.16771218	0.16005132	-0.2554818	0.10259177	-0.2748937	-0.120227985	-0.26371616	-0.13964824	0.002843313	0.17714652	-0.1805846	0.014898693	-0.19892164	-0.12004431	0.24626857	0.19633152	-0.026031947	-0.021156281	0.18629758	-0.09687355	-0.10331004	-0.019632895	-0.07605293
0.18405348	-0.064156905	-0.10194722	-0.16199094	0.13195752	0.046907783	0.2128315	-0.0043078437	0.19580092	-0.23047867	-0.20232296	-0.18144797	-0.16911322	0.2518771	-0.0033075162	-0.10249743	-0.13659742	-0.073008806	0.15317573	-0.14935143	-0.04743304	0.107476994	0.13592932	-0.20008197	0.043524977	-0.15137042	0.20719142	0.047410965	-0.057223648	0.0100922575	0.013328274	0.10291784	0.12020843	0.07568605	-0.095696904	0.097312026	-0.21271832	0.12920198	0.065919496	0.16636468	0.1878975	0.14957082	0.059957605	-0.17055129	0.11356282	-0.28457707	-0.20685747	-0.29421645	-0.31417015	0.10497215	0.14211167	-0.043463297	0.10618287	-0.21459596	0.028863916	0.09668556	0.21214439	-0.0914057	0.04022762	0.037830457	-0.19039872	-0.042423572	-0.24260184	-0.024714451
-0.38410106	0.08314291	0.06403205	0.14104092	-0.28065693	0.15771192	-0.20542456	-0.2777845	0.08222433	0.27648535	0.07021174	0.29783744	-0.18332964	0.031351548	-0.1423024	-0.28322753	0.3764315	0.35410792	-0.3605355	0.09924701	-0.32623315	-0.11582402	-0.31280184	-0.039407622	-0.31041223	0.14727144	-0.23629087	-0.089994214	-0.3406978	-0.2295061	-0.11527055	-0.14731203	0.03340088	-0.2969409	0.19900116	0.083590485	0.33727852	0.07491925	-0.377015	-0.33382717	-0.17588082	-0.04466709	-0.12420679	-0.19264162	-0.27447906	-0.17060351	0.34470385	-0.21865971	-0.027136015	-0.2678525	-0.13382356	-0.21367714	-0.18187645	0.03341986	-0.11926315	0.114356644	0.07679642	0.41436136	-0.19478203	-0.021818813	0.3043456	0.36407983	0.06527531	0.029715931
-0.14194772	0.04658438	-0.07442035	0.122368835	-0.16823703	-0.21808487	0.060499996	0.1077496	0.14584887	0.1246821	0.20234008	0.12593527	0.033800058	-0.17003506	0.024886971	-0.03767698	0.03907113	-0.10920869	-0.03490248	0.21125321	-0.083679445	-0.057113152	0.09257333	-0.100640796	0.10622022	-0.050751634	-0.11414966	-0.014514468	-0.1269874	0.075130306	-0.1846511	-0.17255703	0.16352771	-0.027064959	0.14690821	-0.21142328	0.10271314	0.11506465	0.010013908	-0.07652184	-0.20977561	0.059131086	-0.002971716	-0.115110986	-0.118639365	0.14283992	0.11973741	0.15562767	0.08537263	-0.17770256	0.0073531745	-0.033271052	-0.09996287	-0.08299341	-0.20830107	0.15664579	-0.1376585	-0.117372006	-0.109210745	0.23183227	0.12107673	-0.058537368	-0.0033669674	0.06474358
0.3499626	0.47536233	0.5063938	0.4342909	0.27531704	0.42856354	0.3229094	-0.4249641	-0.43809536	-0.039860222	-0.41372946	-0.20001607	-0.38145268	-0.50458616	-0.45253888	0.377773	-0.06899011	-0.017804176	-0.017523492	-0.30713886	0.19468683	-0.47917023	0.15143588	-0.077171534	-0.41814506	0.34472865	0.047378458	-0.44141978	0.36799535	-0.36957672	0.33513403	0.4072899	-0.32173678	-0.36032796	-0.3399372	-0.41423878	0.24601583	-0.38833678	-0.05280615	0.18540458	0.2417771	-0.30113617	-0.51899785	0.3758772	-0.056848194	0.30103594	-0.094683014	0.048875198	-0.2119135	0.28556156	-0.5056119	0.35167482	0.07494363	0.2675943	0.29753563	-0.423711	-0.55042285	0.20703581	0.12781592	-0.41897598	-0.13402681	-0.077170014	-0.36390385	0.4747206
